clean_text,category
#vwll2009 Would one of the VWLLers want to add this event to our Ning?   http://bit.ly/BF5sh  Would much appreciate that,1
Teaching people the beauty of twitter,1
I see,0
Summer/ Yet I have to read 6 books.... 6 LONG books,0
NO FREE WIFI!?!? My vacay is ruined!!!!,-1
On my way to the burial,0
I`m going to ask Waldi. I hope he makes a new keyword for me,1
Haven`t used twitter in awhile. BGT!! DRAWING!! SUMMER!! FINALS,0
Fuuuuuuuudgeee I burned my finger with oil! It hurts,-1
ugh i wish this school year would go faster so i can move on in life,0
Jonas brothers concert  was greaattt,1
I`m sure all you people with hangovers will be glad to know I`m hangover free   hope you`re not too fragile this morning!,0
May the Forth be with you... ha yes... Today is my birthday  Star Wars day... Aren`t i lucky you star wars Fans?,1
My dog died today. We had her for 11 years. I miss her so much.,-1
Borat was so less ****  http://bit.ly/iZkab,0
Wishing all MOMs a very Happy Mother`s Day!!,1
I need to play inFamous... Where`s a free Blockbuster rental coupon when you need one? I miss that Coke Reward,-1
Working 930a-730p today. 1.5 hour lunch..8.5 hours work. Overtime = good. The fact that I`m already dead tired = very bad.,0
school and the guy i like was talking to the girl i cant stand at all!!  ppl are just sooo...ughhhh!!,-1
Less than 99 days til warped tour.,0
i wlda seen it wit you! dummyhead.,-1
I was rooting for Betty.,0
Feeling like Romeo and Juliet with Bryant and Wallinwood as the Montagues and Capulets...   #fb,0
poor bella is in the ER with her first and second ear infection since both ears are infected. Her screams were blood curdling!,-1
so sad...sorry to hear that.  She was a sweet dog.,-1
reeeejuvinated  and bored as hell.,0
awwww jim jam  we`re good at dodging meatballs WOO,1
glad you liked the quote (Integrity...) - it was in one of my more productive moments,1
Just got up thinkin about how weird it is w/out our dog,-1
time to learn another language?,0
is having a cuppa and chilling... i lovebank holiday mondays,1
did you run into someone I know this weekend?,0
I WANT RED CRUISERS!!  i don`t like the other ones. LMFAO!,-1
Morning Ali a big thank you for yesterday love you always xxxx. You out on the bike today? Don`t forget to get a helmet ok,1
Ed is awake! But Andy doesn`t feel so hot so she`s still sleeping.,0
_pax goddamn   that **** sucks *hugs*,-1
Has been underpaid  just when i really didn`t need to be as well.,-1
did you have an amazing time?,0
Yeah ! I downloaded her whole album. :'> THE FAME ! I miss you taking care of me  Hahah !,0
Yesssssssssss! A rocket to the moon is  going on warped!,0
Little bottle jus for me   http://mypict.me/FLC,0
has to do two 50 page assignments this weekend  there goes any chance of relaxation!!,-1
Eeee! Hiya!  Haven`t spoken to you in ages! How you doing? *enormous hug*,0
Suspect tax-man is at fault....,-1
My legs are killing me now.  but i know it`s a good pain all in all.,0
Where are all you Motivated/Determined/wannabe sexy successful young professionals!??! I might really have to join a BNI if there is no1!,1
Still in the News Room..however; with audio to turn around!  Just grabbed a tea. Looking forward to after 1 when I get out in this rain,0
bored out of my mind,-1
Thanks for the mascara input. It`s appreciated.,1
Fkkk at the nurses coughing up my lungs,0
Sweeny Todd is deadset one of the best movies of all time,1
what do you mean jorx?,0
That`s good to hear - morning,1
that little girl on BGT! how sad! i cried  lol xxxxxxxxxxxxxxxxxxx,-1
I love it when it rains on me when im golfing,1
Happy Mother`s day mang!!! thank you and i love you,1
check out q100 right now..99.7,0
My stomach effing hurts. Sadly there`ll be no gym class this afternoon,-1
_Forward Poor dead Josh.  http://bit.ly/JKpHn Please leave your messages of condolences there. #boy #rip ||| That`s sad.,-1
home now and added a few more Grice`s to my list,0
http://tinyurl.com/64ozr7 :: from Ate Kaila Ocampo  of the.rainbowholic.me&&eerie-silence.net,0
I feel lost...  I keep running (in my head) from staring faces.. haha. basically:Headache & eyes hurt,-1
ahhh yay! I`m getting into it. Knockin` a lot out.,1
when are u gonna host Saturday night live!! i`ve been waiting for like 2 yearsssssss!!,0
schoool time. not doing much this week.  about 20 more days of school and it`s time for NYC!  can`t wait for the last day of school.,1
yay .. sherbert and chocolate ... very nutritious,1
My paradise fly catchers abandoned their nest....  they are starting again... but it`s gonna b tough,-1
How I wish I wish I did not eat that....burger.,-1
that`s meAn,-1
Went to the vending maching to get Bugles. No Bugles  Perhaps it is a sign that I don`t need the snack anyway.,0
I am back from the best party ever,1
Its already hot outside...  thank goodness my car has amazing a.c!!! cyalater!!! off to work!!!,1
Mourning Venus` Third Round Loss....,-1
__diamond brown but it looks black  at least its not red cos it would have looked like a period stain :/ <3,0
is sitting in the marshall center w/Mina. Some1 must really not want me to go to the gym..this time i lost my wallet n w/no ID i cant go,-1
has on music at work today its so painful,-1
you mum sounds so humble ! what a sweet thing to ask for,1
oh that was said perez,0
call me later so i can tell you all about the weekend. Easier over phone.,1
aww sweetie  you could always take a break and read or write something happier that`ll make you feel better,1
lol awesome i have randoms following me,1
he didn`t know there was going to be a test,0
I would be scratching ma head toooo,0
Heading home after a long week. Wish someone onther than marketers would follow me,1
Tomorrow is house shopping...,0
I had an account at a local comic store that I ran to 4k  at one time,0
At the Spoke Club - fell in love with Tom Arnold all over again (not Rosie`**** definitely different)... Lucky moi,1
OK! Oops sorry,-1
rofl uh huh,1
indeed! we are trying to get it in the Trending topics for the fun of it  all Some Twilighters idea!,1
time to go to bed... and hopefully wake up to a better day  niiiiiiiights yall,1
http://twitpic.com/4jgro - me again,0
The Barry Gibb Talk show!!!!!,0
it was actually so hot today ..the sun has got his hat on . every one has got a tan except me,-1
I`m a new french girl in Twitter! And I speak English very bad,-1
yeah the weather ruined my plans too  i was gonna beach it up as well,-1
i might have been a child but i was NEVER one of THOSE .....and i`ve already apologised to you for it,-1
hhahaa!    its well strange just woke up to an empty house ahah  lolllllyyyyyyyy<3 love that dog,0
Happy Mother`s Day! Justin Timberlake`s version a mother`s day gift.. http://bit.ly/6fGxd  -- too funny!!!,1
zombie wrangler sounds like fun. I don`t have halo wars.,1
looking at all my old myspace status` oh mann. Skyrockets in flight! afternoon delight! AAAAAAAAfternoon delight!,1
Watching Ellen Love her!! then doing the dishes  and tanning ...it`s gorgeous out!,1
I learned the Hoedown Throwdown!,0
waiting to go to the movies later for my 6th month. booored.,-1
working from home and ran out of coffee!,-1
tired and all i want to do is play random songs on my gitwar but i have to do my drama essay.,-1
and dont tell burnsy - but no comparison between the rocky mountains and mountains in enlgland,0
Oh No! Oprah jumped in front again,-1
My mum loved the Camp Rock mothers day card I gave her. I knew she would. Happy Mothers Day from New Zealand! Haha ILY lots  ****,1
awww hes too cute!!wish i could`ve gone,1
sittin on d bed about 2 fall asleep,0
No I haven`t had chance to watch that yet...going to have to get hold of it.   Thanks for the tip.,1
so see you on my birthday visit me  haha why wack Saturday ?,1
Awake. Suprisingly. Couldn`t get to sleep last night so gave up and pulled an all-nighter.  How are you?,0
I hate that I am so stinkin tired everyday!  It`s so hard to get up...I thought I was supposed to start getting energy back now.,-1
is work next door sucking again,-1
but i know i can`t,0
o snapppp look who i found on twitter lollll,0
Oh no adult school again,-1
heading off to schoool. going to have a good day. i just knoww...,1
Dinner with the parental unit is always grand,1
oh that`s Star Trek  going on the 7th already. Woo!,1
_O Awesome! My family owns it...The Flowers.. and we love having your kids there! They seem to have lots of fun!!,1
Trying to look up Iowa State Fair Art entry information. Hope to get a piece in this year and maybe win something or get noticed.,1
enjoying the great sunshine.. from indoors.. I don`t feel good today,0
goodmorning/night to you too! sleep well,1
has had AWFUL hiccups today and now can`t fall asleep because of them,-1
Waiting for the bus back from cripple creek to pick up the twizzler town seems kinda quiet tonite    *rolynn719*,0
goodnight!,0
10 Cutest Cat moments video - http://shrt.st/4ce - enjoy,1
congratulations ! you guys finish a month early than we do. booo,1
Happy Birthday tooo meeee... Happy Birthday tooo meeee...,1
Nooooo get on now! Haha i`ll be gone later,0
for the whole time ?,0
Also with the not driving part i could afford a laptop. Also living with a roommate i would save even more,1
time to hit the study notes! prep for friday`s exam!,0
My car is in the car hospital for the nxt 7 days  I gotta go pick up a loaner car b4 6! Bein without wheels 4 7day will set me back heavy!,0
is off to RENT soon  Hope I can get home tonight though with all the train problems :s ...,-1
Just shot my new .22 rifle!  The auto-reset plinker target I built in shop class works great!,1
good luck with it..Do well!! My best wishes are with you!,1
- OH FOA REAL.? I DIDNT REALLY KEEP UP WITH WHAT WAS GOING ON. TOO MANY DIFF STORYS N STUFF HEY.  WISH HE NEVA DID IT!,0
Will cook a sumptuous lunch today,1
Changing my online nickname to mtaby (which will hopefully be my uniqname as well)...hope the change goes by well (domain is available  ),0
Itt`s the BIG TIME Saturday night  Playing Canasta then a movie then...Psych homework?  Stay shiny and love everybody!!,1
James and I battle over everything too! It`s kind of a love-hate relationship,0
: aiaahh.. poor u  tell ur mom already?,-1
contemplating when to hand in my lovely car,1
um...how long has it been since you slept?? startin to worry over here.. well i hope you are having fun... lots of love to you,0
those workmen extending R block can`t start this early surely.. its 7:45am and already they`re making a racket and woken me up!,0
They`re for my mama  I always bake late and get worried that the mixer is gonna bother people.,-1
walking back 2 wk. Its a beautiful day. had 2 njoy it b4 it rains,1
Good Morning Everyone. !.!. Time for work,0
oops. Cy`s place is too near. Trouble for me.,-1
what was said?,0
that sounds foreboding...,-1
I am lost. Please help me find a good home.,-1
_brads i`ve finished  lol,0
Why don`t adobe realise no one WANTS to pay for Photoshop et al so they should just give it to us for free,0
I want to play parachute games.,0
I have trouble updating!!!,-1
no FF tweet for me?,0
i have a weird subconscience. i wonder who will i dream next,-1
I ran over a turtle.,0
awesome. Wha`dya get her?,1
i won`t make u cry,1
morning twitterbugs...nothing like a loooooooooong lie-in!!,1
can`t upload a picture. I already hate twitter,-1
doesn`t know what to do this evening & is D R E A D I N G work tomorrow  it sucks.,-1
goodnight all in the twitterverse,1
we were close to trying all of them! SO YUMMY,1
my keys were cracking and ****. I kind of miss my old phone already.,-1
chillin` with Kealie.,0
My best friend is coming!excited,1
_Doll Yes! I live in Milwaukee and would love to attend a closing talk,1
I LOVE YOU GUYS! get your **** to australia in december for my birthday,1
I didnt get his  tweet,0
com`on dude always think that things can get worst,-1
http://twitpic.com/4jcjj - Boagsie actually is still this small lol - him at 4 years old,0
said final farewells to roommate.  almost finished packing then it`s dc or bust on the 3rd. california: i divorce you x 3!,0
will be lonely for 4 days because  will be in baguio.   http://plurk.com/p/x2apl,-1
bugger didn`t know that  shame people have to stick there nose in!,-1
aaa new follower! hiii,0
Bed. Church in the morning. Happy mothers day,1
omg I`m so sorry to hear that!  If you really need to talk to someone I`m always on here. I`m a shoulder you lean on,-1
Morning Tweethearts! Now home after traveling 302 mi.thru 2 states & 2 faires in 3 days. So inspired! Ready to write as I enjoy coffee.,1
im cold  i still cant find my hoodie,-1
live long and prosper  #fb,1
i don`t have texting.....,0
Goodnight.,1
Rejecting all food substances.,-1
_skies miss you too :`( it is!i never want to come home.....seriously,-1
Oops spent too much already lol 50 quid gone,-1
that wasn`t nice,-1
im back on twitter.,0
I miss you too!!   And don`t say 'damn'!!!  lol,-1
Feels all kinds of not so well right now,-1
Watching Jeremy assemble jr`s new radio flyer bike!!!  Jr is sick with 100 degree fever  taking a nap.  This will cheer him up though!,-1
JoBo`s tired of getting off work at 7,-1
It just hit me that I am leaving conti...     boooooooo..,0
I`m doing all of Russia today! Because I`m cracking on with Economics tommorow  I`m retaking aswell :/,0
soooo jelous of you right now,-1
NOOOOOOO!!!!!!!!!!!!! why in july? im gonna be back home  NOOOOOOOOOOO!!!!!!!!!,-1
I`m not sleeping at all until  accepts my appology,-1
Ohhh mannnn they just laid off 3 girls!!!    This economy has to improve soon!!!,0
@_HarryKim OOC:  It`s okay.  Maybe our schedules will work out soon.,0
phones about to die  ttfn!,-1
Forgot my power cable at home today,0
_mactastic I dunno ;p How`d I end up waking up at 2 am? It`s a mysterious world,-1
i know! i just got off the phone with them. it will leave a Giant hole on Mill. + Regions also closed.,0
is listening to 'La La Land' i love it,1
that`s sad,-1
ahh i wish you guys would come to a hot topic near me.,0
_Neith James just doesn`t take a bad pic! Colossal loveliness! (wondering if I spelt colossal right...),1
http://survivingtheworld.net/Lesson5.html << I chose the wrong career,-1
yep... i think i might have just made the decision to go head first...  we may be witnessing a historical moment... real talk,0
At least it`s Friday...working `til 1:30AM,0
Excited! Double Bio today.   I don`t have a straightener and my hair looks horrendous at the moment. Wtf am I supposed to do?,0
got it. Welchs grape too please,0
whooop! you got me on twitter!!  dang our line of communication keeps growing!,1
well atm anyway i`m only managing cos i have no musical talent ps horrible thing to say bout rove,-1
wish i didnt have to go to work tonight,1
Getting ready for week  Its too nice today to be stuck inside working!,1
Def wants to cuddle it out maybe play but has no one to do it with the bc is far away,-1
sorry dunners just saw your tweet! totally let you down im so sorry babe  was at work till 8.30 very boooooo,-1
what interview! leave me alone,-1
just got home from work.... and is chugging down a big bottle of apple juice.,0
May the 4th be with you. Happy Star Wars Day!   http://tinyurl.com/cjamjt #starwarsday #geek #dork #fb #awesome,1
Wants to go sit in a park but should really be painting the bathroom,0
my heart hurts too.,-1
Yeah! Thanks! I`ll be back in soon to see what ya got!,1
Nite. Now I`m up n bored as opposed to almost sleep frm b 4,-1
On our way to St. Martin!!! Vacation for a week,0
i need a job that can pay off all my hospital bills. i have been very sick lately.,-1
i changed my mind dammit!! a Tsar can change his mind at any time without no prior notice,-1
looks class the water splash looks so real  looking forward to my review copy ;),1
has some bad newss,-1
the week just wasnt the same without an adam lambert performance!!!,0
Kyneton for breakfast this morning at Slow Living. Noice. Such a beautiful sunny autumn day  Drove back to Melb via Daylesford,1
decided that wolf in a future Star Trek Logo game would be much cooler than Chewy in Star Wars,1
Hi to you too.,0
I know!  I loved it.,1
http://twitpic.com/4jjy9 -  This morning view from my back deck,0
i loooooove bank holidays,1
awe thank you!!  good morning to you aswell!!,1
Good Monday morning to everyone- Hope everyone`s week is off to a successful start,1
bored...disgusting weather..bored..sooo bored for my last weekend here,-1
why yes ... a bag of goodies  lol,1
watching because i said so! happy mothers day!,1
u don`t know harajuku lovers?,0
- had a great time at the `block party` - so did mackenzie,1
unfortunately I am stuck at work so I can`t get said prize,-1
i know!  i wish she would. I just wanna cuddle and sleeep in ga! And go to the world of coke,1
It`s a date!,0
that sucks mama,-1
_Bloody_Poet  Bad friends! Sorry to hear that.,-1
I miss the Air Canada Centre and Andy Frost...,-1
1000 = make sure it has the word poo or balls in it  Underbelly DOES suck balls... I gave up on it in wk 3.,-1
because I just lost my first Field Notes notebook 6 pages before filling it up!! RIP  #fieldnotes,-1
thanx 4 thee follow,1
congratulations,1
happy mothers day... *i love you mom...*,1
Engaged May 1st to the best guy  I could not be happier! I love you Jay!,1
does it mean you will b going 2 bed earlier on Mondays?,0
just watched that  new T-mobile advert on Youtube.. i love it  'hey jude!!!!!!',1
Laying with lyndi on drive way. Drinking tea. Listenin to music. Takin pictures. Just a Chillin.,1
i HaVe 2 Get OuT This HoUse,0
oooh harlow is so sweet,1
hey there! your web URL looks good,1
DIVERSITY DIVERSITY DIVERSITY TODAYYYYYY!!!!!!!!!!!!!,0
Omg I can`t believe jay leno is going off the air,0
my sidekick is awkward flashing. oh well. leaving my mommy out her flowers and stuff,-1
Hi jonas brothers  you came to argentina la otra vez,0
I  do not want to work tomorrow!,-1
I just want  to Sleep.,0
My poor poor mouth,-1
Ahhh I`m engulfed in shooooes. Who told me to buy so maany **** shoes,-1
was there going to be a recording of with the needle that stings in her heart on youtube or something? i missed the stream,-1
on the way to nanny  school starts tomorrow! one step closer to being a teacher!,0
it is so sad that me and my roommate fry chicken just about every night @ 330 4. We just finished tonight`s batch,-1
lol. your tweets are always fun to follow  Never a dull moment with the Kulps!,1
did you really just call me Ma`am...wow that was the reality check of the day  lol,1
Negghead mix on the air!   http://tinyurl.com/ckdwao,0
i hope you hoes are having so much fun...not TOO much without me though lol,1
1/2 day tomorrow  carla coming over after school.,0
Elena left this morning. Nine months spent living with her and now it`ll probably be about 2 years till I see her again. Hmph.,-1
More big hair rock for bank holiday Monday always seems fitting IMO  ? http://blip.fm/~5jfuu,0
on a day like this...,0
Its cold,0
http://tinyurl.com/ry9wap Hi!!! You are pretty man... I cant upload more pics here for some reason  You wrote you wish to find a women ...,1
At work...Thinking about things when I should be working,0
nice,1
If it makes you feel any better.. My Saturday night is lame as well. I heart you,0
@_AlexaJordan sigh. come to Sac please. it is the Miami of the central valley.,1
Good to hear  I have a feeling though the `behind the scenes` and/or being there is better than what is shown on TV!,1
night honey..see ya tomorrow,1
Going to work.  Could use some happy pills,1
I think the UPS web site hates me now. Still no Brewing supply package.  Held hostage at work by slow UPS delivery,-1
Go for it!!,0
I am so sorry I missed your tweet  I was on a nice long chat across the border with pastel. Did you want the recipe? email?,-1
twittascope is NOT rocking my socks - go away already!!,0
Not feeling very well.,-1
waiting for the last video to be rendered. while watching episode 11,1
I love you Thomas.I will always respect and support your decision.and I`ll miss you  but you`re gonna do amazing things <3 you,1
I was kinda looking forward to seeing Seann William Scott in the office today,0
making margaritas and about to watch Milk. Good times,1
On my way to school!,0
checked and commented,0
when i fell on my **** today i ripped my blue volcom boxers,0
I just dyededed my hair,0
No plans tonight? .............,0
I can`t work out if you`re into diesel or rice burners.,-1
Summer makes me feel ugly  all the pretty people are out showin off their good genes  **** them to hell!!!,0
Phone power is dying!,0
Yes we did!  Thank You!!,1
Don`t really wanna go school on Monday to be honest,-1
naw...I`ll keep you in. Turns out you have the odd nugget of wisdom.,-1
left.  so sad. waiting for mom to come home. want to have papa johns for dinner.,-1
i love you but i can`t call you cause i live in argentina  really really love you mitchel!,1
Note 2 all twoloers: neva stay @ a candlelight suites shower is slow and the toilet sux and the bed is tiny!,-1
So bored in chem n im super hungry! Ugh,-1
lets go home,0
is hittin` the ole dusty trail w/ Miss Morgan.,0
Whyyy am I still awake when I have to work at 8?! This is not good,-1
hope ya sleepin well  guys still here,1
Listened to it again coz you reminded me. This is so depressing.  ? http://blip.fm/~5joo9,-1
do you have a password for the San Diego show? Mine is not working,0
hi eric I hope your having a beautiful Saturday,1
Ohmygosh. I KNOW. That would make my night for SURE. lol.  Goodnight!,1
oh hahah thats ok then,1
WHAT THE HELL IS GOING ON?!?! Last night and this morning SUCKED... More moving tonight.,-1
Just saw the Toy Story 3 trailer! It`s about to get EPIC! Woody taking L`s once again,1
Wow it`s definitely Friday- the gym is completely empty! What to do? I`d like to play the wii but I guess I`ll vacuum,0
yeh. merch shopping to look fab.,1
correct! I ADORE him. I just plucked him up and put him under my arm cuz he was cryin.  All better now! Hahaha,1
_another_1 I love that we just get a little peek of your dimple,1
Mom has left... again,-1
Thanks for the follow back,1
while you awake ?,0
Mango Medley has yummy mango and mango ice cream!,1
the tummy monster hates me,-1
I always feel guilty about it,-1
we should definately be in Paris that week. if I get a job we most certainly will be,0
starbuck,0
the iphone,0
About to dye my hair and do my nails,0
thank you  make sure u read the groups description to better understand this project,1
I had a dream about a pretty pretty beach and there was no beach when I woke up,0
supposed to be great weather today & 2moro; just my luck Im stuck in work 1-10 both days!,0
Sooo much work so little time,-1
Haha. I just won a $1000 bet. I settled for $100.  Not bad.,1
big day 2day the xt launch was amazing! so much free stuff thanx 2 the edge and telecom! found the phone i want...cnt afford it yet tho,1
had an awesome time with  and,1
braving the standby line @ TheView bright & early today!! hope to hear about your book & hope I get in! 3rd time`s the charm,1
: Where are you?,0
Show 147 in pre-pre production ....... a bit behind,-1
New baby arrived yesterday. A fab baby boy at 2.8 kilo  Very proud and happy,1
they are having a closing down sale !    does not look good.,-1
Doing uni work all weekend. Fun times,1
What happened to my early night? Am about to turn into a pumpkin,0
i was so close to the tacos...one spot too late,-1
i dont feel good! sick to my stomach,-1
at Shriya`s,0
Experiencing pain with paginating ASP.NET ListView controls,-1
Goodnight is not on the trending topics.  lol,0
LOL I can imagine you doing that. Ken said to let you know he agreed with a gazillion percent of what was being said.,0
i got a messgae but it didnt work cause i have a text saver not like money credit  im sad now. wat do i do?? xoxo,-1
seeing the gf 5 days in a row for a few hours each day is amazing-just wish the location wasn`t a hospital,1
I got you today,0
going to see star trek with my babe  im actually excited about this hah,1
Good morning!!! Who wants breakfast??,1
again thanks to my dear neighboor who also gave me coffee when I needed it. She is the best,1
done with facebook. off to jamlegend,0
still can`t believe all of the gig posters in the Little Civic have been taken down!?,-1
Lovely morning to cycle to work but met with a 29 degree office,1
Aw  *hugs* Sorry man.  If I were rich I`d buy u a ticket NOW!,0
Looks like my Twitter is down,-1
Thanks! I know.,1
ha im so glad it stopped raining.  my umbrella broke today,0
awake.  school. ew. but i put on some nice lotion.,1
Blackout in the city is never good,-1
oh no!  i`m sorry. at least you`ll still be able to buy regular tickets and not worry about limits?,-1
Watched Wolverine yesterday ... a spur of the moment kinda thing. Awesome! So proud that a South African director did that,1
At Home Depot and no one will help me load my plywood into my van for some reason.,0
i have runny nose... i can`t breathe.. terrible feeling...,-1
Sounds like you won backstage passes,1
May the fourth be with you,0
Watching one of my fav movies Sparkle  + go get food later!,1
seriously. increasingly good nights. stoked on life! couldn`t be happier  #goodnight,1
I used to be - but that was a while ago now - your argument is pretty sound for a trolley pusher,0
Omg going to die of swine flu when I go to Melbourne,-1
Burnt from the lake,0
... I think I`m gonna fail aswel!,-1
Fuccin bacc hurts now. Just dragged the long blocc on a piece of wood. From the corner to in my garage.,-1
its Gloomy in LA no sun  but its nice,0
Having fun  With my friend !,1
Back again. Almost the last haul.  - at Wagner`s Casa in Bend http://shz.me/5ke,0
The fever`s gone ... Thanks Jen!,1
Well hopefully I`ll see you both   at the conference,1
whohoo!  Erin just got accepted to Ottawa U nursing school at the Algonquin Pembroke campus.  I just may get my girl back,1
hates not being able to see his monitor. I have about 25 minutes before the sun is not blinding me,-1
Aww how sweet,1
i want to cry,-1
Quaver Sandwiches  and tea.,0
lololol i love kenan and kel its rocks soo hard and im watching it now..right now.,1
really not feelin well...,-1
I certainly know the feeling. Wesley is sleeping and I want to go get something to eat but I only have $4.38 in my account,-1
people in my house do not know how to close doors,-1
That`s for sure. That`s why I intentionally turn my thought processes to the silly,-1
I wish Joe Bidden was on the train with me.,1
hi my name is Chelsea and i respect your opinion when it comes to dwts. you were great on there too!,1
hi beautiful! How`s it going?,1
I would of won that contest if I weren`t to have chickened out,-1
oh I`m sorry for that. how old was your grandpa?,-1
Writing Mother`s Day cards for my mom and gran...  hurray!,1
Suddenly I remember all the memories with him  ohhh please,-1
yeaaa!,0
Beer pong and dubstep. Good nite,1
welcome to the family new pillow  im going to lay my head on you tonight!!!,1
what a great day,1
is working.   I am so happy my job is a radio and not anything physically exhausting....,1
We*d Man On His Way     Yess!!    Time 2 Wake Up 4 Real  lol,0
Well there`s nothing to do but to keep swimming. You`ll get there eventually,0
Thought you might be interested in  http://tweetphoto.com. See who`s viewing your photos!,1
UNC budget  cuts may rise to 18%   http://tinyurl.com/mdm5tp,0
whats up rick??,0
Off to Nanaimo 2day... missing my son already and i havent even left yet,-1
yeah me too.,0
Migranes suck....Especially when the kids are suddenly hyper.,-1
Last night went really well. Got some cracking shots,1
/ happy mommy`s day,1
If it makes you feel better I lost 10 overnight cause I posted a picture of a baby,1
thanks so much! we love fanmail  talk to us anytime,1
wishes he can just call her.  blah. it used to be so easy to move on. wtf happened?,-1
responding to more questions at Thou Shall Blog! I appreciate this community.,1
She doesn`t believe spending many (many) thousands on a perfect wedding makes a happy couple.....A happy couple makes a perfect wedding,1
They should add Dunkin Donuts to their menu too.,0
I want it to be Wednesday already so I can hurry up and go to New Zealand so I`m busy and not sitting here bored and stressing,-1
had the best weekend,1
aww.. thanks bro!  glad I got u active on twitter!,1
It was indeed a lovely evening. Over far too quickly  I got home at 1115 in the end. Coffee in bed this morning,1
Im not bannished... but I am at work till 6,-1
was gonna go to my brothers show but still feeling like poo :**(,-1
at least posada had a good ab,1
Just watched Star Trek. A+! That was so well done. I think I`m down to see it again. Who wants to join me?,1
babysitting kids who won`t let me play wii with them,-1
lapit na ko magout. lapit na fated to love you.hehe  http://plurk.com/p/rrj4e,0
I miss my neice  can`t wait to see her bad n grown ****! Lol,-1
I love my puppy,1
converting the Armin Only - Imagine concert for my iPhone... fun fun,1
thinks lamb chops would be really nice right about now... or maybe some sushi  mmm.. maybe just an ice lolly cos its so **** hot!!!,0
I`m at work trying hard not to succumb to the 'Poor me' mentality due to severe allergies.  Boo.,-1
Up earlier because of a stupid orthadontist appointment,-1
Artwork at 3AM. Gotta get this portfolio done for MECA by wednesday. Meeting with milonzzi to review it then.,0
You can`t make it down to NYC at all when I`m there huh?,-1
I guess you`re not talking about Orlando Magic ! There was nothing magical about it,-1
is feeling sad  I so dont do goodbye`z!!!!,-1
Had one of the female servers tell her **** looks big in those pants. She will worry all night long Lol,-1
Good morning everyone  It`s a nice day #iloveitwhen the sun is shining. And now I`m going to write some stuff,1
good morning  tis a rainy Monday morning...blahhh!,1
its ok  saw u with joey thought u looked interesting like the same things on  #SanctuarySunday,1
is starting to love twitter!!! Facebook-detox diet is working great,1
Its so hard letting her go and seeing her cry.,-1
hmmm i neeeddd foooddd  nd is looking forward 2 playing with the puppy 2 day nd seeing lewishhh,0
looks like my ION-based mini-itx board won`t ship until mid-June now at the earliest,0
I feel sorry for male singers.  they are never gonna be as great Zac Hanson! Pooorr fellas,0
Twitter`s being mean w/ the pics lately! Stole mine for an entire day!,-1
We have tons of updates including pics of Rob from yesterday. Check them out  www.robsessedpattinson.com,0
I may be in the US for it in which case I`ll attend but if its off my own back I can`t afford to go,0
Good to hear..!,1
Hmm maybe I this time I really did over react and do the worst,-1
waaaaayyyyy too hot for that,-1
i am ****...**** you lucas at your czech republic beer that tastes like heaven in a bottle!! Your amazing,0
chili cheese fries a bad idea for lunch..,-1
going back home tonight,0
_tastic Great  cant you twitter from there?,1
you`re welcome Chica,1
hahahaha! i haven`t been out with my friends since sunday! i`m so lame,-1
Chillin at a bbq gettin my drink on,1
_buns awesome! thank you,1
I agree. I danced with my dad to 'Kind & Generous' at my wedding. HUGE fan.,1
i dont think you can vote anymore! i tried,-1
Mmm wasabi coated peanuts! Burns so good,1
_Anais I feel reeeally bad now.... sorry,-1
is feeling Fab today and missing my boo,0
ummm. no it didnt work so i guess im stuck with this uglyonee,-1
Oh no! I guess I`m officially a big nerd now. I heard the movie is great even if you don`t like Trek... and I do,-1
ah yes dropping the bear thing  it`s such a lovely day here! Very odd for stafford!!,1
the dates of the hockey games were confused they`re next week,-1
hahahahahahahahahahahahaha  that could be interesting,1
that makes me sad for you,-1
unfortunately I choose sleep over gym almost everyday  trying to get over it!,-1
make sure you practice your hooping today!,1
Was eating a tomato and it squirted all over me.,-1
oh  il probs do wt i do every yaer watch the first one then watch the last couple of weeks lol,0
I`m my mom`s company picnic at a Lake Elsinore Storm game. Oh the things we do to please moms,1
Totally just skid all over the road.,0
It will give me lulz from time to time.,0
kwl... nm this msn nd homework... but i went 2 c hanna montana hte movie yesterday **** happy mayday btw ****,1
Sometimes knowledge is not a good thing.    http://digg.com/d1sPp7,-1
http://twitpic.com/676hv - R.I.P Fristy just thinking abt her,-1
Was at Ruby Skye last night as well! Superb set by Steve. The last hour was loaded with Thrillseekers material old and new,1
good morning. have to get ready to go to the hospital and get a cat scan. best wishes to you.,1
I wanna be out in the sunshineeeeeee,0
_nl they`re bees that will be trapped into my honeypot,-1
eating organic jelly beans,0
god it pisses me off that i always enter comps & never win.I am such a sore loser,-1
Last 3 days of school....I`m sad but happy but anxious.....,0
great show today,1
Respect to  for the Heineken man bag  http://twitpic.com/4jdrg,1
_liv_lyf good to hear! Just in time for the weekend. I`ll be working though,1
Is a hot hell of a mess. I wish i would have gone to arlington for zeta!,0
well I hovered over the button LOL NOT - sleep well Tiff and you are welcome,1
that`s what i tell everyone! their food is the WORST! no one understands my horror.,-1
Thank you for the rec but that doesn`t work,0
I`m totally going to bed right now.,0
Goodnight!!!!!!,1
not feeling well at all today! ugh cant I just go home.,-1
PEOPLE!!! wat the hell is a follower on twitter???? I DONT GET IT!!!,-1
In denial about the moving van parked a few blocks away.,-1
Had a ton of fun w muffin today,1
Classic JT for a Saturday evening  http://bit.ly/LrzJr,0
waiting to go to 4th period to get the final over with. omgg im sooo gonna fail,-1
_petty I`m leaving community college with a bang!,1
AND I didn`t get the job,-1
gotta go! bye twitterland!  good night! i`ll try sleep. so that i will recover easily! still sick!  bye!,0
lol hopefully it`ll happen like next timee near the new album,0
so bored without a camera,-1
mary hates me again  i wana walmart it butno one wants to go,-1
_the_bear  I love  the names!,1
isn`t that a local dish? borrow,0
meet  - she is the Zombie expert i believe..,1
: Help Jen I had a Monster Energy Drink and now I`m crashing.,-1
may I please have a couple promo codes to your EA apps? Thanks so much!,1
_ i`m in bed sick atm-been sick since yesterday   hru hun?,-1
J Ross you can`t leave the killers still singing and run the titles - you should have been edited out for more music - happy - not,-1
I got me a little too much sun today,-1
I seriously need to find out why my laptop sometimes gets so hot. BBL after errands & pricing 'comp fixes'. Not many places left 4 that.,-1
The nocturnal serendipity... Kashmir is an important means to that end...,1
cheeks bakery just closed  crazy how williamsburg can support an infinite # of boutiques w/bad clothes and not one decent place 4 a scone,-1
Ugh.  Las #vegas airport is at a 'ground stop' which means I`m stuck in the plane on the tarmac (again) at LAX.,-1
Time to get purrtty. *wink*,1
Waaaaaaaa they kicked us out of the bank. Getting it until monday  OMG Chilito,-1
after pub lunch am now going to daughters for tea life is good,1
Addicted to Glee... watching the video over and over again....I should be out,-1
around...takin it easy tonight b/c i`m still sick,-1
The Oddo`s grandfather passed away in his sleep,-1
heyyy! how are you todayy?!,0
it feels like ages away! More than 5 months,-1
Sad that when fitness center reopens will not have our Zumba class anymore.  Just found out today on our last class before closure.,-1
It`s your inherent humility,1
we`re getting another puppy  ... not cool... really,-1
I hope your mom is ok?,1
love for vintage books...old books shopping this morning,1
loves the cancuks  <3,1
it is sooo hard.... truck and fish please,-1
Top cashier at work today! woot woot! now off to have a drink...,0
How it was slept?,0
Happy mother`s day all you moms!,1
the last song all american rejects.......... an amazing song,1
sadly awake. wondering about contact info for all of the fun folks I hung out with at the shop. YAY 23b!!! Miss you guys,-1
Guys... a serious question. Which song do you like most of all your CDs? Be honest! I know you won`t reply me  <333 Maria,1
http://twitpic.com/4phze - Awe! I miss my baby,-1
omg. cat had a hairball. awake now.,-1
I miss him  ARGH,-1
Nothings better than having to take a cold shower in the morning,1
You`re a real ****. I`m gonna slap you in public.,-1
Hi fellow Peruvian,0
Toris was SO fun! JB MOVIE WAS ABSOLUTELY AMAZING! and i had a good day at work!  YAY i loved the movie! :0,1
you may have to email the tech support ppl. that`s odd.,-1
Get you lol what time we eating id hate to be late,-1
i absolutly love kill bill vol. 1!!! I think lucy liu is sooo gorgeous!!!!,1
OMG I am @ the hair salon. *tears*  I hope I get out of here soon. We watching the Real House wives of NYC in here.,1
ooo thanks for the danger radio link  loves it...how did the test go?,1
traumatizing moment of my childhood. my dogs massacred baby bunnies and my brother and i got out the bb gun...,-1
lol yea im thinkin bday bash ! but everybodys lame wants to sit in the house instead of qo wit me  lol,0
Had a nice dinner with the hubby and now on our way home  45 min drive out of the city. *sigh*,1
made this for you when i got home from wango tango http://bit.ly/1UjzQ    what a wonderful day.,1
& i are lucas till & david henrie lovers. both boys are very cute  but  you can have lucas & ill have henrie  DEAL,1
6th street was amazing this weekend!!! The wedding was fantastic.. but im really really tired at work from the long eventful weekend,0
first time in weeks to see the clear blue sky,0
congratulations  were you being mindful through the run as well or / and listening to music?,1
Dreambears were **** compared to their wicked audition,-1
****. She got it on the first try.,0
I`m 25 in december that`s not good at all next big birthday is 30  after 21 it flys by for sure,-1
_pollard I have no denial for this because it is the **** truth,1
Thanks! It was really fun to do. I do love those 60s romances/comedies (though that one could have used more comedy IMO).,1
Thx for FF  #followfriday,1
In about 2 hours from now i will find out how good the STAR TREK Film from J.J. really is. A Ticket costs 9 Euro and i hope its worth it,1
Don`t tease me! I`m in desperate need of an adjustment.,-1
: i miss you,-1
kids will not eat salad so they getting crisps only salad for me and mr can make his bloody own,-1
That`s very funny.  Cute kids.,1
Blinded again,-1
http://twitpic.com/4jaz5 - Cool... luv it,1
aww im sorry im home now hope your ok  i love ya wifey <3 ****,-1
it was fun  Ate at mas.Thanks!!  Good luck w/ ur showing tomorrow.,-1
Isn`t MSN in this case a lot easier? Hahaha!,1
watchin what a girl wants with mom and brittany..,0
Freakin` frustrated why can`t my coach realize that times are hard ain`t nobody got the money to buy cookie dough for no new uniforms,-1
i guess it wasnt meant to be..,0
i hate history coursework sooo much,-1
gimme some ! i wanna try it   (Soulja Boy Tell `Em LIVE live > http://ustre.am/2UhS),0
Girsl night ! on my way to foam party  No sleep tonight !!,0
Daniel has won DSDS. His voice is great.,1
tom is not with u!  hahahahahahhah he`s with my bff,0
fresh prince and sleepy sleeps my nightly routine  gotta go to Dmv early tmrw,0
_Wesely he he   love it.,1
Happy imma get to see some lovely ladies,1
I want to be in love.......,1
i`m doing awesome! Rachel N had a bday party today  it was fun. Btw have you seen  Sam`s prom pix? They`re GORGEOUS!,1
girl you stay inviting me but not doing a follow-up hahaha... no phone call to check up on me,-1
sad   Miss my friends !,-1
Thanks for tweeting a very useful set of refs - I`m in the middle of adding them to a chapter I`m editing,1
ComicCon? That`s cool!,1
May 10 is Human Kindness Day.,0
Trying to find a foreign place in a foreign town  i have being lost,-1
You mean set up to start using? just jump in! Use the # sign with whatever word you want to use,0
Tell me about it! What is obvious in real life makes for great entertainment on TV  It is great to try and figure out the killer,1
PRETTY! I hope I win,1
I think he meant this pic - I don`t know what other one he might have seen! But really - this is as hot as it gets,0
My club card and picture and I just cured world hunger! And made of gold! This thing is awesome! Too bad you don`t have yours.,0
Flight to hurghada delayed 7 hours,-1
Definition of senioritis: Me. About to go to chem II and calculus. Not good classes to feel like slackin,-1
You`re welcome! It`s been a wonderful day  How about you? Stayin outta trouble or should I be ready to crash a party? LOL,1
Saw Fiddler with Topol! The girls LOOOOVED it!  Next month... Annie! 7th row! *can`t wait* Trip 2 the music store for Fiddler sheet music.,1
i knooow  its the pizza girl episode xD <3,1
short stack need to add some more short stack tv,0
i would be looking forward to seeing you tonight if i was going,1
the sunset view is SO beautiful from my room!,1
finds the hardest thing about being a Christian is to put God as first in his life.  I need help..,-1
ready for a day full of His presence  i`m expecting the best!,1
Oh noes!! Melted ice cream = do not want.,-1
not really sure. need to deposit and save some money,-1
studying math ) it brought my brain to explode,0
_henrie http://twitpic.com/4jbsq - looks so good!!  i want one!!,1
i dont want to be home all by myself all weekend!!!!!!!!!       what should i do?,0
Hello How are you,0
doing research in the library (the building next to that one) will help explain. and not just reading,0
It`s going to be a good week,1
FTSK and Mercy Mercedes were amazing tonight.. as always,1
is looking for a job,0
heeey heeey!   about to go read...,0
I miss you sweetie!,-1
dang i miss you  goodnight,-1
..people you love.... wait i am not there,1
Starting my 2nd shift! Im going to miss like an hour of the lakers game!,-1
yessir that is 100% right,1
--- has demi ever replied to you? Coz I haven`t got any...,0
had  a little family party tonight   hope it rocked,1
I hate when my bf beats da dogs. But I guess that the only way to teach these pitts.,-1
ew agreed,0
perky purple nail polish isn`t as perky when its chipped,0
thank God we finally found her!,1
I want my Katie.,0
my bf had to go to her dads for the week end. i will have 2 full days of bordom.,-1
Shower head broke while i was in the shower and shot straight @ my head.may get a welt later on from it,-1
haha FINALLY !!  hiii friend .,0
NKOTB world is the best place to be,1
Same here  Mmmm... Macrina Bakery.,0
Last night in Chicago!  Making it one for the record books. Wrigley most likely? See you there?!,0
deadlines!,0
Yay! Go wyattt your totally amazing`!`! Im So happy for you.  yay,1
Step-by-step I`m leaving it all behind,0
ha ha  thank you!,1
Morning.. Coffee and fresh air,1
my little felted thing looks like an incestuous by- product of two of your lovelies,1
Can you get me a sub from subway when ur on your way home?,0
(duh typo error) part 2: social networking??.. there isn`t even room for people,-1
enjoying lazying around eating roses chocolates  x,1
Right now on my Justin.tv channel: 10 weeks until my gf has a newborn  www.justin.tv/kubbur?20,0
It`s not now... Nor has it ever been Weigly North!! Have avoid drive home!!,-1
Pfft. FAN THIS *helicopters imaginary penis* ....  HI DRAKE! WELCOME TO THE REAL WORLD!!!,0
Going home. Hope one of you out there saw the play.,1
In the emergency room with my cousin. She`s got mad flu and can`t walk or breathe.  Why are hospitals always so cold?,-1
school and work that`s it really. what about u? still in sac? or am I a tittle late,0
closeness or distance? closeness... but now everything seems so distant...,0
why you stop following me? Was I not cool enough for you?,-1
So nice to go into the bathroom and not hear the sound of gently running water,1
i`m freezing in math class!,-1
school for a bit. glad jake got the day off,1
sick girl!  trying to shake this thing off but no luck .. How are you miss long time..,-1
Watching Ryann!!  Gonna be a grand day!!!,1
I know.  Sorry.,-1
*waves to make it all OK again*,1
yeah...she passed last week.  so sad!,-1
well i`m a little bit sick but i`m fine,0
Sunburn is not as fun as I remember,-1
Father is staying home and conference calling. Sorry,-1
_ yeeeee  Haha. The funniest thing is when dudes that cant ball bring their hot gfs along so they can watch them get murked!,1
Aww I feel bad for the lil ****. He look like he know what`s coming,-1
Swolen as shitt  boo hoo,-1
got an ear infection...man that **** hurts!,-1
Didn`t bring connector for camera on trip...saving new photos will have to wait another week...,0
listening to music  was kostet der fisch ?! xD my mathsteacher has choose the wrong job... that`s wrong grammar but a real fact !!,-1
insomniac over here as well,0
just woke up with a cat in my face  haha,0
road trip ftw  am playing with trains today so it`s all good here,1
sad that school is over gonna miss all my friends and teachers,-1
yes dear....  ... I`m opff bbl8r,0
watching snl with my ucsd girls and laughing about twitter/blackberry jokes  thought i`d tweet that.,1
I want to be at,0
comes to you. when is your atl show jljf i swear you will have fun they`re so much fun,1
Yay me! I did good on my com final  I needa step up next semester forsure tho. No more distractions.,1
Happy mothers day in 25 minutes everyone,1
: Am getting upset listening to the say now  I want to speak to you Mitchel but my darn phone got no money on x,-1
Can`t believe ER is over,0
Welcome  #Follow #Freude,0
says ptour2 tom.  hello school again. ****! http://plurk.com/p/x15fh,-1
****! I wish I were going! Found out too late to get wranglers for my kids and .  I miss #mountainjam every year!,-1
is watching neighbours!,0
I use NewsFire. Works like a charm,1
im feeling like ish!  i just wanna go home and go mimis,-1
I was kiddin` with you. Shy is not a word i`d use to describe me,0
something we all need sometime,0
_Crow Morning!,0
Learning how to jerk and stanky leg at sunset cliffs. headlights spotlight  with colorado and fam,0
They are great friends of mine. I`ll let you know when they are playing next and you can come along and do whatever you like,1
_Loves_NKOTB yup...as always....wonder when me and V will ever come back to Earth...getting kinda comfy up here,1
i got a bruise on my foot out if nowhere!  it hurts!,-1
I want an iPhone <33333,1
I have to admit at being a Colin Firth groupie at this point.,0
Nooo...i forgot my calculator for physics   oh well class is allmost over :3,-1
- I know! It was drizzling all the way to work!  Hope it warms up this weekend....,1
has one more paper left,0
maybe used to have. Besides without AC it`s too hot to sleep,-1
Had a great night! Tomorrow is mothers day,1
fuckyoumonday?  I like it. It`s a totally ****-tastic rainy day here. :/ I`m off to work. *hugs*,-1
bath time,0
how sad. last entrance 2cal academy of science was at 4pm. and it was zipcode free day too.,1
Home from Disney...best time in a long time...howl at the moon tonight for GBA and then BHB Tuesday  oh drummer boy  niiight,1
Absolutely!  When we hit bottom there is only one way to go.,0
not a very good day at the house,-1
Is in starbucks,0
???-?? ? youtube ? ????,0
Aw  yes we had it out for weeks got asked to return it in end! I wish they had just bought it for me! never mind ??,1
Bouncing Rush makes me feel nauseous,-1
The book bloggers panel is not listed anywhere in the program!   Be there tomorrow at 2pm in room 1E15.  #BEA09,0
Had to stay home while my wife takes my daughter and a few friends out to Tokyo Steak House - sadly my body is not cooperating today,-1
Had a fun late night talk with   Good night world.,1
http://twitpic.com/4wtom - This day is soo stressful! Geee.. Lunch was a blast tho! How are you guys??,0
I`m more upset about the fact that 2010 is the last year,-1
SC2 will be released before D3  Hopefully!,1
getting ready so i can go out,0
loves her mum very much! Happy Mothers Day to all the wonderful mothers out there,1
I`ma say you should smudge yourself before I start calling people given the malicious action we pulled the other night,-1
sorry to hear about your dog,-1
have a safe flight...,1
thanks so much for that!  i will most definitely pass that along to my amazing mother...,1
Rode a jeep home with my mentor. Heard his story being in UP FineArts. Pretty cool.,1
I think my modem failed-having pc withdrawals..,-1
but I keep updating.,0
hardly :/ some of my furniture is being shipped from who knows where and is backordered  I may cancel and shop local.,-1
Glad TS brought it! Sorry about ur foot shorty...ur gonna have to relax wit the heels,-1
Good luck on final!,1
i used to have an ozzy osbourne pillow. my mom threw it out. i miss that thing.,-1
saw Hannah Montana Movie today!! was the best!!!!!! was AWESOMEEEEEE!!!!!!  Hannah  and Miley RockS! lol,1
Take that back. I am insulted.,-1
Mother`s Day is THIS Sunday.... don`t forget to send her something special  http://www.youtube.com/watch?v=ExpmTEVSFQg,1
doesnt look good  we have to go burn some lampions,-1
Awwwwwww holly,0
(SINGZ) SO I THINK IM JST ABT DONE BEING UR GIRRRLFRIEND....IM LEAVIN....IM LEAVIN! JST LOVE CM!,0
Bank holiday in London! woohoo,0
at last i wr0te again....got bored the previous dayss....,-1
_GANT popularity contest and they think twitter will help.... and it`s become trendy,0
Has no idea wtf Twitter is about but willing to give it a go!  Going out for a bit!,-1
That mango shake made ALL the difference.  - http://tweet.sg,0
twittering after 2 days!,0
I have just read up on lactose stuff and I CAN EAT HARD CHEESE!!! There is no lactose in it!!! *Jumps of Joy this rainy day* YAY!!!!,1
im really tired.. not much time to sleep,-1
I wish pitchfork would shutup about #primavera.  Makes me miss spain,-1
_ I`m so tired I think imma go to bed,-1
Wake up **** But tired. On this moment i listing some music for make me happy and let me wake up,0
Happy Mothers Day. Havent got mom a present yet? Print off an Amazon Gift Card for her!  http://snipurl.com/hq0n1,1
I`m not a big fan of Costa  I ended up going to EAT as they have one outside our office!,-1
i think  missed me tooo,-1
Marley crying for more ball throwing....keeps eying me through the door,-1
I wish we could make a quick trip to LA in July  I miss LA,-1
made a new youtube background in photoshop!  http://bit.ly/AWwzn thanks to,1
A shower feels so refreshing after a long day at the fair,1
What to do what to do!!!! need to do my show reel nxt week...then start applying for editing jobs  Rock climbing tomos I hope,1
yum. Do you do home delivery,1
dont depress me  I have the mother-in-law staying the weekend. Someone else to wait on other than the kids!,-1
how sweet,1
its my birthday.....happy birthday to me!!!!,1
: psh...didn`t even pay for me though,-1
Glad you are having a blast.,1
if officially done with high school....  so sad... i miss them already! movie later???,-1
I`ll make him nachos tomorrow. Better than if he would have made them himself.,0
i just woke up and remembered theres no school!!! life is good  xxxxxx,1
melissa_leah: my car wont start.......,-1
misses home on the farm,-1
OMG I would sooooo make dis show number one n da ratings,1
bahah that would be really funny she would be really cut haha,1
I have a headache. Also we are dealing with a lice outbreak. My lovely hair has been affected.,-1
I did,0
Looking for accessories for my #livescribe smartpen.. not many sources here in germany for it.,-1
Yay! I finally made sales at the gallery; Really helps when the artists are there,1
Parents decided to drop in on their tour-de-US. The whole family is at my house. I am at work,-1
I have clocked out for possibly my last time at Northview Middle School.,-1
I VOTED!!! do u have a personal myspace? i keep talking to fakes   i <3 you. u helped me thru the hrdest time of my life! (: x,1
hï¿½rlich!,0
never part of these follow fridays,0
and what a scary reflection it was! thought you were going to wizz your pants,-1
I want to go to the pub. Boooo.,-1
what I thought ur going somewhere that`s why I didn`t invitw u,0
Thanks twilight... i know we love canon,1
LOL. You know me. I aim to please.,1
I have too much homework to do today,-1
Swimming is a no go for me,-1
is MySpace mobile free? or do u have 2 have credit... cause they are liers,-1
May the 4th be with you too,1
who not here be glad!!!!!!! ur sso luckyyyyyyy i hate u r home n r not enduring dis!!!!,0
Hoping I hear something soon about Krystles surgery,1
Morning workout sesh.  Love Life.,1
Well thank you! I`ll try and remember to put it somewhere,1
I guess its bedtime. Goodnight twitter.  my bed is so big and empty without him.,1
It was fun  At a friends house cuz you know I don`t have a yard big enough for a firepit. SNIFFLE!,1
That is annoying. What gear is it? I`ll take it off your hands,-1
i suppose i best get ready for work  grrr,1
I`m awake and can`t sleep bc I`m feeling sick  yuck!!!,-1
A little irked at the moment,-1
- Sorry only just seen this - how strange it seems only to happen from my iPhone - perhaps it is a problem with Twitterific,-1
another david hughes on your list? I`m hurt   ftw!,-1
wow. sounds heavenly.  we`re just doing a quick drive to north carolina. i can`t wait,1
wants to greet all the mom`s out there a Happy Mothers Day!!! May you enjoy your day!!,1
That`s ok then....  I accept the slave role...  Your wish is my command...  hahaha,0
watching 'That Thing You Do' on Comcast. Missing my boo like crrrrrazy!,-1
_benson the Macarena never looked so good. Loved the 'Aaaaiieee' squeak / exclamation,1
Ugh just got out of work i think i`m a dang taxi for ppl but i just can`t say no!!!!  o well its my fault,-1
_Souljaa I couldn`t eat 2,0
Been meaning to email you for months. Your pre-reunion party must be coming up soon. Really wish I could be there. >140 char soon,1
i`m so tired  of being sick ALL the time!!!!,-1
my puppy is sick,-1
Laying ALONE!! Since Mook`s soo comfy in his f`n play pen. I thought it was ill at first now I don`t have no one to cuddle with...,-1
It`s almost past 3. Time to go to bed,0
how long did it take you to learn the song,0
I really don`t like this weather,-1
Ugh work sucks. I could be with sher right now,-1
who goes bowling anymore?... me and my friends,0
Listening music with my friend,0
recapping on britains got talent. britain seems more talented than america,1
is up too early,0
thinking i cant handle my life like this anymore... almost seems as if suicides the answer... unfortunately.,-1
Rachel Alexandra not in Belmont   but appearing in Vogue.  Best looking model they`ve had in years.,1
types too fast for her own good. and has been craving pizza for 2+ wks. GAH i hate not having a job i want pizza!  lmaoz why me?!,0
Aww people must be COLOR BLIND  HUH random1,0
going to bed cuz i have to get up at like seven thirty or something tomorrow. today was actually not that bad of a day.,1
I`m Kinda sleepy.. I Was up too late texting a nice boy making date plans for next weekend..,1
watching the office......... also comedy gold,0
NCP no longer has job placement,-1
some1 said if your not online your a no1...if you are online your a no1.. can`t bloody win  lol,0
I`m sorry,-1
oh no....u don`t have to hit him up. He had a family emergency so there was a lil delay. Just can`t wait to see them,0
gutted i miss that! the one night i try 2 leave early  lol! friends visitin were tired haha!,-1
Cavs do it again!!  Oh yea!,0
its tomorrow.,0
Im had to leave early to go to piccolo practice.,0
Having rice crispies this morning  Brings back some good memories!,1
Saw a black snake in the garden.  Went back for a picture and it was gone,0
All is well..That ends well! < unless of course well times the power of three = the sum of ends if X being All,1
GOOD MORNING TWEETER WORLD!,0
I am new here,0
-- yeahhh u wasnt thereeeeeeeeeee,0
_grrrl   You have the sweetest children.  You are obviously a great mom. I loved reading your blog w/ their msgs to you.  Kudos.,1
i couldnt respond cuz i maxed out,-1
just realized tonight`s Drake,0
I like them. I mean I like what`s left of them.,1
just in imagination,0
coming back drom camp!!! there was no cell fone reception =0 so im so happy were back in QLD and a little bit tired,1
Ughhhh...mad as ppl make me some times...I don`t like 2 have 2 do yucky thngs  I am NOT cut out 2 deal w HR stuf...ppl`s tears kill me!,-1
Bushidokan class got canceled.   I`ll just have to sign up for karate someplace else!!,-1
Going to school =[ I`m actually not so tired today tho,1
I`m glad/sad that it`s not just me/my iPhone  #badoptus,0
winter flu has to twitter about logies to get noticed. haha. I love rove,1
I`ve heard this fall. I`m waiting too!,0
its cool,0
is frustrated by twitter...my picture will not load.,-1
deck building buddy missing in action,0
is lonely in need of company,-1
I like them.  Is that weird?,1
has just discovered a great site!,1
One taken from earlier this week!  http://twitpic.com/4wb42,0
Oh... I miss the Piano.,-1
working allllllllll weekend..how thrilling..and i have to say bye to goshy on sunday cause she is leaving for poland for 3 months,-1
Off to class,0
wow that`s quite a long time for studying  Good luck with the job hunting though.Yes also a Mac user (iMac) this side hehe,1
Just downloaded twitterberry. My life is now even MORE convenient.,1
_D_ happy birthday,1
gah. how am i supposed to study when all i do is sneeze and get even more tired.,-1
i hate having the same hair for too long. i think i want super looong hair now,-1
Tell him where...,0
Can I get a 'what?'  'what?'...the baby sent some Twitter messages on my behalf,0
Off work,0
How are YOU convinced that I have always wanted you? What signals did I give off...**** I think I just lost another friend,-1
Does this happen every monday?,0
yeah same here... I have a bit of headache too... ick,-1
computer.. please stop being so loud so i can do my work,-1
Sorry we couldn`t get the project working with the windoze laptop  but a ton of folks came up afterwards and saw it running,-1
Ouchhhhhh I burnt my frkn tongue,-1
Chauncey is giving his last sac speech...,0
I give in to easily,-1
yeah I guess so  it makes me very sad though becase the disc is scratched!,-1
wow...you leave facebook alone for the weekend and get 60 new notifications. WHEW!,1
definitely ready for a plate of pancakes.,1
Going to the doctors now. Scared as ****.,-1
And the Sun is shinning.........at last,1
hates the net. ayaw bumukas ng twitter.  http://plurk.com/p/wxlxs,-1
I miss you too,-1
i have no idea wtf im doing,-1
Off to Woolsery this morning to (hopefully) see North Molton U16 clinch the North Devon League title. Lovely day for it,1
man i need 2 find a siitter Val still aint **** wit me  LOL,-1
: They R sending TW business ppl 2 the mainland 2 return the favor - Re: Chinese police representatives in TW,0
that`s why I need to be there...To represent the Blackberries,1
i have no phone  whatchu doing tonight sucka. no dane cook she sold the tickets. lamee.,-1
Sounds like fun  LoL. At least you still have some hair right?  how was the weekend?,1
hm... Both of us I guess...,0
hehe  now im smiling... but u still gotta make it up to me,1
Happy mother`s day to all the mums out there,1
my tree tipped over in the lawn,0
wow thot we`d lost ya lol lol,1
what a cute dog,1
soooo over ppl telling me they went to the tonite show!!!  Ive had dreams of meeting him  I`m embarrassd of that a lil LOL,-1
Was meant to go play cricket but can`t get a lift so I`m now stuck at home watching the Apprentice on a lovely day  http://ff.im/-3niD8,-1
How`s the head this morning?,0
wants New Moon.  AHH Im going crazy.,-1
Happy mother`s day everyone!,1
Alexander Ovechkin is definitely my new favorite NHL player,1
Going to get some coffee,0
anyways have a severe headache ryt now! i jst love dis cup of tea i made me self!! its makin the headache go away,0
Woohoo..this is the day/week the Lord has made! Just remembered we get to wear jeans & chanclas all week!,0
I missed you guys this morning. I`m in Tacoma w/ no KGW to start my day.,-1
agh! freaking out about going to Wales already! >< not packed!!,-1
lol - funny thing is - I don`t even know what class or even race half of the people in our group are   yes - I am THAT clueless,0
holllaaa.. i dont know what ur up doing but im trying to finish up some work for school... bout to go to bed though,0
oh plzzzzz u never had time for me!!!,-1
thanks for havin us overrr!,1
Nice! What r ur plans for 2day? Oh n Happy Mothers Day if u happen 2 b a mother,1
its so sad! i wish i could stay longer! It the last time ill see you tonight  better not wear my make up!,-1
i want magic mountain tix but i dont get ur station out in paso  boo sux for me,-1
is SO frustrated!!! I`m stuck at home without any transportation to the global god conference!!! Ahh,-1
Exploring Twitter`s world! me 2,0
is snuggled in bed reading,1
Got 38 followers now!,0
_Star95 oh so you know how I feel then  **** representative for bank of america tried to make it sound like I did it. What a b ...,-1
It`s tough being a thick chik,-1
hehe i found ya,1
my knees are sore after physio,-1
Sis...I dont think I will be up 4 2nite sadly  Im in alot of pain 2day & had bad nite...can we go out anotha week soon?****,-1
Excited about having an empty apartment to ourselves for a little while,0
my friday feels boring too. no time for fun today and not so much in the mood for it either,-1
I`m SO jealous- it`s pouring right now,-1
i love to read ur little quotes,1
While im stuck INSIDE in Elk Grove Village working all day   Someone should enjoy it!,0
My Power was cut off  thats where i went,-1
My stomach is killing me do I can`t sleep,-1
is bored hehehe  i hate IPT,-1
WH Correspondant`s Dinner Rocked! Wanda Sykes was hilarious and Obama wasn`t too bad  Happy Mother`s Day to all the mom`s out there......,1
One of the fake 'you's followed me. Haha. I so wish it would be you instead!,1
i think i have mine in hangers in the closet,0
does not like ups much today...,-1
haha.. good for you,1
Got back from Arizona yesterday.  Moved the furniture and stuff out of the Arizona house and shipped it to Redwood City.    How sad.,-1
blahh i`m tired and i gotta go to the airport to pick my mom up! && im bored but on the upside im listening to the backstreet boys,-1
company policy. Has been for the last two places I`ve worked at,0
Might be in the middle of a perfect weekend...,1
**** im so bummed out right now....nobody loves me,-1
Thank you for the follow !  Looking forward to your tweets...,1
**** your in trouble now  why don`t you try with one of those companys that buys your house for you,-1
what`s the matter chickadee?,0
why that`s a halo,0
p.s. sorry about ur uncle,-1
New work wellness challenge not going well.  I committed to not check email between 10 pm and 6 am.  Failed on first day.  Twice,-1
You`ve got to love fly tippers: http://tinyurl.com/mt4opc  Worst I`ve seen is a dead mule dumped on Holmbury Hill.,0
Ahhh...can`t do this one....will be in las Vegas that weekend  #noctweetup,-1
_newman i just called and it`s sold out.  bummer. next time!,-1
happy momies day!,1
is loving life,1
Loves fatty take away nights... yummy  then coming home and facespacing with my roomies,1
need to leave now.. tweet laters,0
i had to make sure I was looking at the right game summary...,0
Most experts recommend that you exercise up to 90 minutes most days of the week. (two Jillian videos),0
I cant WAIT to be home and snuggle with my puppies! and my Fiance,1
I know what appeals to you with knitting! Believe me I KNOW!,1
Follow  cause she really shop there!!! Even though she don`t be showin love no more,-1
TPS reports.,0
trying to draw some manga/anime for our new website ... very bad idea!   http://bit.ly/k6iOv,-1
I miss my friends so much,-1
what I said!    I`ll have to think about it and try again!,0
Our Quinn puppy got a sick.,-1
workout stunk...no headphones.,0
Lol...I am greedy. I`m craving Coldstone again.,0
watching missy elliot video collection so sad I was told that I looked like her all through high school,-1
hahahah lols you have fun with that aye  i had the div too ) the experience but i love my spongebob ) (L),1
I think I just found my purse soulmate. But its not in my budget,0
likes cheerios and scones in the morning,1
Both of you,0
Here at work having lunch. A lot of work and not enough help,-1
Good luck 2 u and the babies,1
Just talked to `s cute grandma on the phone.  She only speaks Hindi-not my best language-but somehow we manged,0
Picture Day for 3 YO preschooler. Light blue striped utton down and kahkis.  Wonder what color they will be when I pick him up in 3 hours,0
I really wish I could convince Brandon to move somewhere like that. All he wants to do is move to Lexington.,1
what a riot..now you can tell you`re friends you`ve got chlamydia..but you`re hoping to get pox-syphilis soon,-1
gonna do laundry....never did laundry @ a hotel before.....I miss you R.....even though you ignore me and don even check on me....,-1
britta says she wants to have lunch with you too,0
I know I shouldn`t be saying this but **** it..I`m **** as hell,-1
We bought a pool instead of going to California. Now the pool is broken and we have wasted our vacation money for the next 2-3 years.,-1
. Haha. Rite. Im freeeeeeee. Britneys spears listenin time.,0
Super pumped to do the 'Relay for Life' tonite. I am walking in honor of my sweet Grandpa `06 and my Uncle Howard who past just yesterday,0
g`mornin,1
I got into a fight with the pavement. I think it won  poor little knee,-1
why you never answer me..  wath i say to you,-1
what about sauce? Huh? I`m going to california tomorrow morning,0
Iï¿½ï¿½m home  I hate school! Now im going to do do something fun because I have very boring. I want to have something to eat  Soon back!,0
have you seen who`s knocked you off top spot on wefollow for #perth?,0
OMGSH IM BEING FOLLOWED BY >>PARAMORE<< :O,1
Happy Mother`s Day,1
massive headache  going to see terminator tonight!,-1
_ i am glad to break my twitter virginity with you two.,1
Waiting the next release,0
My best Vanilla in memory was from the Sharffenberger factory gift shop... Not sure where to get it now!,1
My throat hurts bad.  tonight is going to be fun.,0
Kill me now I`m so sick    n it`s Friday night!!,-1
Sorry to hear ur flight got cancelled  that blows!!!,-1
'And now my mom and her friend are drinking.. Greatt..',1
Because of the new #Kirk. That`s why. Because of the new #Kirk.,0
Get into me not going. lol at least I didnt get my hopes up,-1
Less or more iTunes tuned up,0
Thinking about opening MacMaze sources as I don`t have time to work on it anymore,-1
I`m depressed ! I want to know you and kiss you all,-1
You`re phone is off,0
the new T-Mobile advert in Trafalger Square looks like a lot of fun  Except if there was a load of pigeons there too.,0
Good morning!,1
says Happy Mother`s Day to all Moms out there  http://plurk.com/p/stkr2,1
****. Stephane doesn`t even feel sorry for me. Off to work then,-1
thank YOU!! You guys did awesome things for my blog tonight  so grateful!!,1
scary cape guy,-1
It worked. Cool AND the gang!,1
symphonic I,0
my heart just broke a little ... and by a little i mean a lot,-1
babe u aint been reading my tweets- my phone has fallen apart. My new on comes nxt wk. The track ball keeps fallin out my phone,0
just bought 5 bouquets of flowers and put em all together and arranged them all pretty for my momma in the morning!  ::proud of myself::,1
Good! I hope that it was a wonderful experience!,1
I miss my daddy so much.,-1
_Cera That is so awesome  awwww.,1
officially misses Quark.  huhuhu! i had no heart hand partner and no one to dance with tonight! come home so... http://plurk.com/p/x2k1z,-1
is really sad about her nephew  but keeping busy sorting out items for BWM! http://bit.ly/N9tsM,-1
Which would be a lot easier to get if plane tickets to AZ didnt raise $80 in price,1
watching this african music show on the tele  me loves ittttt,1
Twas a good show. I even liked Ciara`s last song.   Time for me to go to bed. G`night!,1
'It`s not **** if you scream surprise first.' - my customer just said to me. Haha.  (via )LMAO,1
Ahhhh!!!!!! Almost off!!! Can`t wait!! But..I got work again rite after this!   HAT CLUB Come && gimme some Company! Oh && a Cookie! ;-),0
Cant wait to see my boy tomorrow,1
I need to relocate to the west coast.. This weather here is killin me!!!,-1
I look forward to having one very soon,1
I don`t think the coffee at work agreed with my tummy,-1
lots of Reqs today.... no fun,-1
Awesome! that`s how I wanna roll when I become mogul status,1
Come on Knight... It`s been well over 4 hours,0
just broke a vase that i didn`t even get a chance to use,-1
ohhhhh with ya,0
HAHAHHA lol true that! i always remember my BD but i can never remember what date or even day it is,0
Good Morning All!   Hope everyone is doing well on this Monday!   Thanks for all the #followfriday recos!   I am blessed!,1
Sorry if I`m confusing anyone. I keep forgetting to . The desktop Twitterific  is not so terrific  Very different from iPhone app.,0
Back to work I go....,0
will have to wait on the recipe at Simply Recipes.  Sorries!,-1
and I have to wait till January. Life is not fair!,-1
clearly need to crack the whip some more,-1
lmao im stupid just felt like sayin tyaï¿½ in my red caf vioce..nite ya`ll,-1
going away party at ambers  road trip tomorrow!,0
i`ll miss y`all back... give  my regards...,-1
I`m dragging myself out of the low point. Slowly. And with wine to assist. Prob not v sensible but these lows don`t hit very often.,0
you can learn a lot from another person.. dont try to out better oneself when its all about love and happiness  goodnight,1
back home in palmdale. in bed with my mommy,0
I love my memories. It`s almost like re-reading my favourite book all over again,1
2 more days till half term is over,0
i missed the game,-1
#followfriday thank you so much. I`m so behind. Still at about half of what I had.,1
haha wats this about?,0
I have to pee.,0
: I will press that ignore button,-1
good point!! Mine is on its way. How did he get delivered?  I will post pics too wen I get him,1
_l I blame you for 1/2 price Fridays replacing Free Book Fridays. They don`t want you doing #rrtheatre anymore.,-1
How Do You Sleep - Jesse McCartney,0
_cunning I gotta go to my cousin`s grad party,1
going to check and make sure no more fishies are dead. poor fishies,-1
I wish my roommates were coming home soon  maybe i should take a nap to waste time,1
u no there was no point pointing it out yesterday and ppl had 2 wait til midnight .... they were kinda pissed,-1
Such a beautiful day. I just wish I had the energy to enjoy it.,1
lolol...i was trying to do that this morning but sadly i couldnt,-1
of course LOL about to eat more,0
About to watch JONAS!  I love DVR!,1
*hugs hugs hugs* I`m glad you`re feeling better.,1
Dang baby i love you ma,1
On my way to Ft. Knox   http://myloc.me/1Zyg,0
Playing 'The Simpsons Game' for Nitentdo DS Light *_*,0
Yeah I replied!! I meant to take a photo of my drink but I was laaazy and didnt`  x,0
I tried to DM you but your not following me,-1
_Cullen8 i hate the rain *laughs*. thanks *smiles* i miss her loads i couldnt stop crying before,0
OMG you aren`t online. Shock horror.,-1
THE SUN IS SHINING< THE SKY IS FACKING BLUE< TELETUBBIES? I HAVE TO **** WORK.,-1
Something like that,0
Cleaning the House! Im so boring..,-1
the closest is a good two hours,0
I didn`t get my q`doba today! sad,-1
cause i wasn`t there!,0
She is all I can ever think about.  http://twitpic.com/4wg12,0
good morning/midday nation!  FORMULA ONE IN ONE HOUR!,1
Moral support for students,1
my little booboo is sick,-1
Dang I just dropped some of my subway on da floor... Ahh the 5sec rule passed already,-1
Back at work.....too much email in my inbox....,-1
didnt do my devos...  hopefully my day doesnt suck because of it.,1
Taco Bell With The Tramp!Yesssssir,1
Good morning world! I feel really sick.,0
is feeling the effects of spring. My sinuses are killing me,-1
dude what is your sn nowadays because i think i lost yours,0
LMAO! listening to the great Bob Marley!  Wow hes so awesome,1
_kearley That`s Twitter for you.,0
yea dongggg,0
() Gonna watch JT on SNL tonight - not a fan of his music but think he`s hilarious! `**** in my Pants` - WAY too funny,-1
trying to finish my ****-ignment.please god help me to finish it,-1
I am currently doing a few posts on my business blog http://venturefile.com  check it out if you like it,0
Have fun amorsote even tho u forgot my bday,1
i know!!,0
Why does flickr no longer recognize my e-mail addresses.  I can`t log in.,-1
That sucks,-1
Star wars day! May the 4th be with you.,1
you were great. just awesome. i was crying cuz i wanted to be there so bad,0
My last full day of even day classes. I`m a little sad,-1
****  real sorry to hear that ma,-1
That`s gorgeous. I`ll check out your new pics!,1
Yay! Bannerbomb for the Wii is finally out. I can run homebrew on my 4.0 Wii.,1
Had lunch. Watching holes on bbc1.,0
Hope my roommates having a good morning without TP and soap!,1
*sigh* Off 2 bed 2 try 2 get these crummy 2 hrs of sleep b4 my horrid 12 hour day..smh. Niterzzz evry1. Don`t let the twitterbugz bite..,-1
ohhh beautiful place. You on hols? Go steady on the mead!,1
I have to goto work now ahhh kill me  my life isn`t going the way I want it too atm. Ta ta kids x,-1
Today was sooo boring in school. I was sleeping all the time,-1
This poor butterfly was dead  http://twitpic.com/66vlw,-1
Sexxxy tiiiiiimmmmmmeee!...whatever that means.,0
yeah  just made twitter,0
will be back later.  http://plurk.com/p/rp3k7,0
Such a headache  It`s killen me!,-1
ive finished them now,0
I would get a lot more done if I could list items on etsy on my phone. Can do everything but upload pics,0
The ultimate shirt folding tool (http://www.flipfold.com/)- I saw  using this in one of Big Bang Theory`s episodes,1
don`t know  and no not at all,-1
flashlight tag!  i love playing games in the dark.,1
http://twitpic.com/4wppn - This is how wild at down and derby... TRNDS3TRS,0
Not eating funnel cake at Mag Fest is what I am doing,0
Nice...I`d like to be there...but it`s too far...  I`m from Brazil... kisses and have a nice day!!!,1
I wanna see the Jonas Brothers in concert..,0
and all chevre: please follow me at  for chevre only   I`m using  for public tweeting!  Thanks!,1
Where art thou ? I miss you!,-1
I see. I guess there must be lots of Hawks fans in Texas on twitter.,0
Having a great chat with a friend. He`s totally putting my mind at ease,1
I`m up way past my bed time.  gonna catch sum snl.,0
is home alone.. Doing hw,0
Still up playin rock band woot woot,0
i know. But.,0
it`s because finished the recordings?,0
backache,-1
I love my big brother very much.,1
is feeling very sick,-1
HaPPy Mothers Day!!!,1
Marche! I want rosti and crepes.,0
Ohhhhh how I miss the Brunch,-1
Took the cutest pics of Andy yesterday. But I don`t have them.  Used my bro`s fancy DSLR & didn`t have time to upload them. I want my own!,0
walking by the water in annapolis with froyo and no shoes,0
cool  you are here too  hi sam  how are you???,1
Why is it that America celebrates mother`s day on a different day to England? Anyhooo...Happy Mother`s Day 2 All American Mumzys!  x,1
no need to thank  we all just have to keep the good thought!,0
ohh I know her from church .. she got me into mcfly,0
thanks  we did reviews today and i feel like idk anything. anyways. how r u?,1
so make the most of it  enjoy,1
Name the rest? Let`s see. Mystery Jets are pretty cool. Ida Maria AND you shud rly listen to Say Anything!,1
Hi frenchie *-* i`ll do that...later  :p,0
Just got home from the hospital.... i have another clot in my leg,-1
gray! .... i so feel neglected,-1
omg wtf why is there a **** site following me?!,-1
Happy Mothers day to all mums,1
omgggg!! Hawaii!! That`s amazing!! I wanna live there,1
Cultural tour 102 by loiusa`s family: kangaroo sight-seeing in cemetary. Lovely,1
watching a youtube vid of  sing paranoid live   is so cute when he sings lol,1
I just wanna be better already,1
I guess thats just how I am lol,0
want to hear something funny? I`m yours is on the radio right now!,1
Aw what about me,0
I LOVE pb & banana sandwiches!! Still a fav of mine,1
It is absolutely incredible. It`s official: My FAVORITE JONAS is FRANKIE. He is the man,1
At the DMV uhhhg!,0
Seeing lots of my FB friends are friending or becoming fans of Zoozoo (Voda`s new face after the pug). Even iLike,0
laptop has been handed over to the master. I will be getting it back next weekend - fingers crossed! Will let you know,0
It`s driving you insane? Really? It`s Sterling Knight playing Chad Dylan Cooper on Sonny With A Chance,0
Just spent the evening at a gala for her high school drama company`s 20th anniversary. Lots of memories,1
ItS fRiDaY... I cAn`T wAiT tO bE dOnE wItH wOrK!!! Stuck here till 11,-1
Is Bored. Waiting Till 7:06 To Go Out To Tha Bus,-1
SS & i r @ the devon horse show. gettin` mostly rained out. lots of events have ben cancelled incl the coaches,0
is bored. my BFF doesn`t want to hang out,-1
Honza takes his flight back to the Czech Republic in the morning  I`m really going to miss him.,-1
is so sick of myself + my life  i`m never going to be as good i want + need to be. xoxoxo </3,-1
Going to IKEA with the roomie so she can shop for her apartment. IKEA is in like my top ten stores that I love,1
not but I went to his page and it made me hungry,-1
Stupid competition stuff keeps getting in the way  But I am going to get some words in today if it kills me   _writes,-1
my phone died,-1
Whom do yu wanna kill ??,-1
Wonders why its so hard for me to concentrate...,-1
good luck  haha i loved your character in the bring it on: in it to win it  movie,1
new supernatural tonight!,1
... thanks everybody for your wonderful feedback re my Happiletter,1
Filling out paperwork.,0
I`m sorry darling... I`m all over the place tonight.. I didn`t mean to neglect you..,-1
That **** money sign. Ugh.,0
Loving the cairns clan,1
why does zero have to have thomas in it?,0
**** you and your hot weather - it`s freezing in Oz at the moment  I miss summer..,-1
Oh so nooooowwww youre too busy for me...dam I see how it is! How long we known each other?!?!?,-1
_au my pleasure... hey it was played at my going away from nz party back in 87 lots   so it is burned into my brain,1
Took me 2 times to get over the wall. What killed me was the 150 lb dummy that you can`t drag. 12  seconds over.,-1
ah my tummy hurts  **** starbucks sugar/chocolate/caffeine,-1
Going so soon? I was hoping to hear late nite humor from you....,1
I`m nauseous  I need a yogurt or something..,-1
doesnt understand twitter,-1
Hoping I at least have fun 2nite.  Today was 1 horrible way 2 start off a birthday,0
lol dammit  well then next time then,-1
nice! now gimmeh some nice stuff,1
'I SAAAAAAID!!' Haha. It kinda makes me sad though.  http://bit.ly/uJUA3,-1
ooooh it`s you lol I didn`t know!! Have fun with your princess,1
I`m getting more and more reactions when stroking the cat.  Now I have welts on my hands from where she caught me with her claws.,0
at work,0
Received our first bit of spam from Twitter - not sure how to feel that the 'sanctity' of our conversation has been tainted.,-1
_benson It`s raining where I am. I wish it wasn`t.,0
http://twitpic.com/4j9fb - I really love this picture!,1
is chilling at home,1
I haven`t had a good homemade flour tortilla in ages.,-1
Get to see and hopefully meet these guys next week at ROTR!! Can NOT wait!!!  Adelitas Way - Invincible ? http://blip.fm/~5ynxr,1
i havent gotten any prank calls making me laugh in so long.,0
Round and Round the Garden: The amazing thing is that he`s still talking to me!  http://tinyurl.com/dx8as4,1
that is so sad. wish I can do something big for the kids. may God Bless the kids always.,0
- You can do yiiiit!  Night,0
Not babysitting tonight. I miss that kid.,-1
starting off my day with a little Northern Light,0
such a great idea!,1
Nite Tweeple.  Tomorrow will be day 25 at work.,0
my bad. I thought you were talking about today,-1
My face an my arms. Tragic. Seriously.,-1
wondering if my local Borders is going to make it. Lots of bare shelves... It makes me sad,-1
i have had the worst headache ever in the history of worst headaches today!  man i hate those!,-1
haha have good dreams  haha best friends forever! haha. be sweet to presh bailey   zd?b;P,1
Hell Yeah!,0
_perfect I`m trying to self learn photoshop but it`s not going so well!,-1
That`s no good. I`m sorry,-1
the link sent me to a tax relief web page,0
_11 thanks. enjoy the movie! i hope all is well with you te.,1
and i want to let you know im here for vfc no matter what happens and yes i need a hug to bad i live in delaware,-1
I think you are super cute...,1
okay the new jonas episode was awesome,1
must go to strawberry fields!!,0
_78 I`m sowwy u have to work w/an idiot. I will call u if u want. Just to break up ur day.,-1
I totally agree! And there`s no way to avoid it,0
Thanks bb.,1
so afraid my daughter`s gonna write a memoir where i`m some ungodly mix of Miles & Betty Davis in All About Eve,-1
Getting ready for school - second maths test today  also its my last day of 3rd year!! Next week i will officially be in 4th year,0
http://twitpic.com/4wsst - one of my models from a photo shoot.  stacey,0
he`s retiring from the tonight show  im so bummed. he was awesome ha. AND CONGRATS MY DEAR,0
looool .. me 2 !! ana i will vote 7ag ele ye6le3ni taqa3od now,0
_Whincop too complex and too much to consider on a day like today. Monday off. My brain is back tomorrow,-1
a pink balloon for mum on her day,0
No. Its a bug  in coding. Go into the forum then do reg. Let me know if that work!,-1
Another Qi about to start....I`ll be missing the next 4,-1
i would love to come visit you in Korea.. next flight that is under 100 i am there!,1
Goodmorning,1
Upsidedown tomato plants died!,-1
Dam only 5 votes  not gonna win anything now,-1
can you stop working so i can have someone to play with !,0
Yea once - me and my friends flew out to amercia to see her w/ the Jonas brothers  . have u? haha i hate bebo :p . aw cant wait,0
Twitter connected with FAcebook   http://twitter.com/paynetsystems & http://tinyurl.com/dagmoq,0
the times they are a changing,0
RAIN!!!!!!!!!!!! AAAAAAAAAAHHHHHHHH! i`m gonna melt. **** it`s cold. freakin cold.  brrrrrr,-1
<<< Just like in HIMYM,0
Just got booked my ticket to athens,0
So annoyed I missed Mitch Benn @ Lemon Tree. **** you What`s On!,-1
dammit i had the passes but i am still at work,-1
My Dad worked for SW when I graduated HS. Worked at HOU 21 years.   He retired 3 years before I joined the Company.,0
Happy Mother`s Day to all the moms out there!,1
Can`t even tell you how much this hair dresser is pissssssing me off she has no clue wtf I`m asking her to do..so I`m expecting the worst,-1
OMG that`s really good i want to see the photos! have a nice day,1
computers are a great distraction-but sometimes you should be exercising to getting your chores done instead.,0
Thank you   I`ve had anxiety issues for years so I think if I can make it through the first couple of days then I will be fine.,0
A very special HAPPY MOTHER`S DAY to all Mommies!,1
this thing was more fun with my itouch,1
I was crying all of Tuesday cos I find out! ;( .... Economics is offically my crying subject lol,-1
I can`t sleep ugh!! and I have **** to do all **** day tomorrow. Wanting to take a sleeping pill but I know Ill get up late,-1
Feeling considerably better after 13 hours sleep  still not right though...,1
watching run fat boy run...haha its soo funny.,1
yay i hit 50 subscribers on youtube. go me  lol.,1
cause theres no party,0
So the movie was 3-D and really gooood,1
Work till 6..then dreadful tv shopping cause mine broke,-1
@_mamalaura night! So cute that K loves frogs  http://myloc.me/FI0,1
the cokies arnt real imaginary will hav to do mmmmmmmmmmmm cookie...,1
__Hell beeeeaaaaatooooo!!!!!,0
He`s my mother`s favorite. It was so hard telling her.,0
Hi SweetiePie!! It`s Friday night and I`m .... missing my sidekick & his slippers.  It`s just not Friday night w/o him.,-1
Already back from shopping and about to do a nice monday roast,1
I`m just sick of stupid guys but for a moment u make me believe not all of them suck then I get back to reality,-1
_coza  Yep. Live and learn,0
OO YAY 39 FOLLOWERS I WANT 100  HELP ME,1
i`m sick of waking up and feeling exhausted,-1
Ohhhh! Ok! thought that I was going nuts!! Maybe they will pass through here on the way back!,1
Congratulation`s to phil packer on completing the london marathon  x a shining example to us all x,1
Losing makeup bags is TRAGIC...luckily I keep 4 in diff places but I gotta replace my Bare Escentuals  *tearrrrrrrr*,-1
oh Nancy - so sorry for your loss  & wishing you the best!,0
_august84 haha...  may be.. hehe.. I might have been imported.  but i love the heat... love playing football on a hot day....,1
hey twitter  hows it going? let us know how your day is going,0
Is anyone else having problems following and unfollowing peeps? For me this has gone on for over a week!,-1
saw a dead bird on my way to work!what a kind of day to start?! Poor little bird!,-1
morning,0
... and that includes the chota-chota stuff released by Reflexie Arcade too!,0
looks like yet another beautiful day in London,1
http://tinyurl.com/d4l3oe Desktop wallpaper like the inside of a monitor,0
_musings Good morning!  It is raining here,1
what`s wrong,0
that`s sad  what kind of mess are you getting into this weekend?,-1
Oh no!! I hope it`s not bad,1
Happy mother`s day to my sweet mum,1
_StrayCat I sorry!!  Me no like when people I like don`t feel well. Your tummy?,-1
we are looking forward to daddy returning from work on Saturday. He`s been gone a whole month,1
the script are amaaazing! Rusty halo and i`m yours are my favourites,1
_Shan_West Im so excited to see u!! Its been forever  My lil Shan Shan gettin married!!  PS Did u really get a tattoo?? Lol,1
**** marriage isn`t legal everywhere here.,-1
Just got back from Carlton in Greenville.  Benz is getting serviced.  Time to make some money.    I think I`ll make some sales calls...,0
i`m at work starving,-1
flo can spell antidisestablishmentarianism off the top of her head. wait i just did,0
waiting for  to wake up...... hazin a sad,-1
my computer is being stupid and wont let me vote  . if i could i would vote for u.,-1
hahaha well why would you smack ME for that?!  hahaha THE BIG BANGGG,-1
Not been on for a while eh Barry lol.Tweet deck is like prehistoric lol,0
i lost my voice . what should i do ? it`s very torture,-1
Leaving NOLA today  Counting down the seconds `til I start crying. Love this place so much.,1
I can`t join your game... it`s a private beta,0
Cooking brown rice  http://bit.ly/gihac,0
Thats beautiful,1
Thank you so much. That was so nice of you and I was happy to hear you voice  You`ve really started something Good!! xo,1
My ear are popping.,0
still having a hangover,0
trying to fix my internet connection...guess my `prayers` have been answered and i wont have any study distractions  ugh,1
Creating your business in The US from France looks quiet easy,1
is very disappointed that cadbury chocolate blocks got smaller,-1
Waiting for Raimi`s new horror flick Drag Me To Hell. I`m really excited for this! Too bad it`s not in #amcmain in KC,0
odd i tried to call mitchel musso but it dosent work....,-1
@_lightmare There are like six that hang around my house. If you can get it to come up to you... you can keep it.,0
just got home from church. The Service was good,1
Woah! 311 is really good!! The rain earlier was rather nice,1
Happy mothers day to all the mothers out there!,1
How to get a $40 trumpet book - get caught in the rain with an $80 trumpet book ... oh dear  NY,-1
_nicole http://twitpic.com/4t6qx - i have the exact same pic except it`s my hubby & my chihuahua tucker   very cute.,1
Baby just left  gonna get ready (again) and I`m leavin`  Chilis = Full -_-,0
ahhh.. what about the others? like #hoppusday and etc? I`m such a spazz,-1
Spent too much today!!! Tube journeys always take soo long. Braces on thursdayyy,-1
Internet stopped working right in the middle me quantum leap.  grr,-1
just drove with my mom and brynn. my mom said im the worst driver EVER...really??,-1
Watching Gross Point Blank.,0
It is so annoying when she starts typing on her computer in the middle of the night!,-1
cut yourself a slice of cheese cake.. it makes everything better,1
msn-ing. no school  shouldn`t there be more bank holidays? x,1
Finally a Black Disney princess.,1
There`s nothing good on tonight anyway!!   #Sigjeans,-1
Goodmorning yall! I woke up to early,1
#3wordsaftersex I haven`t started,0
at work and it sucks big time,-1
they used to have a Book Expo in Canada (Toronto) but the cancelled it this year  #BEAtwittyparty #BEAtwittyparty,-1
gosh today sucks! i didnt get my tax returns! im so upset cuz now i have to miss my best friends wedding in washington...lame,-1
my name too    (Soulja Boy Tell `Em LIVE live > http://ustre.am/2UhS),0
watching the original sabrina the teenage witch movie. so different from the series but so rad,1
So bored.... couldn`t go to a-kon...,-1
Building Websites,0
- I will see if there`s a used organ shop there & let you know. But why not just sign up to ejamming.com and rock out!,0
I`m like so upset with you.. haha.. you never told me the 411..,0
Beautiful monday morning  so happy  http://myloc.me/tCt,1
paramore songs? one of the best! currently listening to 'emergency',1
HAPPY MOTHERS DAY TO ALL THE MOMMYS EXSPECIALLY MINE  LOVE YOU MOMMY,1
So...woke up in time just for work.....boo,-1
in my opinion one gray hair is one too many... I have way too many as well,0
Morning. Forgot my daily booth yesterday.. shocking! I want to sit in the garden today and read but we have a huge bees nest,-1
Twitter won`t let me update online. My update box won`t work.,-1
Chroma Key coolness ... When are the cumulus seminars going online couldn`t see the live feed here,0
The city officially smells like dead fish,-1
i am outta here... see you guys later (or tomorrow)... happy mom`s day again!,1
This is sad,-1
are you having any problems sending images from Twitterberry  mine just doesn`t want to work ! ****,-1
In a Drill Sergeant`s voice: everybody wake the **** UP!!! *flicks on everyone`s lights* it`s 500 est rise and shine beetches!! Lol JK,-1
is going to see wolverine and is a lil bit excited,1
Im so tired. And its so gloomy  what happeened ro summer?,-1
What a beautiful day! Going to edit Lisa Maxwell interview from her last day at The Bill now. Shame I can`t see my laptop screen outside,0
i don`t understand the whole follow friday thing?,-1
I don`t get it...,0
Can`t sleep!!! People keep textin me!!!,-1
_ more than youl ever no ! !! ! !!   ****,0
Gooood party last night (: Although I am extremely tired now. xD Off to bed to lounge around watch tv and sleep all day,1
Joining twitter! Just added a random person,0
what you took your bracket off... ? And now it`s time for bed !,0
the commies at their finest: youtube and blogger are blocked in china. no updates from us while we are in china.  but GREAT WALL CONQUERED,1
It`s teddy chucking time,-1
Bluedart takes a shipment all the way before figuring out 'No Deliver' and then bring it back! Databases anyone?,0
was able to create an iTunes acct but can no longer redeem the Kris Allen album. note said it got canceled,-1
This thunder is scaring the hell out of me...geez...I HATE THUNDER  we better not loose electricity... #fb http://myloc.me/2144,-1
I`m SUPER tired and probably could sleep ALL day BUT I work 12:30 to 9:30 today in Tool Rental... Oh the Joy!!,-1
friends from Traveller`s Tales held a farewell party for me but I kinda disappointed them that I would still be here until Sep. My fault.,-1
How I met your mother and Scrubs in role! YEAH! 'Cause I`m FLY!,0
How about give golf lessons?? AND sing to your student taking lessons??    (JAKEOWEN2009 live > http://ustre.am/2S1Y),0
hey thanks mate your cool coz you watched it...,1
hey rocstar,0
http://twitpic.com/4wsk3 - too cute,1
not playing here either,0
I dont know  I didnt even realize it was gone  let me put it up again...darn twitter!,-1
**** it. You don`t look well. You have to go home.,-1
yeah it is I feel sad tho.,-1
I`m going big weekend  cant wait to see u! x,1
i am glad cos u wouldnt lose me as a fan anyway  i get to see you guys on saturday evening at leicester  it better be good!,1
should have started working on this lecture MUCH earlier  using tag clouds from google news to explain basics of content analysis...,0
ROFLMAO for the funny web portal  =D,1
Woke up after about 6 hours of sleep. Feeling better now,1
My phone passed away yesterday.. He jumped off the table  Searching for a new phone...,-1
**** you is all i have to say,-1
I`d rather do the early run..but I am a morning runner,0
http://twitpic.com/4jalj - Morning world. #healthyliving update. Weight this morning 82.1kg (12st 12lbs) Going in right direction,1
Cheers. Wish I had more fonts to play with,1
Awwwwwwww man my baby dried up.,-1
it wont let me,0
Sorry to disappoint. Not a big Nascar fan but I`m still an all-around decent redneck other than that.,-1
_ife not to forget cinnamon!,0
It`s hella itchy!  http://twitpic.com/66m7f,-1
I had my hair in a messy ponytail all day & I took it out just now and it looks really nice (: but still messy,0
Missed the hello kitty  not enough time oh well,-1
[Somewhere - Within Temptation] returned to mysefl. Keep working hard till June,-1
___ haha im gonna follow my dreams now  well...ur dream haha im still reading over it for the 90th time  :p,0
Having to write a real looking paper letter. Not done one of those for a very long time. Sad really.,-1
yes LOL that`s good one .remeber that bottoms are always the top .,1
Very excited as we have just booked tickets to Vegas (we live in the UK) can`t believe the  price of the show tickets,0
ohhh I remember when you gave your dad a shoutout at the mcr at MSG show last year. that was so sweet,1
@_kotenok !!  ... maybe they took one look at you and said 'That`s our girl!',0
Hey Split Rock -- I`d know that llama anywhere,0
i miss you SO much-o,-1
The one and the same! Should be a good gig,1
At home sick.. On a friday...studying is all im doing at this point.. My weekend is so ruined,-1
that sounds like the scariest zombie dream ever.,-1
_Laurie my thoughts rae with you and your family,0
#Happy Mother`s Day euch allen,1
it`s the little thing that links us to England,0
happy mothers day to all   im off to spend the day with my family,1
thx for the tip.  how did you figure that one out?,1
because your mean to me and it makes me sad!,-1
_am_umlaut oh no!  i`m very sorry to hear,-1
Maybe I`m lacking in Friday feeling cos more of my trousers won`t go on  Thunder thighs!,-1
Hey hey get tickets to ALL TIME LOW when they`re in Aussie kay. www.myspace.com/destroyalllines Yup. Go there get tickets,0
Basil will be the highlight of my day. I`ve just had an old man lecture me on the greatness of the Telegraph. What an idiot,0
Right all strapped in and ready to go   http://twitpic.com/4jloj,0
i miss justin timberlake`s voice. i want him to make new album again,-1
@ amhzz... did u get an invite? I miss u,-1
they are a long way from the sea  unless they came from Gloucester docks.,0
I really like Lady GaGa`s 'Paparazzi'...  #whatshappening,1
_Edwards Heh heh. Odd but amusing. Thanks!,1
I just got home.  i bought twiggies and a toothbrush that promises to make my teeth 60% cleaner. - http://tweet.sg,1
Leo Carillo Beach and WIll Rogers State Park are on the list of State Parks that might close      http://tinyurl.com/lhq8gs,0
ok then,0
i been coolin and **** ya know me,0
Can someone chemics ?,0
http://twitpic.com/4jcfg - About to cycle within this quarry on Shipley glen near Baildon moor before heading back through the woods,0
This is not my day,-1
white-water rafting in the tripics,0
I feel useless I don`t know what to do right now. I`m so bored,-1
In Seattle Washington....im SOOOOO hungry&i miss alaska,-1
Will try to make it there at 6:30pm,0
is making everything fabulous tonight,1
Just realized you can get arrested for public disturbance. oh well i`ll take my chances.,0
YOU SHOULD TOUR!! *lol* I live all the way out in Tennessee! :-P jk. How would you do that?,0
http://pic.gd/fad84c One Sunday night at Helsinki. We hadn`t drink anything... xD yeah RIGHT!,0
i didnt think the vid was hoeish i actually love it.it was so nasty  lol,0
And it`s such glorious weather too - poor you,0
mhmm idk i thought of just showing up and freaking ppl out hehe...but yeah i TOTALLY understand if it is just for u guys  VN sounds cool!!,1
Epic ocd moment? I deleted my sims file that i spent hours building just because i set his favorite food wrong,-1
Your welcome hun!    They are all amazing people - make sure to say hello to them!,1
I don`t think they sale Ciroc where I stay..****..thats just my luck,-1
PRIDE next weekend in Long Beach!!,1
Aparantly it`s #starwarsday so enjoy  don`t quite know what your Kent to do but be happy anywho!,0
WOOHOO!!!  My broom isnt up to standards....there is no seatbelt on mine....*whispers*  I like the Swiffer...,0
omg i am in so much pain  ouchies,-1
Their is no such thing as TRANSPARENCY only selective OPACITY...,0
I`m a good girl...ALL work is done,1
sam and sean are teasing me saying they are gonna get wings without me,0
Having horrible nightmares not gonna go back to sleep,-1
Is watching the final Underbelly,0
listening to music...feeling kind of down,-1
home from ice cream tweet-up (my very first tweet-up!) No pics because my camera battery died last night and i forgot to charge it,-1
i may cry **** this weather got my **** burnt (nt literally jus my shins arms n chest) legs hurt lyk a biatch  slightly enjoy it tho ha,-1
I couldnt come to see you in Southend on the 2nd as I couldnt get the tickets :[ Ill have to come see you when you solo tour,0
funny u havent showed me any love yet at all,0
goodnight lovely,1
Where is the sun!!,0
Got my hair cut. Great.  stupid gum.,-1
At my cousins wake,0
eating halls cuz i have a sour throte,0
http://snipurl.com/hbp3g  Canalway Cavalcade over in `little venice` near Warwick Avenue - on today too,0
Today is not going to be relaxing like I hoped.,-1
boston needs one too,0
I`m okay. Ima go to the park and play some ball. Not in the best of moods. Got stress to relieve.,0
LAST DAY in St Andrews.. i will spend it on west sands! and then packing,0
I`m loving the humidity right now...great for the skin....another love that won`t last,1
do you really smoke???,0
_Jane14 okay well then now i don`t feel so bad lmao,1
were gonna go crazy before you leave,0
happy happy joy joy    is that good enough for you,1
I would much rather you didn`t punch yourself in the face...it might hurt,-1
....what? i just copyed some other chicks reply and wrote it as my own,0
probably because it`s getting chilly here,-1
yes 7.50 here thanks for the change obama. I have to start mail ordering again,0
I have had it with job hunting. I try all day and nothing works  I bet I couldn`t even work at the **** because of my cider belly!,-1
Feeling loved!  My Mom got me a Nikon Cool Pix for my birthday!!!!,1
Wild Oats Pinot Grigio = v easy to drink,1
if she sees that she will cry! lol,-1
does not want to go to sixth period.,0
i <3 my new picture! its so pretty with the reflecting sunlight on the leaves!,1
nope  don`t you think it`s a crime? :/,-1
Guess I`ll be running in a little bit. Accidentally fell asleep,0
unless absolutely gorgeous I`d rather men stayed covered up! Have seen sights today to put you off your food.......  #ukpubs,1
happy almost mother`s day,1
Whaaaat a strong rain just came over us here in Santa Clara. I wish I could sleep but I got to attend to an important meeting,-1
If it doesn`t work out drop me a line. I would love to talk with you more about this,1
... Still feelin like blah... 3 more hours,-1
damm i feel like the song of dead and gone by Travis Garland,-1
Polaroid film today?! I hope so. Green tea = Yum. I got a 8/9 on my appearance for my 'job' interview. Too much cleavage?,0
-was just told by Dan to NOT say anything anymore...  -now im super sad =(,-1
I`m sure  would know of more,0
I don`t have any,0
Anyone want my chocolate nutella mochi? Its just gonna go to waste,0
Sitting in the KAUST offices. Sun is shining and surrounded by busy people... ace,1
I can remember those Evidence Based Management lectures...definitely the best of EBM,1
Sorry  I wasn`t doing the inviting...all single women I think.,-1
watching keeping up with the kardashian on youtube,0
Please don`t forget us,-1
Wow no one loves me,-1
Not feeling too good,-1
thank you for the re-tweet,1
I am like the most saddest person on jtv right now because you are not on,-1
I`m off to a fun filled evening at a funeral home ...  Joy.,1
Happy Mother`s Day to all my favorite moms.,1
I am going to start using  for fast access to m.twitter.com at school,0
BEP KILLED IT! Oh and leighton meester waved at us!,-1
i feel like dyeing right now...,-1
mon ami since 5 years young  I loveeee her. Foreverrr,1
now that you say that you do look like demi  hahaha!! Yessss august 2nd will be a blast,1
Hello  ...hehe yup we sure do ...lovely to `see` you ****,1
apparently you are not getting on anymore... sad,-1
People from England can watch this one  Thankyou,1
_uts bass love,1
Is getting more and more excited about thorpe park tomorrow,1
WORD!!!!!,0
hahaha tempting! but nvm la. i`m quite a klutz.  i actually fare better with my hp cam LOL,1
Checkin out oramarecords.com. Got a fever and cnt sleep,-1
http://twitpic.com/4wjai - Joe`s the photographer of the family. Rehearsing is always fun. For the first couple of days it is at least.,1
Haha how exciting  wat does it look like?!,1
Pissed at you   http://myloc.me/21CU,-1
thanx,1
Cheifs beat the `Canes 16-8! Top of the table! Wooo! ...and up go the Sky Sport Virtual Rugby points.,1
Shoping till you drop david..haha..enjoy your day,1
a good girl nevah tells hahahahaha! hope you had a good weekend,1
Watchin Hannah Montana  Hoedown Throwdown,0
gettin ready for school my new converse come in today!,0
Thanks so much!,1
Star Trek.. Did not disappoint!  5 star!!,1
Back from Miami. I miss South Beach,-1
im soo bored...im deffo missing my music channels,-1
ze Franz has not friended me  i think they think i`m a creepy stalker or sommat. Hmph.,-1
I miss rollerblading down Shoreline.,-1
its so sad how dead it is.,-1
hmm Have to admit was a good episode and his man bag was rather fetching,1
Thanks for your definition of throwbie!  Editors reviewed your entry and have decided to not publish it.,1
I sure do wish my mind could enter that box called 'nothing' that men have.  My brain just won`t go there... and it`s exhausting.,-1
Why can`t you? Are you rooting for Ali in the Twitter war?,0
_sydney is he on twitter?  I know  he is into photography. Runs also popular photography blog too.,1
I accidently dropped it & now the screen is all messed,-1
Want to get a Blackberry but can`t afford it  . Just watching the telly and relaxing. Hard sesion tomorrow.,-1
Farewell dinner with my kimmy. Last time i`ll see her in a while,-1
star wars ............ is **** BOO??? i wanna do your job HAND IT OVER  u can act as me at my high school   LOL,1
.. IN SWEATERS,0
going to hannah movie @ 6.30,0
Do you have any idea when the (not so) patient fans will see some teaser pics of you all in costume?,0
you know you love it   Stat-K,1
Its beautiful outside. I wish i was in new york city. But this area is pretty cool. Hip and trendy.,1
Okay I`m seriously bored. I have nothing to do. I can`t go out cause it`s raining.,-1
being surrounded by student houses having barbecues and playing **** music is hardly conducive to a good job-applying frame of mind,1
hahah lucky!! i have to wait 4 days! poop lol where abouts in the gold coast are you? (if u dnt mind me asking),1
****! ayoko na!! I said that in tagalog cuz idk what to do anymore!,-1
_26 i wish you were here to take care of me,1
Anybody else think that #win7 is pretty much Vista SP2?,0
someone is ignoring me  & being mean..,-1
thanks got it will contact you if i am having troubles!Thanks,1
Field day is sad. No ribbons for me.,-1
lol y??? .. trashed the kitchen ?,-1
So cold in here!  getting the chill,-1
niggas got they eyes on me and i aint talkin bout da BM when i say i got 745 on me,0
Thanks  New work will arrive in a few weeks,1
I also used to be close with adiel and sabby. But now they changed alot. I like when we were in sec 1.,1
are you all going without me,0
Love thy self. Keep it simple. Learn Tai Chi. Those are my aims today. Beat up ankle is less swollen  I am on a no negotiation vacation!,1
Tryin to upload a new pic but this **** says its too big,-1
another friday night with nothing to do ...boyfriend works until 1am,0
K will check it out...,0
Awww that`s so sweet  Wish you could see yourz 2,1
thanx Tom  love u too !!!!!!!!!!!!!!!!!!!!!!! have a great day,1
About to have lunch with _Deakin meeting with the Prof didnt go too badly,1
wow! that is an *awesome* review; carry it with you everywhere; laminate it; read it when down;just plain cool,1
good. that was the intent.  hopefully others get the same vibe,1
haha that sucks! actually mine is worse. mines ft math  eww,-1
Re-pinging _B: Is it pathetic that my mom is my best friend  hell know I talk to my mom bout everything everythinggg,1
I`m so proud of Dr. House for detoxing.  His Amber hallucination is evil!!,1
a couple of YEARS? I may die without my Kateage.  *keeps fingers crossed for you tho*,-1
aww  you loooove me,1
Today is lame because I am not in Orlando  I am soooo looking forward to NEXT friday,-1
haha i wish i could! I look like a little boy now,1
Have fun amorsote even tho u forgot my bday which is today,0
Aww I heard I just missed you two  &  !,-1
Laying on my bed. ONE spot smells like vanilla.  awesome,1
please wear glasses in your next video!  you look amazing in them.,1
Good morning!!!! Yes is 5:57am,0
_MEXICO Hey hey. No problem.,1
Off to get ready for toms..  gotta go make sure he`s not done anything stupid  ill tweet later.,-1
Check this video out -- ScriptGirl Report 05.08.09 http://bit.ly/hclXP ... I can officially now survive the weekend,0
prettty goooooooood   going to daaaaaancing in a mo and havnt studied much for maths :|,0
TY my friend. Yes ur right.... a daughter is a daughter forever.,1
ngobrolin favorite bands at the moment cii... kesian ya kamu speakernya rusak HAHAHA  benerin dong ci.,1
My throat hurts,-1
I`m cooking meatballs for lunch  yaaayyy ...,1
Perfect way to end a totally boring day? Sleep. Goodnight,0
omgsh i know  i`m dealing with that rite now. its no fun!,-1
having a great time with family!! big ups to my bro n sis in law for hanging out  love n peace! {be free},1
found out my 'friend' isnt actually. but hey **** happens.,-1
sunniest day in ages and im in bed,0
oh i hate friday evening.,-1
sleeping in was interupted by JACK-HAMMERS at 9am ****! Universe says GET UP! But I was up intil 3am `cause I thougth I`d be sleeping in,-1
The Priests were really good. Guess they wouldn`t be welcome on Late Late at the moment,1
I ? JONAS` second episode! Aww! Nick is so handsome,1
http://twitpic.com/4visl - WOW this looks incredible! wicked job on the butterflies! they`re fantastic!,1
_gurl_cece what up?,0
I sent u a direct message.. there`s my mail,0
`answers on a postcard`?! What century are you in?,0
i feel like ****,-1
I haven`t talked to you since the last day of school!  that`s no right.,-1
have a Happy Trip!!,1
Better then her getting mad and using the floor,0
Is now back at the school working on the bach.project,0
i`m so hungry,-1
Sharapova loses 1st set 6-1,-1
Happy to have a Sunday off from work,1
Just read up on your Mom   Hope she`s okay!!,1
Just finnished my Double Cheeseburger. It was good  Ready to watch the Spanish F1,1
http://twitpic.com/45r61 -  saddest thing i`ve seen a while,-1
super stressful day & can`t sleep...glad I found you your so sweet to take the time to make strangers feel good.,0
just wake up.and i got flu  http://plurk.com/p/x2zp6,-1
Its summer and no one has texted/called me. Im a loner,-1
maybe cause you look so innocent,0
Goodnight all! No iPod still but found my old MP3 player...we`ll see how long it holds out for.  ****,1
Nothing to do. Just sitting here. I can see Mrs. P and her husband,0
Field day.... Gt class...not winning...,0
So booooored  I learned this though! ????????,-1
Woo Hoo.!  I made it to one of your Favorites!  See.... Monday`s Rock!!,1
which means you`re just going to have to come back to vancouver and have it our way! hahah,0
Apple is expected to launch a new iPhone this summer.  Hi my name is Judy and I am addicted to Apple products.,1
Got home from audition awhile ago. I think it went pretty well  Now my math homework is calling my name -.-`,1
oh how i love texting my drunk friends  hahahaha,1
twitter tends to do that to us,0
Yea I think I waited to long. oh well. thats cool. I should have signed up for more but I`m already done with core classes,1
_Joelted i will definately be there tomorrow,1
of course its not coming to boise,-1
stopped at the store to pick up some items and debit card is missing,-1
Believe it or not I`m a super geek,0
I have tea! & have just found a picture of the big snail from the walk yesterday.,0
_harris  There were way more than two! Ten hours of real-ale takes it out of you,0
What were you doing up at that time??,0
i never get any followfridays,0
GrimeStopper loss  client lost their job so we did too. Hope the quote later today turns into more work. Drowned my sorrows w a huge h ...,0
Im home where i am about 2 drink alone.,-1
OMG I`m sorry to hear that! I will keep my fingers crossed that you find something,-1
anyone got JBs live chat vid? i was @ school  I saw joe hug and tackle nick lol,0
Munderday. I like that.,1
cambs will be better im sure! eeeeeeeeee under a week now  we meeting on the Sunday?,1
Thank you all for the huge response w/ blessings & congratulations for us and Anna... We`re indeed a family in church  love that so much,1
Cleaning time soon,0
Problem with my must do list is: once I write it I usually forget where I`ve placed it...1st thing on my to do list--find my to do list,-1
you will be great! Have a wonderful first day,1
hiccups,0
don`t worry be happy Ryan,1
...I need a huge favor of love. Anticipate texts from me,1
Nice glasses. Looks good,1
RIP leonardo. You were a great mini fiddler crab,1
fuming over ebay purchase gone bad. outta $45 and have nothing to show for it  %$&!,-1
ahh I gtg but pls help me with number 3 I`ll come back later to see what u said  haha plz and thank u,1
PRE-ORDER collection is launched! EVERYTHING BELOW $20  VISIT US NOW http://bit.ly/haDfr,0
if you hit a car .. u should leave a note http://bit.ly/P274B  but yea put whatever u want on the note,0
rblpnBro  Not quite where I need to be here ... sad but true. Soon however all will be WELL  6wks ? http://blip.fm/~5z4ve,-1
hope your day gets better soon!!,1
- God i`m up early. Hayley still asleep but today is party day so i`m getting stuff ready.  x,-1
Dinner=Buffalo burger with provolone cheese melted on top with beefsteak tomatoes and spinach. Divine. Pic on facebook to come.,0
Whoooooo! Spcn 2009!  ready to cheer for !,1
Just watched the movie The Holiday. I had forgotten what a feel good movie it was!  Lovely evening.,1
im up  ..going to work!,0
Just talked to Anthony Rapp. Face to face. !!!!!,0
Yay Happy Mother`s Day  #fb,1
I like  already  (new follower to join in midst of zombies mayhem),1
dont ya know? people love the human society,1
Not any more.,-1
friends romans and country men lol ppl need 2 help me out and say i have twitter i dont have any friends   loner loner la da da,-1
: Am sad i got no money on my phone. Ahh well  lly Mitchel ****,-1
Wants somebody to cheer her up,1
aww I wish the same thing...,1
Getting bored sitting at the hotel room the entire day,-1
I love to Read  And i love Film making,1
is  happy  cause  my  voice  is  back  <3,1
Sewing things is nice  I feel crafty and productive. And foxy.,1
Yahoo ! Great! Always nice to hear successful stories!,1
Are you sure you want to know?  It`s http://bit.ly/AUuAC - it makes me want to run. In other news: Happy Star Wars Day!,1
The fam back on the Big Island said the vog has been so bad that they can`t see the ocean. Sad!,-1
I SLEPT THROUGH MY ALARMS  woke up at 6 instead of 4  i feel like a complete tool,1
Ok the thunder is scaring me,-1
nite nite twitts i wish u all a happy sunday i already have my major gift my my 2kids-my bro-n @_agressiva23 n 1 other gift on d way  tyg,1
My student just walked in balling.  She just witnessed her dog getting hit on the street.  I don`t know what to do to cheer her up.,-1
Hanging out at the San Fran airport. Got a few hour wait until I go anywhere...BTW SFO`s $7 wifi is garbage.,-1
I wanna go shopping!! I don`t get paid till next week!!,0
Just saw a fox!  as i was getting on the freeway... I hope it goes home,1
I think we have it pretty much figured out.  added a box in the Helsinki group where you can see the tweets,1
sun - where are you?,0
when he`s there. he wasn`t there today. sadness!,-1
there u go,0
me too baby... Miss you,-1
Brilliant  Thanks! Not sure what brownie points will get you though!,1
Is still stuck in the office working!,-1
my sister is a douchebag,-1
Thanks  Give it 5 stars!!11,1
I loved johnny carson now I`m going to hate seeing jay leno go  (via ) that`s what I was waiting for someone to say!,0
im pretty sure i miss watching 'Yo Gabba Gabba' with my niece,-1
Still in same queue barely 1 metre from where i last twittered. This is insane. And i paid for this,-1
well.. all my slacking off earned me a D and a C   but at least everything else are A`s and B`s ^^  next school year all B`s and A`s Esh!,1
_pearlman  mow love mow,1
ps it`s rainging,1
What a bad day,-1
From Portugal to Derbyshire. At least sun is shining but lawn looks like Percy Thrower is Gardner-in-Residence! Weekend jobs =,0
Guess I have to go back and scrape out the oven now. Blerg,0
is updating you LIVE from Benihana of Tokyo in Waikiki  Happy Birthday Mark!!!,1
Britain`s Got Talent? Such a cute little girl. Feel so sorry for her!   Hope Simon finds the time! ****,0
no omelette today  dim sum tomorrow! FEAST!,0
http://twitpic.com/67l90 -  girrrrrrrrlll i`m going to miss you so bad!!!!,-1
Stuck in traffic on the 91 on the way to costa mesa,-1
two. Just going to visit someone,0
that`s dope!  stay out of trouble,0
Just been asked to sing yet again....aha. coffee mornin this time. psychology past questions&revision suck!,-1
I have tried. He doesn`t want to listen. I don`t know what to do anymore. I just feel like HE doesn`t care anymore,-1
_ann_cole  i thinks thats right lol... please follow me... much appreciated,1
is still waiting.,-1
Y CANT WE ALL JUST GET ALONG,-1
why do you hate me!?,-1
perfect night in nj.,1
Picking up a couple toys tonight! D300 and 50mm f/1.4! YAY!! :-D Just for the weekend though,1
i love that song,1
I cant watch anythgin till tonight,0
_Thompson u may need this pill...i think u are crazy...here take on of mine,-1
On my way to lake geneva and I miss my laura,-1
wow.. purple leopard skin.  fieeerrceee..,0
Happy Mothers Day to all you mom out there,1
_recordings Alas no - this is all occuring in an office in central London...,0
In class till 12  wishing the rain would go away!!,0
i can`t see results for whyareyoustillhere,0
can you send ringtones to iPhones?! Idk how to regular ringtones for it,0
I wanna longboard but it`s raining ughhhhhh,-1
dunno. Maybe the flu. I feel a bitbetter now.,1
If I loved this any more I`d streak thru the hood damnit ! I`m pumped,0
I`m sooooo excited to see you also love.....let the craziness begin  7 daysssssss YAHOOOO,1
i want to see my bud mel  miss hur loads,-1
And then you find out today they had there first kiss! },0
im so tired  &i miss dionee already.,-1
Thanks very much for the #ff  ! My only one today,1
Bwahah I love the jackass movies!  I have chocolateeee!,1
I`ll check it out!  Thanks  and good luck with your book!    Bella,1
I did?!  yay! Where did I get that extra ï¿½300 from? Hmm.. anyway  I`m going to be partying hard when I get it,1
Thx,0
bud light?!?!?!  up in Massachusetts and no Boston Lager?  Guess I won`t catch the next flight   njoy!,1
why you never answer me...,-1
Planning a road trip down to San Diego- With a detour into Vegas to celebrate my birthday! Too bad it`s 7 wks away  I want to go now!,0
wishing my days off were the same days that people wanted to party.,0
Oh we`re friends now? You know you`re so up & down with me.  I retract my last statement thennnnnnnn.,0
awww  omg garbo fake playing during one of the songs!!! haha,-1
That`s awesome! We have that this weekend too but I can`t go because I`m moving this Sat.  I should be a lot of fun though,1
ekkk..thats ruff..hope you have a safe flight and good meeting,1
happy birthday  and  congrats  wish you were here for your lady..ill take care of her;),1
is needing to make a new video,0
had a nice brunch by the bay.. Thank God for Mommies!,1
http://twitpic.com/4w06l - LOVE IT! U have a great job!!,1
lmao! You baked non-stop? Sounds like yummy fun!,1
No. That would be too easy. All I have is the user manual which is not enough for me to claim his bike,1
I have been married 1 year to the most wonderful man,1
i think my ipod is sick  it doesn`t want to connect to any wi-fi . . .,-1
i`m sorry to hear that,-1
at work!! Agh I really need to go with you  what days do you go so that I can add it to my schedule!,1
Miss you in that 70s show!!!!!!,-1
HAPPY MOTHERS DAY.!,1
baseball games whoo hooo  when to banquet yesterday at the hyhtt sooo fun,1
I can`t  has blocked me.  I can`t even request,-1
getting my hair cut todayyyy! i`m nerrrvous,-1
I`m out of town next week   We`ll have to party when I get back. Happy early Birthday!,1
I just saw a load of ambulances & police cars & a car smashed up with a roof lying in the road.  :'(  that`s 1 man dead 4 sure.    .,-1
im nervous :/ i want  to gimme a bear hug,0
nobody loves me on twitter,-1
sounds good. Appreciate the suggestion. Been a week now and we`re still offline  Time to ask for a refund...,1
Brooklyn!!! We went hard!!! Now back up top!! But 1st Hajji`s...yea again  http://tinyurl.com/codla7 http://ti.. http://tinyurl.com/cr8hjs,-1
http://twitpic.com/5wb0k - what a mess. we`re missing the bra strap.,-1
I do not mean to laugh but a little giggle did come out - sorry,-1
This has made my night!!  Way too funny!!,1
oh yah her and angel came and harrassed me and tried to break in my house!! lol  Burgen,-1
quite all right. **** sounds better than clock coming from a female anyway,1
really ill atm,0
I wish I was in dallas with the kiddnation family,0
that sounds awesome..,1
Getting rather annoyed at my notebook. I know it`s old and has got wrinkles but it`s never been this slow before,-1
oh you crazy kids and your stress. try effed / not effed; followed by acceptance. works wonders for the rest of the world,0
we miss you in SE Asia. Come visit us when you have time.,-1
its like that with the goo goo dolls for me. Then I heard 'iris' and absolutely loved it,1
Liking the Windows 7 Release Candidate so far... (also liking my new video card and terabyte harddisk  ),1
ME TOO! please come online *-* hope you`ve had an amazing weekend,1
Last Tonight Show with Jay Leno Tonight!,0
'Stop your twittering' - Maryland cookies #bgt,0
hahahaha. Nahh sowwieee.  I had to git a shirt to match dez sneakerz nd idk if they da same color. Aghhh =O lol,0
Got a right bad headache,-1
is that it`s welsh name?,0
Hey Wanda great to tweet with u and many thx for the info re dobro and what a fantastic sound. Son House is a fav of mine,1
is at cindy babys house......taking in these last fridays we have together  DR!!! i hope,1
Hope that migraine doesn`t stick around for too long.,1
I am sitting here taking a little break and trying to recharge so I can continue housework,1
whats up? im sad  you didnt text today.,-1
Ugh i hate photobucket! an amazing place to edit pictures is: www.picnik.com  i use it alll the time.,-1
is wondering why no one else is following it....  C`mon people!,0
Great to be sunbathing in my garden.  And this afternoon I`ll be watching ADO to see if they can win this important match (on tv).,1
I know - no probs. The driving bit always gets to me this time of the ac. year  Which bit of sea are you going to? Aber?,0
I thought I was the only one with the tags on the outside of my shirt,0
_STYLE  I like it,1
is fairly upset at the fact the twitter/bgt session will have to commence without Sam..,-1
I totally forgot thats its friday till I read `s tweet. Ha. I feel dumb  *Take A Breath*,-1
i got over the crush issue but now tomorrow my friend is going to india for the whole summer  im back to being sad.,-1
No blood drives in my area.  I`ll keep looking.,0
Hanging out with Dan from Houston Calls!!,0
Goodnight Beautiful world  sweet dreams. olive juice!,1
http://twitpic.com/3bnas - oh my god! you`re adorable! ilove you so much  you are my inspiration Nick!,1
Super bummed the Whitecaps game plans with friends fell through...I now need to be home by 7 to let the sitter go,-1
You guys dont get too drunk without me,0
I chilled in my room with my baby book missed my bro leavin  he really is cool had a stripper shirt on said I suppoort single moms! Funny,0
#com125: we have a quiz! again .. Feliza is bugging us again  its getting very annoying!,-1
20 mins from BEJ to Semanggi. Traffic on Friday  *siggghh*,0
I`m all stuffted up but I gotta gets up & go netball,0
My 2 favorite things. Fuzzball and Swine Flu  http://tinyurl.com/dhpol7,1
Trip to the zoo today,0
Eh they shut the freeway down! omw to a job interview so i guess i`m gonna be late,-1
took my computer in for a new dvd drive & screen wouldn`t come back on  Had to order new computer & wait...,0
Thank you! You know I really love `BHB`,1
92.7 is turning it right about now.,0
I have 3 computers all going now.  IE 7 on XP and IE 8 on Vista  all are still NO Shows!,-1
gear troubles all day long!,-1
I scratched my iPod,-1
Gotta go to the doctor this morning  i feel so sick right now. i can barely talk but i`m still yelling across the house lol,-1
_crow he`s happy because hs is there haha I know we would be,1
_rocks19  i have to break the twitterparty... im off home soon,0
_370 i thought he was off until next week...i think we have another week to do his ohmygod please tell me with have another week,0
wasnt it supposed to have been in for yesterday?,0
havin friends over hangin out with christian tonight!!  gonna roast marshmellows and chocolate and cramcrackers.!?!?!,0
those photos are lovely! Who knew you were as talented a photographer as you are a journalist!,1
Friday tubes at work are slow..,-1
no phone call yet.. 20 minutes until I pluck up the courage. I WISH MY PHONE WOULD RING,1
http://twitpic.com/2aa0m - So this is where you`re getting the $$$ for the island,0
Sorry to hear about the laptop troubles. Hope you can get them fixed and the lappy back to norm.,0
dude i am so sorry!!!!! I never got that number for you my fail  i just remembered,-1
fell down while holdin kales hand today...I hurt my foot & he bruised his forehead  im such a klutz!,-1
hey we were doing the same thing this weekend! but it was for the kiddos...gotta love ikea,1
At the reception eating some nasty **** pasta Woot! But other than that its beautiful!,0
Can`t get the sound to work while on DVD. I was going to watch Mary Poppins.,0
_nash Ba-dum-tish!  You win,1
when living in Spain..you can NEVER take a hot shower for granted..luckily I have nice friends across the street,1
uploading PCD onto my iTunes xD i used to have it but certian events caused me to lt sadly,-1
i JUST **** cleaned the whole kitchen....and the **** comes home & is going to make a mess of it...my mom didn`t even get to see it,-1
Score two days I get more food stamps good cause i want a safeway pizza,1
What??  Nooooooooo      There goes my weekend!,0
I had to work and missed it    Shannon could barely contain herself.  She had an amazingly good time,0
Playing with my puppy,1
_ good morning - you`re up early! Feeling enthused to design your life?  thanks to manics for that phrase,1
It`s Midnight - I`m outta here.  HAPPY MOTHER`S DAY FELLOW MOMMIES!!!  (And to non-Mommies too).  May EVERYONE have a special day!!!,1
Had to eat my sandwhich since guys were in a meeting. No sushi to brag about.,0
Neil just picked me up for the show. My tailights out  cause of heartless hit and run.,-1
Loll whats boyfriend #2 supposed to mean then?  its to cold,-1
they frown on us googling alcohol at work,-1
It is hot here in Texas and our ac upstairs is broken so its really hot at my house.,-1
i cant wait to see you guys @ hq on sunday!!,1
Indeed!,0
Very content with my life at the moment,0
_juansimon God I`m bored. Wish we could`ve done something 2night!,-1
My dog is suffering from abandonment issues. She thinks I`m moving without her.,-1
Now english academy,0
New comic posted. Introducing  'Joe! - The Mini Strip'  http://tinyurl.com/oasxx2 (via ) cute Mother`s day strip!,1
*hugs* listening to EBTG 'Each & Every One' perfect for public hol Monday morn with cuppa T,0
thanks you soo much i need this day for these five kids lol,1
bamboo/jade green !,0
i was screaming like a maniac!  But the thing was u couldn`t scream on the ride which sucked the fun out of everything so...,-1
@__SANDY i dont know! they sent out emails using my account about random stuff i didnt even understand i changed all my passwords,-1
listening to a new Stolen Sheep record,0
I'm so happy about the news!,1
enjoying this whole relaxation thing,1
Crawling into bed super happy that the Penguins won tonight,1
3 tweeets {:    FGS tweekdeckkk hates me  -cryyyy,-1
yen lol but i can only get the vid on my phone and ipod cant find the song  lol,-1
Many many thanks!!!  (it`s about school!) Weeeee!!!,1
I`m so down again.  I wish I could share my problems with someone...,-1
off work yesss ! super hungry,-1
briliant! May the fourth be with you  #starwarsday #starwars,1
ahh sore throat and tired. want to go back to bed. but have work,-1
you are one of my favorite musicians/artists ever!! Please keep up the great work John,1
no clue wtf im doing,-1
live long and prosper,1
I can`t have any.,0
Just got a bunch of presents in the mail from my mama! So excited to open them on my birthday... 3 more days!,1
Ugggh. Its so nice out! I don`t want to be working with back-up dancers.,0
Was woken up by my screamin lil nefuew,-1
jerk josh! didn`t even come meet me  - im thinking of a number guess ?,-1
Oh no  I hope you reach him!,1
mmmm yes please,0
Nothing exciting from me tonight....got some new toys to play with though  Happy Mother`s Day Ladies,1
The John Lennon poster. My inner fan girl is dancing with joy.,1
so i got to my exam centre n they said we can`t let u becuz of your sleeveless top! U cud BELIEVE that!? i had to go home,-1
awww boo! I **** lovee doing all the girly thingss,1
awww i missed it  twitpic?,-1
Our plane had landed!! FINALLY gonna get to board...an hour late.  stupid rain!!!,-1
Lots of noisy peeps outside,-1
Sometimes I could swear I really am insane.,-1
ment to be doing hw but not going to happen!!! Ill pray for tia!  Rose is in the shower so sh.. http://bit.ly/VMv6U,0
Oh noes! The TV is broken  No red standby light or anything... checked the plug fuse... now to the inside,-1
I hope they re-run this nerdprom later-  sounds like they`re having LOTS of fun.  Thanks all for the play-by-play,1
_ oh god i just watched it to!! did claire escape? AGAIN!!! it was really quite sad,-1
aw taxi man is going fast just for meee,1
Is almost pacing while waiting for UPS truck with my package from Ichiban Kan -- probably not until 18:00 EST,0
Game 6...who wants it...u already know who the league wants,0
I work tomorrow,0
is envious of people not in long-distance relationships...she`s all mushy with no one to cuddle.,-1
First Day for research at Edmonton General,0
Neville88 am gud enuh hun...was jus sayin hi n hopin that ur avin a gud nite so far..HAPPY LADIES DAY 2MORO THEN...is dat better,1
Ouch. Realising how sheltered my upbringing was.,0
My head hurts so bad I could scream!,-1
couple days?! Sheeeeit. Wish I were there. Have something at Cafe Claude for me.,0
I`m getting more and more followers... look out Ashton!,0
Just got nudged by Diane.,0
all my files got deleted,-1
: just got home from drews bday.,0
hey ian.. May 7 din ako..  maybe we`ll see each other.. or not.. cuz diff. schools tayo.. hahaha la lang.. :p,0
I WILL CRY!!!!!!!!    I can`t believe that I lost the chat!!!,-1
kinda has a headache...,-1
My wedding next Thursday and I`m ill,-1
Haha same!!! But its gonna be awhile til it comes to sweden i think...,0
If I could only update my status in just one place....,0
Well. . . the beginning of a new week and guess where I am. . . at the office  4more days till Friday. . .,0
too bad i`m @ work  ...,-1
: aww im sorry honey.  that stinks,-1
It`s raining that fine rain!!! U know the fine rain that wets you the most,1
Britains got Talent just gets better every week,1
I`m watching it at the moment  -sighs- and straightening my hair which takes hours as my hair is so curly!!,-1
#Happy Stars Wars day....Me`s a JA-JA BINKS ha  A crappy day outside though ah well makes me have a bit more motivation to revise,0
you`re so cute.,1
i just drove past your hotel  wish u was ere. I`m thinking a december trip for a real white xmas!!,1
sounds like a challenge then  I can see it would be useful to be able explicitly  schedule threads...,1
Look at how far away I`ve gone... locked away in a room trying to work in silence and yet... constant 'urgent' emails and IM`s persist,0
not,0
I really want to!! But it`s one of my few free weekends that month and am booking clients  Mama needs to make money.,0
_n_booklife I heard about that too... that seems an overreaction...,-1
Dump this blackberry and uses an iPhone? Basically it compliment each other.  I think.,0
it`s friday! trying to find something to do,1
today has not started out very well,-1
aww. can you tell her to follow me?,0
Thinks she`s getting sick.....,-1
super bored on a friday night,-1
it`s beeen onee year,0
_honey thank you  i have a business exam tomorrow too :/,1
I shall drink lots,0
i`m still crossing my fingers for a fun group,1
...Thank you Mr. President!....,1
Oh  I`m sorry  I can`t even imagine...although I know it will be reality for me soon,-1
Okay...So I have an AIM account now...Send me ur S/N`s on there so I can add u...Thx!,1
my computers broken and I broke my laptop so I had to use the phone  ahh still on he cause they **** up my order.,-1
she was performing at the lifeball in vienna this year but unfortunately i didn`t get the chance to see her.,-1
.  he`s in bed sick. Heavy fever. Went to dr`s. Part of the reason i`m watching Aladdin 2 now and still haven`t been fed,-1
what Brody how dare u,-1
Thanks for the warm welcome! We didn`t make plans   because our arrival time was so up in the air.,1
YES. He`s fascinating. I love his bedroom.. oh my God. The books.,1
would love a slice of summer from Piper`s lemonade stand! do you think i could have a jump on her trampoline too?,1
Watching Thomas The Train Engine makes me miss George Carlin,-1
_archie Haha it`s ok. Glad everything`s good. Happy always! Woohoo!,1
Omg i`m going to robinson with tyler wfm. And i freakin miss anthony  ugh today kinda sucks. Lex<3,-1
got an email from my auntie bout fathers day... mothers day w/seven moms but fathers day will consist of 2 dads    #realitycheck,0
awww. rusks are good for tummy aches though :p try fennel or camomile tea  works. or obviously try ...,1
was late,-1
going to bed happy mothers day people,1
http://twitpic.com/4jjdx - Soak your had in hot water (but not boiling) for about 30mins - it`ll pull them right out,0
26 pin multi core cable goes bad just B4 service,-1
#Trackflashback: 'I Believe In A Thing Called Love' by The Darkness - check it out...,0
great. more rain,1
just bought a good chocolate and a magazine... Later I`ll play comanche 4... My good saturday,1
I had 2 hoes .. now I have none,0
_McLife yeah that is the one thing i hate about tweetdeck,-1
pmsl ... We had **** everywhere too. But NO More. Love it. My wool stash today though,0
The Beatles? Those scousers with funny haircuts? More talent in The Banana Splits!,1
http://twitpic.com/4wf3a - the definition of true beauty,1
i knew a horse called dollar too,0
The sun is shining and I`m stuck in work,-1
_654  it`s this damp weather...,-1
ouch. I hate it when that happens.,-1
Okay so I`m trying to be happy and deal with my problems and my friends` also. Its hard,-1
awww  I`ll let you off - but you`d better be there for my next 30th! XD,1
is  wishing work was done soon  <3,1
third date went well....moving on to fourth!!!!!!,0
That sounds cool! And you`re paying - even better,1
Ive finished 4th year!!! Argh Uni is going soooooo quick,0
u don`t love me  no follow..how was your night? ;-),0
Disturbed. They sold the baby tiger I met in Thailand as an exotic pet. Greedy bastards,-1
Oh no! So sorry about your pets..,-1
_rashid reeeaaaally... why though??  ew i hate stockings,-1
IT SHALL BE MINE!! IT SHALL... BE MINE!!! *raises eyebrows*,0
_Schulz lucky u;-) no park for me  maybe for a short period ... i really have some stuff to be done untill Wed ...,1
gosh! i hate it. my school will start in monday too.  and my classes will start 6.00 and end at 12.00 i`ll never had a chance,-1
I`ve been using the Sennheiser CX 300 earbuds for 8 months and I love them.  Don`t know if they`re available in MU though.,1
ahh when i was there it was closed,-1
My bum hurts.,-1
My dad and Joe Nugent drank nearly all the Ice Tea  i only have a bit left. quite miffed tbh,-1
cheers for the aptism link,1
Ocean sounds cd,0
what was it? I missed it.,0
_christie keep the faith it`ll be over soon,0
So slpy 2day  zzzz,0
ah allergies  you must be sleeping walking at work!,0
where u at?,0
2ND BREAKFAST !? I want more food =/ LOL. Tweet me what breakfast you`re having  LOOOOOOLDING`,1
I`m so jealous! Wish I could join u. It`s so cold in LA right now.,-1
very heart-warming indeed. I`ll be looking forward to that day,1
_Atticus Thank you,1
such a dissapointment  hhaha,-1
if not impossible,0
a female robin just flew into my window and I watched her die in my bushes...  i think i am going to cry now...,-1
is is listening to Heart Ain`t Brain by Chris Brown.  http://plurk.com/p/x2bp2,0
All the people I talk to are GONE,0
I cant stand summer fever (for me) and when the weather gets really humid  lol,-1
FOR REAL!  Isn`**** exciting!!!!,1
Had a good day selling at Feria Urbana. The ladies love them some laser-cut felt.,1
Ahhhhh! My 'Let The Right One In' DVD broke,-1
Coffee time  be back later kisses*,0
Maybe until Wednesday?,0
http://twitpic.com/4j99z - a gift from my boyfriend... this little guy keeps me company at night,0
_Stained http://twitpic.com/4jhe5 - I LOVE it!  that is just so awesome,1
Our currency is dropping like nobodies business; not a good time to be going overseas  http://is.gd/JsgL,-1
sorry  you wouldn`t believe how much feedback we got on that menu bar icon.  the next version will be a lot more subtle,0
tnx for the repLy on myspace...,0
Stressed  I want prom to be perfect for me & my babe and **** aint looking to good right now!,-1
__marie lol..french toast sticks too!,0
Apple has done some impressive things for my almost 2 year old macbook. Except when I poured coffee into the keyboard.,1
this is for   http://tinyurl.com/d8fgxr,0
I`m only telling the truth..... You know you have skills,1
back from lunch and it`s pouring rain! ugh  ohh well at least it gets me into a Death Cab For Cutie mood!,1
Home from the mall  & got mommy`s gift for tomrrow,0
Feeling bad that  didnt get to see UP,-1
Trully a awful day! ****!,-1
totally overstressed ... going to work now ... just want the college work to go away ... i don`t wanna fail,-1
_2nd aww thanks!,1
Good morning guys!  Dont forget: Today is mothers day! Mommy? I LOVE YOU ! Youï¿½re the best <3,1
Aww Thanks!    Glad I appreciated the weather so much yesterday!,1
frame damage... car could be totalled,-1
Dakota just had a her first bath since being spayed... She was in Heaven!,1
has just joined twitter. reeeally dont understand how to use this lol,0
got my hair rebonded at some korean place. dude! my hair is f`in fried! cut 5' already ... now just chopping it off!!!,-1
Great job!,1
i canï¿½t choose one  i love all the songs on LV&TT;bt if u like... Read More: http://is.gd/JkVF,1
planning for mothers day special for my beloved mother,1
hey are you there?Oyy i geas you sleep...,0
On my way to the airport! Headed to NYC,0
DArLiNE!!* miss you,-1
You`ve got a deal!,0
I`m at my saddest right now. I lost my mobile phone earphones. Waz feels a little incomplete and I feel the same,-1
_de_B You have to email her - she only gets what people want in so they aren`t on the site. Shame about the trousers,-1
lol good morning!  Ran 4 milles & hit the gym?  Have a great day!!!,1
just got rear ended,0
I`m ACTUALLY on Skype but ssshh don`t tell anyone.,0
And maybe you will get the statue and sainthood you are seeking.  Win-win for all. Can`t be a victim like your people.,-1
Cathylo-fran! I`m glad i can vent out to you about this. Thanks for being here for me bestfriend,1
Going To the dentist,0
Makes me wish I had dogs instead of cats!,-1
I`m off to Costco in a bit to print off more photos for my photobook,0
At home about to go to sleep! Goodnight twitter world!,1
IS BORED. Can`t even tease people now,-1
thanks dinno  appreciate it,1
its gonna be a beautiful day!,1
Agfest? it was pretty awesome.. loads of people were there lol,1
lol.. zzzzy in office and I`m alone in my bay again.,-1
Not good news  Time for an incredibly hard decision.,-1
rubbish!,-1
I hate packing,-1
thanks for the add  I`ll try again signing in later when I get home. If still no such luck then I`ll email someone,1
I break some rules and don`t take tension for them  .....,0
there is no sale in Botega...,0
http://twitpic.com/4uy8l - LOL  why are they drumming there?,0
25-man Ulduar is hard...,0
but thats 7 weeks away  Im sure we got by only tweeting at night before?,0
Watching **** & The City at my brothers soccer game. I have totally defited the purpose of coming.. Hehe,0
Finished new moon! Woo! Now i want the next one...,1
Good morning! Driving to work,1
she is good! so gor-juz yea i kno i asked her yesterday when we were at tha hospital if she talked to u and she said no,0
Yep...sadly I only had 10 min before a meeting!,-1
OMG that is toooo funny!,1
going down the post office to try and sort this whole ebay hacker thing,-1
I miss her alot and its only been one day,-1
ha... I thought you would enjoy the Family Guy reference... and I`m more bored than you,-1
that was funny! LOVED IT! I almost fell for it. Haha,1
Number 999. My next tweet must be something really special.,1
haha that`s because you also look amazing in it! have fun!,1
Its two o clock in the morning!,0
Only Tao in the summer?? That is not many,0
forgot about my old twitter account please follow itsjeff i will stop this account soon...i prefer the address that doesnt have my age,0
OH THAT`S GOOD! My top 4 are: The Haunted House/Sound one; Bakery; Inside Ralphie`s body; & ..... I FORGET!!,1
wants her boo  btw love fhnixon`s posts hilarious!!!!,1
YES!!,0
It baffles me how much Radio Shack isn`t the same Radio Shack I grew up with,-1
SICK again,-1
watching M eat a hotdog...gross.. he`s so drunk and annoying.. trying really hard not to glre @ him,-1
Wide awake and grouchy as ****.,-1
_ho Yay you can eat proper food now!,1
Bout to get ready for work ugh i hate workin on fridays,-1
_life  Hey i like love iCarly it rocks.   my youtube account--> http://tinyurl.com/cf63ud,1
_Shawn when do you go back home? Want to see ya B4 u leave Homie,0
Loves her david soooooo much <3,1
Gotta be at church by ten for camera meeting  Finally!! =D lol,0
rock pooling.  Can`t believe I get paid for this!,0
WE Quite Like Worthing its a relaxing place with nice coffee shops and fresh air.. and not too many Oiks,1
Ugh 3 more hours,0
Darn. No bacon,-1
Morning all: Looks like no Nintendo Gameboy phone,0
If you mention this twitter group to your followers I would be very grateful,1
grrh  wii remote dead.. no multiplayer here tonight,-1
thanks gail  imma try this one day! looks yummy! geezzz. after my siargao trip nlng pla. heheh.,1
www.youtube.com/watch?v=6UrRxta8doM this was the first 1!,0
got back from the embassy; missing one paper  go again on Monday!!!good luck me!!!,1
wow.???? ??????,0
I don`t even remember what`s on there!!!,0
im sure jont wont mind sharing,1
_in_love aww me too!!!  we miss you.,1
Just remembered I still have a summer project to do.  IT NEVER ENDS!!!!!,-1
Actual wiki entry 'The Million Dollar Homepage' made me just shake my head due to the fact that ... sometimes...somtimes things just work,-1
exhausting day. And more to come tomorrow! City for mother`s day!  can`t wait minus the driving.,0
Now that`s what i like to hear!   You won`t unfollow us little people on Twitter when you make it big will u?,1
might start Spanish...any min now....nope just can`t do it! ****,0
off to sleep  on 2 katy perry songs as soundtrack  x,0
Use mozy.com,0
Have to leave twitter alone for the night..last night in Barcelona   back to Philly tomorrow. Hope u all have a great Friday! Muahh!!,1
not yet. im still loading it.  have you?,0
Its good to have an old friend at ur new job. Another good day at work. Paycheck day will be even better,1
LAKERS TOMORROW  KB and DF ftw!,0
off to bed with my sore ****,0
lol thanks!,1
Just kidding! Don`t go around quoting me,0
Getting ready for work.,0
im bored.. RC is goin maintenance,-1
http://slingalink.com/eVicE1 my daughters kindergarden  !,0
Very funny Thanks,1
- im hungry...but there`s no food at mah house.,-1
Ah good. Glad to be useful.,1
I know june 2010...  but its gonna be so good. Im going to se it even if im 20 when it comes out.,1
is going to help lancey cook,1
_boo jealous  can you add `and I really wish nicole was here..but we all know what she`s really doing` to that tweet?,0
Just found out my Abuelo in Aguadilla is not doing well,-1
loves her some worship papers. and had a fantastic day. the Lord is good. and constantly surprises me.,1
So sleepy again and it`s not even that late. I fail once again.,-1
Extremly deep,0
sweet dreams,1
perhaps because it`s 3 am Minday morning,0
Duncan finally got his orders... leaves for Iraq in September. Open invite to stay with me anytime during the year he`ll be gone,0
sorry about your sadness   nitenite love,1
for me they`re not,0
at hannah montana set.... im missing tennessee ALOT today,-1
_cohen I am lost. Please help me find a good home.,0
Can`t sleep and nothings on tv!!,-1
I wish I could...but I`m @ work when she`s on...,1
dont get to see my boys tomorroww.im sad,-1
_jeffe83 its all the rain,0
boo  rabbits pisses on people you know that,0
You geek!,-1
http://twitpic.com/4wmaw - pink.green.. Love it.!,1
It ruined my whole day.,-1
hmm.. idk that song.,0
Is going to miss seeing everyone all the time,-1
The rest of the week is less than 2.5 hours long,0
Summer is finally here! Graduation in a week!,0
Welcome  my first German follower  My mother Hermine is from the Sudetenland and came to Sweden as a refugee in 1948,0
hello there  ?,0
it`s the non-www fail  http://www.mymunchies.net/ that works,-1
Let`s continue being productive today,1
Expected a Silverlight content on M$ Vine site http://www.vine.net/default.aspx ... they realized the reach of Flash LOL,0
HaHa i Forgot...It`ll Probably Be On Youtube...So I`ll Watch It Later,0
yes .. thats a problem   #prism #fail,-1
Good one,1
Thank you  xo,1
ughhhhhhhh i don`t feel good,-1
if i had one wish it would be for my friend J to not have to work,0
hey Samantha welcome  and happy mother`s day!!,1
http://twitpic.com/4wh4d - LAUREN is AMAZING....well from what I see on the hills lol  Seem like a great friend to have!!,1
Really wish I could have gone to  this weekend,1
my finger hurts cause its infected!,-1
OH NO TODAYS JAY LENOS LAST SHOW!!! WE`LL MISS U MR. LENO,-1
Wish someone would by my 90mm Mamiya MF lens. Needs the money,0
With E3 coming up the worst possible thing happened. No not swine flu! not AIDS! RROD!!!!!!!!!!!!!!,-1
awwww..I love him! His car was soooo CUTE tonight!! I love me some Carl..My 10yr old is sad now..LOL..,0
i want candy!!!,0
dinner appointment tonight,0
Chilling with Colton who just redesigned the Cocktail Hacker card backs for me.,1
I`m new on Twitter.....Hi everybody!!! Suggestions for me???,0
Loved the sun today. Did not love a black suit and black top plus 6 trains/tubes to get to my meeting and back  Need to shop for summer,1
i can`t vote for  her i`m #frustraded  :@,-1
you guys are an awesome couple,1
http://www.CultureShockMag.com  shoutz 2  the mix on the site is gonna b nervvoouuss,-1
too late  I`m already on the bus goin home  what the he`ll u talkin about drinkin tea????,-1
sooo glad im home  floridia was fun!! back in ATL. time to sleep....then back up to work!!! constant grind.,1
No trips planned yet but I`ll let you know if there is,0
Oh dear  #bgt,0
Per Taylor Dayne conversation.  It`s official I am now jealous of you.,0
Up a little.. Good luck to tam and robert who each have 25% of me. Cant text at the table,1
Yes it does. Please dont` go. If you die I will cry.. which normally leads to small animals getting harmed,-1
Around better..  How are you ?,1
how r u feeling? and when r u guys coming back to canad?... come to vancouver!,0
picture to burn - taylor swift!    great song!,1
yes - it has put a damper on us 'getting to know' Georgetown! Instead he is watching tv and I am catching up on invoices.,0
I thought it was pretty good! I`m not a die hard Trekkie either.,1
night Diana and if you travel soon take care,1
My dad is trying to force me to learn to drive. I don`t like doing things I`m not good at in public,-1
I`m medal drivin`  home in 3 hours!,0
wish you were on your way to Tampa! FL girls are missing ya!,0
just got the bouquet of flowers for my mom  HEHEHE SWEET ),1
The sun is wonderful but makes me feel incredibly fat.. The less clothes and more exposure thing  today I diet. Again......,0
ack ~ of course i`m a person! but i think  knows that,0
Wow- you are sharing some of my long list.,0
she was sleep and then she woke up to check on me see if i was cold or hot i love my mom,1
got a lot of shopping done today...really excited bout my new travel journal! Going to go to sleep watching a movie with my cousins,1
I was just thinking that,0
happy mother`s day mummy  i love you. xo,1
Guess I`d better look out for a new best friend once those VIP tickets have been used! You won`t want me anymore!,1
HAPPY MOTHER`S DAYYY!,1
did you find the Colossus yet?,0
How would I know if u didn`t tell me??? Too busy cakin to pay me any attention,-1
Yeah I`m okay been icing and ace bandage and sitting on my **** on twitter... LOL Thanks,1
Is at work,0
R.I.P little bird that flew into my window snapping his neck,-1
_mit_glee It is confusing and flippin expensive,-1
Tom are the MITO tour dvd`s still being made cos no where seem to be stealing them and i really want a copy,0
Want: To play Sacred 2... Reality: Spend all day at the hosp...,0
i hate feeling like this,-1
come back to Perth     I missed the show here!,-1
Is having awesome fruits and vegetable juice at the opening of Lam`s noodles at 8  http://tinyurl.com/r65c68,1
hollie steel on bgt was absolutely excruciating to watch...poor girl.,-1
haha IE...it`s expensive!!!! Hm...let me message you later,-1
Happy Mothers Day to All the Mom`s out there!! We Love You!!!,1
i bet they did  some people have no ideia or standards  have a lovely time the pair of you,0
you know the .nds torrent file for it? and i am guessing u have gh:mettallica? christine brought it today for the ps3,0
Threee WORDS . . . YOUTUBE BAMBOOZLE SHOW,0
My tummy hurts...again,-1
That is messed up. I hope your day gets better.,0
Is sat in her PJs drinking tea and watching the Politics Show. Lovely,1
HAHA I LOVE THE WAY U PUT IT 'He lifts our feet off the ground spins us around and makes us crazier',1
tomorrow is mothers day. so good food & presents for mom. good to be back & go to the junction with the coolest people at ollies,1
Day 8 of the 30 Day Shred and Day 5 of Special K Challenge... I feel fantastic.,1
My car is broken.,-1
it was jokes!!!  me love the mag..really!,1
sounds like the muffler bearings are going bad,-1
I just woke up. My teeth really hurt from my rubber bands,-1
maaaaan last night was a funny night! sad aswell tho,0
Trying to stay upbeat while I wait to get my keys out of my locked car,0
It`s NOT good.  1 of our directors said we could go home and the other said back to work  boo! It was good while it lasted.,0
sounds like a great way to to start mothers day! Enjoy your day,1
Mother`s Day has been good for me,1
They never cease to amaze me.,1
Was quite amusing watching Pangaea sing 'F*** Killah Priest!' I guess he won`t be featuring on their album,1
from seeing all my koreans buisnesses failing.,-1
What about APE and server-side javascript with #mootools ? http://tinyurl.com/odqwgh  (via ),0
Happy Mother`s Day hahaha,1
haha gunna go buy a whole bunch of emo/punk clothes,0
_pax That sucks.,-1
Off home ill from work. This man flu is hell,-1
PIRATE VOICE:AAARRRGGGHHH!!! I 4GOT MY **** WALLET AT WORK SHERMK!!! DAMMIT!!! SO CLOSE YET SO FAR!!! NOW IM STARVING!!!,-1
No u miss me !!!!! LOL,-1
Get: 'Fightstar - Mercury Summer' here: http://tinyurl.com/dbm4n6 from: http://tinyurl.com/cnkhev  #musicmonday #freemusic,0
apparently even Novell Moonlight doesn`t work on my Jaunty,-1
people are not twitting very much today,0
The geek in me won.  I am building my own photoblog theme...,1
lol i know  and haha..did you fall asleep?? or just get bored of shaun :p joke,-1
haha I do not know how to work blip apart from the obvious! thanks for reblipping my song  have a nice day ****,1
going to have bfast now,0
My mom was happy with my present  yayy,1
Yes please and check out your position on the locations map when added  - http://bit.ly/ttVn2,1
LOOOOL chips and ketchup ya waili 3alaiiik! Let`s have some fish fingers  I`m not too sure about baked beans though.,-1
I don`t remember what i text to twitter to get a list of commands  halp,0
_j9 Jess just posted some hawt pics on the board J ... u should check them out...,0
Just saw a dark burgundy Scion xB. That dark shade makes it look like a minivan because the shawdows of the lines and curves are lost.,-1
Morning world. Hello Bank Holiday! Cold and grey and rainy here. Feel like colouring thanks to  so might do that this am,1
_Mandarich well welcome back from the dark side!,1
I hear U. I can barley keep up with the followers I currently have. Its tuff on a mobile device.,-1
Waiting for Natie to come online I miss him.,-1
most likelyy. Just need to save the money and practice my **** off.,1
hahah I wish that was true. This is really really bad  just gonna stay home and chill tonight. And as usual I REALLY wanted to go.,0
Ill in bed my stomach is killing me,-1
is off 2 bed. gon force the sandman 2 com do wot he do since it dont look like there`s gon be any partyin 2nyt,0
_aguirre Now I wish I was going,1
good job!,1
5 days,0
dear ITTO what could possibly be THAT bad? Xo,0
I really need to turn my swag off it`s 3:30 time for bed!,0
nah will didn`t tell diego so we at some donminican spot getting **** up,-1
awww thank you,1
I am sad that my kids were ungrateful today,-1
good luck tomorrow,1
Huh  ? What`s wrong with UNIX environment dev`s ?,-1
toy story 3! june 2010. i can`t wait that long.,0
I hate not bringing my ipod to school,-1
Talk at you all lates!,0
is sad coz hyd theka`s dont have beer,-1
I`m baking cookies. What are YOU doing?,0
Nugget bit Jack. I told him not to poke the poor hamster!,-1
WOOOOO!! Twitterberry is working again!! Good morning everyone,0
oh hi terri good now what about you? any good gossip,1
i have the song here comes goodbye stuck in my head not a good song to be singing considering my situation,-1
can we trade weather? it`s all gloomy today in la.,-1
Awww Thatss Well Sad  x,-1
better check YouTube,0
_newnew yea I saw the oil show u put on gotta I likes,0
Happy Hug Your Mom Day!! love you mom,1
facepalm  hope the interview is a choice and not a forced thing...,1
Just saw up with my favorites and surprisingly it was way too sad,-1
sounds like a plan.....yea excited now,1
Thank you for that!  I know it.,1
my cousins moved there like 2 years ago and I miss them so much. I was just looking at their facebook and now im sad,-1
is drawing a picture for her bubba,0
then your gaaay!,0
Yikes!  I hope she was okay.  I never her heard her say her tummy hurt.,0
I just got my JAGK shirt in the mail! Omg I love it!!!  see you saturday!!,1
still feeling BLAH. gave a biiiiig dose of insulin that i needed about 24 hours ago. Now I`m off to take my last exam of my junior year.,-1
SHUT YOUR FACE! Why are you so mean to me? Pedro is supposed to be the mean one,-1
_UK Argh Twitter didnt post my replies and tweets for ages  Aint up to much just enjoying the sun!,1
watching saturday night live; justin timberlake hosts,0
Hell of a lot to do. But they say you shouldn`t complain theese days. Who are 'they' and can 'they' help me in that case,-1
Two more loads and the moving crew`s done! Started at 7am and i`m done for the day! Too bad the ac doesn`t work in my new place  oh life!,-1
Thanks. They`re both so cute. Havent been home for many years so havent seen them in person,1
*bows*  I try...sometimes it is hard,-1
So far everybody look good !  1 more momma goat to kid this month!  Hope she has them this week!!,1
Instant Internet Marketing EMPIRE! + *BONUS* recoup your investment in 24 hours or less  http://megaredpacket.com/?aff_id=7891,0
Yeah for sure,0
Is not a happy bunny,-1
still sad about Samantha Who?,-1
speakerphone with the bestie  love that kid http://tinyurl.com/qxyc2n,1
Irony: Inventor of Ford Mustang can`t keep his car   http://tinyurl.com/lpmvtk via :,-1
No FAIR!,-1
Doctor Who has finished,0
you should add your blog to CMF Ads,0
Finally got my money. Too bad it goes to bills,-1
Happy Mothers Day,1
sometimes the fact that my health for the lack of a better word SUCKS really scares me,-1
The party has to be moved to next weekend  ..stupid weather.,-1
thx! Hoping it`s a good week.,1
~ Sorry the response to my assistant job has already been filled. Please check back soon.  I`m sure she will not last long.,-1
Shower/traffic/factory yaaaay,0
its what i say why!!!! k4ge last day at the job today  we wont be saying him around anymore,0
Im trying to move and get up but it just hurts to much...,-1
_online That`s the sad thing about it.,-1
ow shitttt i cant come get drunk ihave to go to a photo shoot in portsmouth or sumfink  owwwwwwwwwwwww,-1
It`s Raining!,0
Happy Mother`s Day everyone.,1
oh great!  hope you`ll have a blast there! ;),1
..dat dude look crazy w/ dat hair on his face lmao ..stop it!! ..the old wrestlers went to TNA  thanks Vince ..these dudes are clowns lol,-1
missing  on his birthday,-1
I finished  `s Zombie Chronicles a few days ago. It was bittersweet. Now I need something new for the gym,0
I think I love a part of me saying some cynical words. Even though I smile when I say them. Do you think it`s bad?,1
My friends are mocking my weekend!   have they been talking to you?,0
in all honesty...pain   blech.,0
Off work in half an hour. Getting an MRI after that. Yay me,1
morning to you too joe,0
i tried calling work 5 times and they wont answer,-1
Is sad when people`s phones are dead,-1
my computer at work is not working...booo... need a new one!  TGIF!,0
What!?!?! I can`t believe I had to find out this way...don`t you ppl contact family first??!!? I`m so sad!  Who was it?!?1,-1
I feel actual heartbreak.. _Gates last night  x,-1
left my phone at home and wont get it back till 4am. dont call me!!,-1
Someone stole my new laptop at the airport. haven`t even used it. Guess the US economy is breeding a new set of 'opportinists',-1
http://twurl.nl/goljwp is what i get when i try to add a new post,0
My friends are awesome!   -- and the non Twitter ones here right now too!!,1
play vanessa hudgens new songs plz or vfactory,0
lol  I`m sure it would be the most kick azz version we`ve ever heard!,1
sometimes i forget my favorite **** stars are real people too.  made orange chicken last night and cut his finger off! sad!,-1
All I want is to see him tonight.  and I know it`s not gonna happen.,0
having my brecky. Good Morning  x,1
The heat is here!!!,0
Good Morning!!! Work and then it`s ESPN`s Sunday night Baseball. hopefully it won`t get rained out,1
A post on my Warhammer blog for anyone interested  http://bit.ly/Uwl7M,0
dude. letters are the new currency. i think we`re rich!,0
Can`t sleep....restless mind! Agh,-1
i kno i doooo!!!!!!!!!! yall partyin with out me,-1
Happy Birthday!!!!!,1
Aw where are you headed to? i just cancelled my trip to Aussie,0
Listening to some house music!(what else?) I got a gig in San Francisco next Friday. BE THERE  details on my www.myspace.com/djspy,0
Nope wasn`t kidding at all.  Sometimes I think of you as Forest Gump (during his running years).,0
I am 100% jealous.  wish I had some,0
your not in school,0
morning!  well excited dancing down the park todayyy! should be good!  wooo c`mon venue!  ****,1
45 minutes until im off from work. I guess i`ll go back to work in 15 minutes. It`s slow today thank god for one of those days,1
http://twitpic.com/4w9w6 - lol you sure love that sushi. you`ve tweeted many pictures of it.,1
To Lisa: Yes I know who ur talking about and yes he is an ****. Dont let him get to ya...you have a great thing going with this chris,-1
I had to unhook twitter from Facebook because all my Facebook cronies were complaining.,-1
Naw.. it was pretty tame. Only 1 guy in costume.. a Voyager-style 'medical' uni. Disappointed there weren`t any more in costume.,0
haha so bored...but happy mothers day!,0
Worried for my cousin and her son,-1
May be back later...hope you have a good day  Byeeee ****,1
Colleen really sincerely hopes that  gets better soon.,1
HAPPY MOTHERS DAY  ASAP EVERYDAY!!!,1
you traitor  whiskey and coke is my aphrodisiac,0
Drinks && din w/ Amy and Lori,0
taking requests for nkkairplay,0
so glad i`m not at uni anymore,1
has got a degree in BS.,1
is still amazed at the awesomness of last night. The discussion was great! Looking forward to a great week! Only 10days until I go home,1
The new tecas driver license design is ugly,-1
You should direct your 'wanting to invest in ' questions to  or .  They are the big cheeses.,1
I miss u guys too  I prob won`t b bk til august sumtime... But if I come bk anytime b4 then ill 4 sure let u kno!,1
_and_Easy when will these stores in Sacramento open? Been waiting and nothing,0
thinks that Pipers molars are cutting thru  we had a nice lil nap me and the girl...now just another friday night at home w/ the lil ones,0
_kelly PJ days are the best days,1
how can I read the Floyd article says it`s private,0
Being attacked with cola..... all sticky,-1
no wonder your running son....,0
boo you didnt answer my text,0
home now!,0
suh-weet! perfect timing.,1
Misses the good old days!,-1
Making yet another attempt to attend church on a Sunday morning!  Looking forward to it y`all.,0
i can`t find my tennis racket!!,0
off to work... off at 10:30....lammmeeee,-1
I like your HR shirts. They`re inspiring me to think of witty/rude HR-like sayings I`d never actually wear.,1
that is soooo scary! Be careful! We only have one Kirstie!,-1
Well thats that then. Exam failed and bsc gone,-1
wants to go back to charleston,0
feels like **** whenever she lays down. @)(1+-`$#! I hate heartburn & backaches!,-1
_from_hell  how`s monday for you?,0
Female and Male 3 year old Labs looking for new home  Family is loosing their home. Both must stay together. Contact me if interested.,0
Its cloudy outside,0
I`m getting back into  again,0
Wishing all Mothers Happy Mother`s Day,1
_bob7 I`ll update you. I had to leave him at the vet for tests and xrays.,0
_vip bye bye beard,0
has such a freakin migraine,-1
Happy Mother`s Day to all the Mom`s out there I happen to have the greatest Mom in the world  I love my Mom she`s my best friend,1
I`m sad that I missed you guys last night!,-1
_m  yeeee  so wassup?,0
says she wants to be w/ marykay @ sendai right now,0
Clever girl,1
my twitter says it needs a break  i`ll be back in a bit (capacity??),0
in Mallorca. Want to play guitar   When i come home I`m going to buy the mcfly dvd first :]],0
i`ve been up most of what normal ppl consider the night.  no problem going to sleep but nightmares been waking me up.,0
Ed is off to Cornwall with school for a week confused   +,0
Omg they know so many words now where did the time go  here`s some of there words money ball keys.,0
It`s well good!!,1
Aw! Tear! I feel special to da family.  Haha thanks girls i love yal,1
just reached for her plate to get another bit of toast and realised id eaten it all  not a nice feeling,-1
Good nite everybody!  <:Baby Boy:>,1
It takes nearly 2 days to figure out what causes the mic problems at #euruko: Do not hold the mic at the bottom!,0
I tried that but I can only use import/export for contacts saved locally on my Outlook. Thanks Though,1
Sure. I`ll try n keep that up! =P You enjoy studying. Cya!,1
school is so pointlesss. seriously though. 7 days of school left and all we do is watch movies and make powerpoints. let me leaveeee,-1
Wishing it was naptime,1
is problem free for now.  atleast i already said to that person the truth.,1
Just took my IC photo!looks good  - http://tweet.sg,1
Waiting in line @ tryst,0
YOU`RE FAKING IT! Hahaha...I kid.,-1
i have to be at work at 5 am  ... thanks to me ppl will be getting their freakin starbucks. peace out ppls!,0
Paid bills. We get water and electricity for another month  Woot.,0
Is ANYBODY up? .... I`m sooo bored!,-1
<-----bored to death,-1
my poor baby I think it`s allergies! Can I do amything about it bc he`s been that way sence monday,-1
wow...i have to many bookmarks...i just spent a good hour organizing,1
On my way home n having 2 deal w underage girls drinking gin on da bus while talking bout keggers......**** i feel old,-1
Ahh I`m so confused  what can I do? I don`t wanna run away but can I really handle a real relationship? What is love anyways.. False hope!,-1
**** everything,-1
my friend sent u call bck messages. i dunno if you could reply but she has no credit thts all.,0
I can`t get it to load for me.,-1
just saw a baby blue regal with the word 'SLAB' written in huge letters on the side  hahaaaa,0
Nice! You should submit that to failblog.org,1
about to play my first game of apple to apples!!   wish me luck...,0
thanks !!my real name is nadia,1
Happy moms day,1
http://twitpic.com/4jeij - New forest hoping the walk would lose me some pounds,1
what a day!!! motorways and trains noooootttttttt fun,-1
i love you mooorrreeee,1
wikileaks geht wieder  super #wikileaks #online,1
can`t wait to see those pics,0
_eleni I love you too!,1
Life sucks if ur not having fun.,-1
What an incredibly great day.  hahaha!,1
also just hanging right now?? just bored hahaha didn`t have to work again today this is different....  no hours no money lol whatev,-1
or even NOOOOO NOT THE SECRET NAMEREBECCA PLEASE,-1
wishing i could go out of town this weekend,1
Ben and Jerry...yummmmy!!!,1
Feel like **** today   Got a speeding ticket 1st since 5 years...blows!!!!!!!,-1
After work....Hillcats game!   .25 cent hot dogs haha,-1
Omg soo tired! On my way home! Long busy day ; had fun meeting new people and catching up with some people!,0
hey!  YAY! thanks!  wow ur page is awesome!!!!!,1
I can`t figure out the empire puzzle.  Stuck at 36,-1
i wish i can go to two different schools at the same time.,1
which one? On Sportv ? Will connect righ the way,0
Seriously. I dont like girls.,-1
actually loves nesquik cereal,1
cba with exams! 17 left!,0
i know so lame,-1
My back is killing me...  It won`t keep me from dropping it low...hope I got someone to pick it back up tho... LOL,0
Miles from you   I`m in Essex so give me plenty of warning so I can arrive in time to get at least one of those free beers.,0
oh **** that sucks,-1
cof Cof Cof!,0
Sitting at the Audi Joburg fashion week casting. So many lanky people in one place! Almost 100. Lol. Good luck to everyone  ****,1
Getting ready for my graduation party ........(id much rather be at Hello Marquee or Dane Cook),-1
I work at a movie theatre in Toledo and I`d let you come see it for free. But it`s not in 3D,0
Did not win Kelly Clarkson Tickets. Sorry Cecilia. Really wish I could give that to you! You so much deserve it.,-1
sitting at home doing nothing. gonna be like this all weekend,0
off to friendss for theree birthdayy.  X,0
I want it to rain today! Like full thunderstorm style! But it probably won`t,1
Dell FX100 Pc-over-IP audio device (Teradici) is giving me a hard time in #Linux #Ubuntu Jaunty  Kernel isnt loading the snd-hda-intel drv,-1
The sight of it made my afternoon,1
just hanging with my bestie,1
watching a gossip girl,0
Preston stayed home and I don`t know why,0
Happy STAR WARS Day - May the fourth be with you!,1
Can`t believe preseason doesn`t start until August  football with drawls..,-1
Almost made it to reading comedy outlet. Headlining all weekend. Only took me 2 extra hours with traffic. Basically doubled my time.,-1
thanks! You know that happens once in awhile,1
I think my book is gone forever... we mourn forever  ****!,-1
LOLOL.. i think it`s funny that about 190 people think you`re lieing about being 'the REAL john barrowman',1
Mondays aren`t so bad when they are this sunny  #fb,1
is chatting to one of her besties.,0
aww  you are too kind!! Hi sweetie! Are you guys out partying without me   I`m the only person who came to work 2nite lol,1
My english is broken,-1
No Yonkers news posts until June 2 because the newspaper furloughed me,0
I ran out of white and yellow oil paint   I may have to add 'Utrecht run' to my list.,0
ia so much! i haven`t really been happy with any of cooks choices for singles.,-1
nothings better then going out for chinese at the supperinn with ma fave cousins at 1am,1
http://twitpic.com/4jazs - Congratulations! You two are adorable. Beautiful ring too!,1
THE CURIOUS CASE OF BENJAMIN BUTTON!!!!! I`m so excited about this **** movie,1
i`d give anything to be there. too bad i`m in tennessee.,-1
Heading to Beaumont,0
Its so dead,-1
my twitter has been hacked again,-1
Taylor Swift and Joe Jonas looked really good together. I`m kinda sad they broke up.,0
moving 11 blocks up the street. goodbye hardwood floors,1
Special chocr makin rounds @ Gourds show,0
_cass my throat hurts today.  blahhh.,-1
Getting one of our field vehicles cleaned. Looks like our action hero governor wants to give me another furlough day. How nice of him,1
Surf`s up this week - starting this afternoon,0
I need words of inspiration  where`s  and  when you need them??,1
Just try to do your best. I hope you don`t get laid off.,1
Its payday! Yay! For all the good it does. Bills bills bills....I`m broke again already,0
how bad has life gotten where u  werecounting on the church50\50 raffle? the answer is real bad,-1
its impossible to watch in full ANY flash video with my mac after 5.7,-1
i can`t wait till tomorrow. just because its a new day,0
Not here in Stamford.,0
I`ll try to put together a list for a portfolio to put together along with a little bio on myself in my free time (school is stating),0
Your not alone im gutted i missed the convention too!,-1
Today was eventful...,1
That`s exactly why I follow you.,1
poor grace!!! You need to date a cute male nurse.,0
i keep trying to get through but i cant,-1
It`d be really hard to give up my chocolate while reading.  Does chocolate count as a food?,-1
sigh....it`s always so sad when you watch the series finale....no more green wing left to watch,-1
Wearing glasses gives me a headache.,-1
http://twitpic.com/4w8ja - **** Felicia is freakin cute,1
Yeaup. I was gonna tell ya that,0
same as I... to bad I`m a programmer only in this company,-1
I`m sorry. This is all so sad.,-1
I can`t shes taken my keys to muh car.,0
Glad I trudged through the first 60 pages of Anathem.  Now on pg340...it`s been a long time since I wanted to call in sick just to read,1
This definitely separates a professional robber & from an amateur one!,-1
boo! I must`ve deleted it from my phone!  can`t find it in my emails either!,-1
star treeeeek?! only one hot guy there  and i get to watch him do his hot stuff woo.,1
Good Morning Every1!!! Its gorgeous out again n im stuck in work  Wish i was at home chillin out.. Hopefully tha day goes quick  doh !!,1
been To beach+ nanny`s Just got back- roast Iater and then Pudding,0
sat in the pub. Pretty quiet so far. Prob leave in a bit. Work at 6.30,-1
the downfall about relaxing later is mad manual labor now...just finish cleaning the fridge..and now to fold clothes..house work blues,-1
congratss to them,1
_creek No worries - thank google! There`s nothing you can`t find on there!,1
ohh **** i just realized she still not talking to me  it b like dat some times..,-1
argh! my embouchure= FAIL! makes me sad,-1
Studying for my exams....boring,-1
thanks for teaching me how to play a part of that song,1
You missed me!  lol,0
loves the way the sky looks now i.e. no cloud at all.  but that would only mean that it`s ultra hot outside.... http://plurk.com/p/rpb7t,1
i dont get one? fine! i say texting is way more meaningful than twittering,1
I can`t sleep...I keep thinking about the puppy I played with today,0
ill check that out,0
I like all the songs  I can`t say just one guys! love ya,1
Love to but can`t swing the 11 am  I would more than likely do an evening tweetup in the future!,1
ugh... my back is killing me.,-1
_is_one84 Those suck so bad.,-1
LOVES that lubbock is wet..its about time..no more strip runs,1
Yep.,0
So tired   Last group of the day is performing now.. It`s been an interesting one.,1
exactly like that ...in glasgow now ...it`s a bgt busier,0
Bug in **** cod4 system link. My map pack isnt working,-1
@_Glitter_  kk but 4 sum reason its not lettin me vote 4 them,-1
im hungry.due to last night`s dinner..or lack there of.. someone take care of me,0
heeeeey baby ? where are you?,0
just got back from greenlake.  it was such a nice day today!,1
_Milano Hey there  Thought i`d tweet you to say Hi..I have so much to write but theres no space in this little box hehe ****,0
living quite so close to RAF boulmer that might not be a good thing,-1
I think I`ve finally reached the point in my life where I need a nasal hair trimmer,0
YOU`RE TELLING ME.,0
haha drunk golf sounds *awesome*!! i predict a great score for today,1
Best purchases at today at the yard sales: 2 large dog crates ($30) and a refrigerator for the office ($35) didn`t buy anything old,0
Bored out of my mind!  LOL,-1
_420 why baby?,0
just wanted to say that I <3 ur music(both the scene aesthetic n Danger Radio) Hopefully i will get to see u guys 1 day,1
feel. sick. too. much. cheese. on. toast.,-1
Excited bout going out 2nite but bummed cuz im da designated driver. So no drinking for Angie!,0
That`s it! My local coffeeshop has sold me **** stuff for the last time... I`m quitting!,-1
now accepting maid applications.  would be nice if you`d start first thing tomorrow - would make a wonderful Mother`s Day present!,1
Cloud Croatian Apartments,0
pancakes!! with lemon and sugar thanks!,1
is over it.  http://plurk.com/p/rp5np,0
goood,1
Happy birthday!,1
Pretty  is it long or short? Sparkly or shiny? Lol,0
beautiful day... and im working  leaving now so i can get some sun though,1
You be a good girl Whitney,1
taking in the local art,0
listening to her stolen music. just loved it cause its free!,1
Tummy hurts  oh noes,-1
Site of our first date - Macri`s Deli - closed.  Lunching at favorite local Greek spot - The Trojan Horse - instead.,1
Ahh well he can only spend short amounts of time on because of his mum  You should scroll back at our msgs!!! ;-),0
Feeling like **** today. Hopefully a nice relaxing swim will do the trick,0
I`m way to sleepy.. Ill watch my shows lata..Good nite twit-fam!.. God bless!..XoXo,1
that was awesome!!,1
What a gorgeous day!! And I`m going to be stuck in a lab for the next 9 hours or so,1
i have no swine flu! because of the temperature screening here i feel like a criminal with my cold.,-1
On my way to see star trek,0
I am so bored.  My homework is done for my master`s program and It`s Friday nite wit nutin to do.,-1
I`m on mobile web and it won`t let me  it looks awesome though....and no one reads my tweets anyway.,0
Bon Voyage birthday Brother @ Mccarran! cyah again vegas in july. havent slept yet & class @ 1  .. such a fun weekend,1
Gdnight Tweeters (: Night  sleep tight and don`t steal my blankets  Otay! I love YOUS,1
Dude. everyone could. it wasn`t ment to be bad..,0
dont listen..he do him..but I tried not taking a nap yesterday and I still was up til 1am and than I got up at 7am,0
Bank Holiday Brunch.  With all the fixin`s.  Absolutely fantastic,1
I`m not in America! I`m not going anymore  You phoned earlier?,0
Guten Morgen/ Good Morning/,1
thanks..,1
'i hear its wonderful in california.',1
Oh ok..we`re supposed to be going to see Star Trek on Sun for Daves b/day...at least it`s not Shatner,0
About to take a shower. Then see how annas doing,0
This is a status update to twitter from ICE  Timestamp: Sun May 10 10:57:44 CEST 2009,0
kate is leaving me all by my lonesome,-1
i think im just going to wind up going Home and go to bed,0
http://twitpic.com/666gy - My glass is empty. Will someone be a dear and fetch me another?,0
Im in science!! very boring,-1
i miss you!!  stupid work!,-1
Were at citibank I thought we were gonna go to grannys house but were no,0
I wish I had a dog,1
Am happy to provide backup support for all murderous rampages,1
yummy curry  save me some please lol,1
found six great vegan places to eat and relax at; four of which I can`t get to without a car,0
I`ve been a fan of yours for years and you have been such an inspiration to me. You`re truly my idol  Best wishes to you,1
say hello to Marina Green ... couldn`t participate in Barcelona this weeken,-1
Spent the night finally relaxing with Nogard on WoW after finishing some work Needed to take a small break from art. I really missed this,-1
SO MUCH WORK !,-1
darn! now we have to go through the WHOLE weekend without em`,-1
Well I guess they think of everything   Thanks so much for keeping the fans in the loop,1
She doesn`t need a darn (watching my language) thing but that never stops her  &   I mapped u. U live in the boonies :-o,0
on my way to my dad`s with my sistas..  r.i.p. Deb..,-1
im so jealous! I want to go to ny,-1
home from taking Nick home - a little lighter in pocket after being flashed by a speed camera,0
awake  slept in a little cuz no construction. now studying bio alllll day but i dont mind.,0
Aww!  That`s so sweet!  So glad she`s home with you now. Happy mother`s day to you,1
Chabibi. It`s a long running joke. I don`t give a flying **** if anyone follows me at all!,0
Wine..beer..and champagne..lets see how that goes for me tomorrow..lol,0
Sitting on the bed NOT wanting to go to work,-1
bah! bk on reception  comps aint working.....BUT the sun has got his hat on hip-hip-horay  x,-1
may the forth be with you,0
nothing sweeter than YOUR 4-year-old!,1
Wat a nice day it was 2day!me and rachel decided to walk to work and walk back lol..was so warm inside tho,1
My roommate has officially started packing,0
Tshwane wants double rates but try and phone to get service - endless loop #fail,-1
_fann coming up! Sowwy!,-1
that`s depressing,-1
Wish I was there!,0
i`m tired but i`m in a good moood,0
i think the vog is making me sicker than i think. feeling slightly achy,-1
just finished  Emergency - by Neil Strauss - another great read Neil - congrats   miss you by the way!,0
wait...why didn`t I know about this wedding? Aren`t I supposed to be in yours and vice versa?  btw I know it`s not yours,0
SCREAAAAAAAAAAAAAAAAAAAAAAAAAAAAAM - never freu you zu frï¿½h,0
Sweat is just not cute.  Unfortunately I haven`t figured out how to work out without sweating. BOO.,-1
love u!! and love mr. player! come visit me  i miss u girls,1
in less then a min i lost 2 followers,0
last day of school and last concert of my life.. wow.. can you say emotional? im really gonna miss mhs..  had graduation practice today..,-1
You`re welcome.,1
awesome..am headin there that nite after my grad dinner  c u then boi! hehe,1
Thanks PP!,1
morning everyone!,0
21 days away from being evicted,0
um Mr. Deadly Sir . Can You Please Follow Me On twitter .,0
I don`t feel good,-1
2nd period studyhall + remembered my ipod = music time!,0
What do you think I`m doing at the moment? Yeah you guessed it  http://www.phoenixfm.com/listen-now.php,0
good topics. and ciggarettes.,1
I sunburnt through factor 30,-1
- mostley yellow and green,0
bbq party,0
I`m soooo bored. just **** got a new phone and called my man but hes busy and one else bored???,-1
I will let you know as soon as I figure it out... sorry about the mix up; i was supposed to get off work an hour ago,-1
**** how you not gonna follow me son?,-1
Dads should ask their 22 year old sons before drinking.,0
So I passed out last night in the middle of 4th quarter. I didn`t witness my Magic lose,-1
lol @ half - I already have a bulky desktop- I`m geared up for super slim and light: SSD performance is unreal,-1
Pitty he wasnt arnd 2 huh! I wld have rlly wet myself! Otherwise the wedding was gr8!! Had a gd time & lots of smiley faces!,0
psst new blog up.. comments me likey,1
still waiting to have a beer with Moldovan. At least he`s happy I came.,1
I just got twitter for my palm  <3,1
The Life Of A College Stay At Home Mom: Delay in the Bash  http://bit.ly/CnyhP,0
Such a beautiful day...wish my bike hadn`t been run over by a car - hit and run.   #bikeTO,1
Wow thanks a lot!  I can`t believe I didn`t think of that. XD,1
Everything is cool now. I wish the boy was able to talk.,1
Aw. Toy Story 3 is coming out NEXT year.,1
t`internet on blackberry fooked so no checking of the tweets and whether phill has taken up my request,0
I have now realized I am not cool enough to ever get a shout out from   (this player will not be playing on! hahahah),0
my saturday was good  i cannot wait until this monday night,1
You burned yourself too??? So did ! ohh no...  xoxo,-1
that`s how it is supposed to be and sometimes we get too busy to recognize that but always family after God,0
good morning. today is my last day of 'freedom'. back to work tomorrow. i`m sorta stoked-not stoked. but well.,0
she`s hot     What is up w/ all the unknown followers? I`ve got quite a few- no clue as to why they`re following ME.,1
Just woke up and feels so **** lazy  time to work out damnit!,-1
its so sad when the dad dies  hakuna matana it means no worries for...,-1
lol. u got AC right? u know it`s getting chill here again...  n its gona rain tmr,0
_always3 okay well thank you you are so beautiful too,1
Thanks for sympathy. It wasn`t too bad until about an hour ago when I started thinking of the appointment tomorrow.,1
Passing out  early  after the  river sounds amazing. To my cozy bed  with my cozy dogs,1
Doing dishes...i miss my kitchen team,-1
- for all dad is doing like this to his son/daughter love,1
it was fine. i was still up playing inFamous. sorry to hear how things ended up again,0
the washer se chingo  ha  ha!! I`m busting my grandma lucia waaaaay back in the early 90`s lol,0
Dang me too! It`s only a 4 hour drive! Too bad it`s my daughters 1st bday party  it`s hosted by Donnie,-1
can i have itL,0
(L) ice grande half-sweet French vanilla soy milk from Starbucks means summaa`s coming !!!,1
nice new profile picture! Glad to see some friends in there,1
I miss you!!!! It`s lonely and empty without you!  http://yfrog.com/3o3zxoj,-1
...And omg whats this dirty letter from Danny everyones been on about? Its absolutely none of my business but I still feel left out lol,-1
Why are we busy ugh I have the largest headache,-1
WALC-ers are you ready to cry? its going to be a long day of reminiscing,0
i have a crush on someone!,1
Happy Mother`s Day !,1
_Aston Still looking  I filled out quite a few applications last week and once I get home I`ll continue.,0
there wasn`t enough room for me...,-1
Ugh sittin at work waiting for the carpets to be cleaned.  I was suppose to be out by 7,-1
Thanks so much to everyone who came out to Speakeasy last night! What a hit. Wonderful to see you all having fun! June will be awesome.,1
im still waitin for my girl to come home...i wanna go shopping,0
and Mike for bring it to me even tho it was really late and he has to get up at 5am in the morning...,0
I have to choose between  and _FC on Sunday and  wins. I`m shattered.  Why can`t I be healthy enough to go to both?,-1
ugh blisters on both my big toes and on both my legs and my shoulders are raw as ****. my life sucks right now,-1
ah! NFG were super amazing! Jordan is `pretty legit`!! Can`t stay longer 2 meet everyone cuz we hv 3 hour drive home!,1
last day of school  so sad,-1
yeah twitter is a lot of fun babe... especially when you`ve got ppl to talk to! lol & that sounds Goooooood lol,1
Dead stopped in the express lane. This would happen when I choose to take it. No way out now. Ugh. Hopefully this gets moving,0
Last day at DMA over!     a million sad faces.,-1
had plans with people but they cancelled...now what to do?,-1
I need to cancel my appt for 1 have to be home from1-5 for washing machine repair man can I do on the am? So sorry,-1
Working!!! Still sick,-1
Thanks Amy!  That video is so awesome!  Did you see TMH?  He`s amazing in that too!! Bouncy Bouncy Bouncy!!!,1
Awesome  I saw it thursday night. It is so great. 100% perfect casting.,1
ugh. it sounds like a busted cable box then  what time zone are you in?,-1
What am I doing atm? http://twitpic.com/4jmeh Oh yeah. Apple Juice  I`m such a rebel!,-1
Class until 9:30  yes on a Friday night...,0
have to put my dog down tomorrow.,0
Hi Bruce  I am trying to eat healthy!  It`s kinda scary when I read 'Eat this Not that'  maggots and rat hair in our food,0
the cuckoo is back! this year`s model starts chirping  at 11 am instead of 4 am.,0
Sunburned on my face & legs. Fixing to be my arms tooo.,-1
schade  #tv_addict,0
its gonna be a great week! dallas next weekend!!!,1
Chicken beer and good company makes a good night...,1
hehehe hello!!! how are you? good to see you on twitter!!,1
i aint lyk any othaa gurrrrrl i dont lyk the jonas brothers-kristi.,1
Zac Brown is in Virginia Beach and I`ll be in NoVA,0
Trying to reorganize plans for tonight uggg  Hopefully it will still be lots `o fun!,1
Well just left six flags. Didn`t get to ride what i wanted to. Bummer.   maybe next time.,-1
virus hunting on computer - always wondering what it will destroy,-1
i just downloaded Bonnie and Clyde by Beyonce and Jay-Z...an old fav,1
Dentist   but the chicks hot so thats a plus,0
_says ha ha funny,1
public bathrooms,0
watching little bear,0
_blache Night! Doze well.,0
im joining twitter  lol,1
Morning. I closed out EUR/JPY 132.25  @ 132.00 and place a stop @ 130.55 @ 131.55. That 132.25 was executed while i was asleep,0
goooooood morning!,1
so tired after work...but i have King`s Bounty Add-on and A Vampyre Story for a evening  and X-men comixes is completely donloaded,-1
I hope when you`re calling this the shitshow you mean that in a good way. because this will be fun.,0
thanks...do you guys have a showroom as well? Wanted to chk them out in the flesh. Quite cool lamps and the wife is impressed,1
Great lunch at baby bulls.  Now time for work til 930.,1
Great day. And another one awaits,1
Meeting up with Karen and the boys for some drinks at The Dock!!!  All I wanna do is drink though..    **** it like Andrea said! Haha,-1
.. good morning peoplee  looks like it`s going to be a nice day today! better than last week it was raining =(.,1
just because you`re a superstar it doesn`t mean you have to do that !,0
this weekends abouttttto SUCK,-1
lousy **** landlord.   need to focus on kid`s packing but cant . nevermind sew sleeping bag,-1
With sean s. watching house of a thousand corpes,-1
: and my kid is only 3 and is stronger then me,1
maybe I missed my chance this time,-1
Haha! Sometimes mobiles makes us slaves ... but it has its own advantages too!,0
Getting into the swing of things. I miss someone,-1
Laying in bed with a book & some beautiful music.  thank you kaki & nicholas sparks.,1
and my other peep got onto a game site who i will never see again,-1
Happy Mothers Day mom!  I love you!,1
http://twitpic.com/4fzo7 - you both have so beatiful eyes  i wanna have them,1
iTunes upgrade reset playcount to zero  How will I know which one of 143 Hasta Siempre versions I liked best?,1
here again in school bored wanting  2 go home,-1
wats up in your world x) i just won a basketball game  best shooter on the team  idk if shooter existes lol but you understand haha,1
My belly is speaking to me! I need food!,0
Sometimes I wish I had my own Prototype mentor.,0
Google ... show me apples ... I only want to see images with green in them: http://tinyurl.com/clrbau COOL,0
has stuff to do but refuses to do them.  :[,-1
has the greatest friends in the entire world,1
Watching loudQUIETloud documentary about the ever awesome Pixies. Realised Joey Santiago and David Lovering are Twitterers. Fantastic,1
LA unified summer schools drastically cut due to CA budget  cuts. Very sad,-1
I`ve been dead the past 2 days...the flu sucks,-1
I want to panic,0
Thank You Clayton. Going to my favorite Greek Resturant after church for mom`s Day!!!!  Loved you on Huckabee,1
you and  are both baitersss  hope tonight is fun!,1
Watching Ace of Cakes,0
Dow futures up 60 points in over night trading. Looks like May is off to a good start so far  /f,1
I made a MySpace for Twitter with the name 'The Twitter Kingdom'. Here is the link: http://bit.ly/13PQtw  - join me!,0
I need some DRANK & 'GRAPE KONTAKT' from my girlies  lol SOOOO SERIOUS!,0
is it done?,0
- Have you dissapeared to go on the Ellen Show?,0
following 865 and followers 539...not nice,-1
this is gonna sound really sad & depressing but I really really miss my uncle Sam,-1
going to look at a bunch of open homes today. just to get a feel for the market. i think i`ve got a lot of saving to do...,0
My Degree  [Tear] happy moment!  http://mypict.me/1ZpF,1
4 fillings to the good(?); two more appointments to go,1
How about SUSE?,0
The puppy is sick  and some one put they hands on my momma >:-|,-1
Hahhaa okaay ily! Lmfao,1
is not having a good day... I havent had a good week forreal!!,-1
Enjoying my weekend with my kids!,1
and guess what ! ive got 20 % ! wow its impossible,-1
First Day at the new job! Yeah!,1
I think I should hire one of those tranlsators.. because no one ever understands me....,-1
lol i cant drink!!,1
Happy Mother`s Day!  Hugs~,1
&not gonna lie. it`s 60 degrees in here. thanks for leavin me your sweater molly. brrrrr,1
Organic chemistry  ah so confusing!,-1
Got my attics w sadie art work included  good times just broke my head phones bad times still happy buy attics!,0
that`s a whole lot of rainstorm goin` on.  Maybe I won`t go out tonight...,0
Just sittin here listenin to music.  Follow Me?,0
Looking forward to following your journey on this endeavor - just subscribed to your blog,1
Home. Got some nice plugs but no chipotle,0
Trying to sleep without any pills... Not working. 3am and wide awake. But now it`s too late to take them because I`ll sleep til 3pm,-1
weebo is dying,-1
My phone is so stubborn!! You`d think it had my genes or something!!,0
sorry I didn`t message you yet... I couldn`t get my thoughts straight. But tomorrow I`ll try  goodnight,0
i was at the outlets too,0
UGH I HATE QUEUEING,-1
I hope you like your new sat nav,1
I miss the old healthy me and I am loosing faith that I ever will be again,-1
Tell Brad I said hi!    Drink and sing for me and Morgan.,0
Ugh..just starting another 2 hours of behind the wheel for drivers ed,-1
Rats the Creative VADO`s are out of stock at walmart.com I`m too late.,-1
I just spent 45 minutes at the book store. I only bought one book.,0
y do i only have 2 people following me  people follow me please x,1
ah you say the nicest things,1
Happy mother`s day to all the mom`s! Love you mom,1
Ichigo has been good at Ping&pooping outside but not used to the fact he doesn`t have his sister  lonely puppy,-1
what am I going to do without my ?!  SKYPE! haha,0
I still have a lot of time on my stupid contract...  18 months before I can change providers,-1
Turned my alarm off this morning because I thought it was Saturday. Had to rush to get ready for work because its def not Saturday   #FAIL,-1
baked a cake & watching a movie.,0
http://twitpic.com/4hbs5 - ahahahahahahahaha can i please eat that off your head  ****,1
misses driving already,-1
It`s a an MK mentality...I think,0
never does  anything good school and rabbit it my life cycle dunno how to tune a giutar so i am stuffed,-1
hahaha u can use my phone everywhere... just use a wi-fi,1
Why must Jay Leno leave his own show,0
Last Late Late with Pat Kenny! Bless,0
_lights aw what`s wrong?,-1
...normal hours to give any interested twitter friends a glimpse into a topic near and dear to us.,0
Aww how cute! You`d love my bathroom  http://twitpic.com/4jez4,1
a successful shopping day,1
don`t leave us,0
My lesson is finally done for tomorrow morning. I am looking forward to speaking to the high schoolers on dating.,1
i meant i cnt help but stop chattin wid her.....    gud dat u noe everything.... so do u think its fair????,0
NICK WTF I WAS GONNA GO BUT I HAVE NO RIDE. Boo,-1
I wish I could go back to bed with,1
3am i still cant sleep,-1
aww  i guess not that many people are online though...,-1
I AM SUCH A CREEPER  I feel disappointed because of it. **** my cyberstalking skills   the internet = no more privacy.,-1
have fun at the viper room tomorrow night  i know the fam out there will be in attendance to support all of yall,1
welcome back chica! hope you had a nice break,1
I just filled out the forms to stop contributing to the retirement account i had set up with my employer  I have to pay off my credit card,0
Chilling out....now the boys have gone  Time To Relax,1
Is heading home from foot surgery and wishing she had a boyfriend to come over and cuddle with,1
just gott home from work and now relaxing,1
had a **** contact with both parents >.>  grrr,-1
Thank you,1
wants to be sunbathin!!,0
add me on myspace?? www.myspace.com/pwnage_org  -> pcFOpc,0
That`s okay... I didn`t want to watch shelby anyway!,0
_R_Roberts I LOOK forward to seeing and sharing,1
_Blogs Congratulations lovely Japanese Children Happy Kodomo no hi,1
theme tune? Your robin I`m BATMAN!,0
I really want to be a star...Hope Flawless will work,1
used is definitely cheaper... may have to get later ones that way... but new is ok for now...,-1
.  Will have to try.  Our Pei Wei closed so I can`t try there.,0
WASSUP BEAUTIFUL!!! FOLLOW ME!!  PEEP OUT MY NEW HIT SINGLES WWW.MYSPACE.COM/IPSOHOT I DEF. WAT U IN THE VIDEO!!,0
you have my vote  want to see gino in drag. please post pictures.,0
true that! don`t know why i bothered this morning cos I just put it up in a pony soon as I got to work anyways,-1
Weather sucks!!... It`s raining again!!,-1
Plans were taking flight to go out tonight but they`re now sinking in the Hudson since I have to work in he morning. Stupid bird strike.,-1
confused on why and how people pose as others on twitter. I mean they really do their homework on peoples lives to imitate them. it`s sad,-1
hahaha that was funnyy!,1
Everythings Sooo Messed Up!!!!!!! Life Sucks!!!!!!!!!!,-1
_Dude Very nice. Good night,1
Its raning!!! -_- really bad,-1
_cath a couple of years  I knew you had one but I couldn`t find you for awhile..here you are!,0
Happy Star Wars Day to you all,1
OMG .. my memory must have failed me! Very weird since I do not normally forget because of my profession!,-1
_mills  better than a spider or some type if Australian wildlife one would imagine,1
Cried my eyes out watching My Girl last period   hahah,-1
yeah and in the tatami room!  kids + tatami dont mix,0
OMG that is AWFUL! $12k??? Wow     Our pyr figured out how to open a doorknobs one day by crushing them in her jaws and,-1
Long to-do list. Little desire to do it all.,-1
and this is better 4 me than a snickers bar or hersheys w/almonds.... which i use to b addicted to b4. i miss them  LOL,-1
i knoww  she is da best!,1
Happy Mother`s day to all beautiful mother. May your love shines the world  Thank you mum.....,1
happy mothers day! im gunna crawl up in a ball and act like i dont exist  lmfaoo,1
I am doing fantastic JJJ!  You? Doing your questions already? teacher`s pet!!,1
talking to my BABE  he`s amazing,1
You`re very welcome,1
Best show of my life. Guess I`m going to sc this week,1
Yeah they are! So stop making fun of me! I gotta get new ones,-1
we are all so proud of you! I am seriously thinking of joining you next year. Got to get training,1
I have the weirdest hives all over my legs and arms. What the heck am I allergic to? It itches SO bad! Dang it!,-1
i forgot the yardsale event! ooh how pity i am,-1
I am beginning to think sun blcok is a haox.,-1
Or maybe its just us ....,0
Slept at my parents the bed was hard as a rock now my back feels like a rock,-1
yay!  excited?,1
Gatorade first thing in the morning = yumyum  feeling shattered but must arise and revise for IT tomorrow.,-1
Happy Mom`s Day to everyone in the US,1
nt online & mayb next week  if u havent voted pls do: http://bit.ly/hHigd,0
went to the dmv today.....some things never change,-1
I loveeee NY! Getting breakfast then gonna go mimis I`m sooo tiredddd! missing him ODeeee! Love you,0
Don`t know yet  Lemme know if you come up with something though.,0
why not now you made me sad I thought you`d be jumping for joy,0
This is going to be a great and productive week - I can just feel it!!!  POSITIVE THINKING is the key,1
Is happy...Skool just let out..! Today was my last day..! Yippee! R.I.P Jackson Tyler Morris..! Always Loved And Never Forgotten..!,1
Thank you! And I don`t care for the look on his face.,1
no room for me smh,-1
http://twitpic.com/672s3 - What I woke up to this morning...I didn`t want to leave bed.,0
its funny you said we`d never make it and look how far we`ve come....  IM BACK ON HEAHHH!  um. yeah. school :/,1
Getting used to this shoulder immobilizer thing. Even getting used to sleeping in the recliner.,0
put me right off my scrambled egg breakfast  #fartingloud,0
that sucks!!,-1
Just paid my bills now I have no money,-1
i miss yoooooooou my poia,-1
4am Hubby`s alarm-song playing was 'Blame it on the Alcohol' Of course I couldn`t get back to sleep after cause thinking of Joe on cruise,-1
At school. Blagh. Yay I`m getting the IPhone in August!!,1
I hope I get the job so I can have some steady income and start eating well again. All the cheap food is horrible for you,0
Just broke my favorite necklace  superglue?,-1
http://tinyurl.com/nqudrt - Hurt my finger at work,-1
I have had the William Shatner version of Rocket Man in my head for 3 days now. It`s **** distracting,-1
Yeaa i`m so sad i`ve watched her live performances in Peru etc and they are EPIC!   I wish she`d just come to N.I! lol xo,0
auntie diane wins quote of the day 'and hes the incredible hulk',1
or lester....pitcher for the red sox,0
my days been aight! been cleaning mostly! went to mcds to check for hader toy..no luck  so i ate chickfila,-1
Yes I think it`s safe to say she is at the same popularity level today as always.,1
I`m thinking the 'Chevrolet Doom' would be fitting for GM,1
Good Morning everyone! Enjoy your day! Thinking of all my tweet friends,1
well I ran out of beer so I left. Not sure about the ETA. Waiting waiting waiting. Bleh  Gonna be a long nite methinks.,-1
i thought you liked the name,-1
i feel super sick,-1
The sun is breaking through the clouds!...and now it`s covered up again.,0
School Over!!! I`m gonna miss a bunch of people,-1
me too. I hate my computer so much..,-1
Thanks! Welcome back!,1
http://twitpic.com/41dbn - :o I See Your Dog..  Bella..?,0
HAPPY MOTHER`S DAY TO UR MOM JAH. TC.,1
Nice yo!!! Live it for me buddy!,1
6789998212 haha love soulja boys new song,1
presentations finished. Busted ankle after stupido models broke catwalk and I TWICE fell in hole in beautiful bottle green Mary Janes,0
Bank holiday mondaaaaaay   Exams tomorrow  D:,-1
Why am I limited to only being able to sync with 1 MS Exchange account on iPhone?  ... same goes for Outlook. Why... http://bit.ly/etB8H,0
Actually I think the NA release date was confirmed for September so it`s a bit more of a wait.,0
off to pearlyn`s place - gran`s bday + mothers` day dinner tonight!  mom went for adults` svc today!!!  (L) happy mothers` day moms!,1
Yeah I hate that too!!!! Sorry ur goin thru that,-1
in Newcastle enjoying the family  With mum on mother`s day for the 1st time in years!,1
got woken up early AGAIN  I kinda wana just chill today but there`s so much to do!,-1
I think my iPod touch may be breaking itself.,0
I want a call from you.  GO MICHIGAN! hahha,0
hmmm how bout my boi an me jammin sum john stephens for ya?,0
I just made myself a wonderful breakfast!!!!!!!! Now I have to get ready to workout,1
It`s IQ is high when it comes to knowledge about how to swim round`n`round in the bowl...,0
i have much to learn,1
Webcams Hoepfner Burgfest in #Karlsruhe: Automatic reload #fail http://bit.ly/Vdtvf,-1
_W wow-thanks soo much. Hope your well,1
Cool Guide.. My best Tip.. Do NOT Use Them Unless Absolutely Needed !!!,1
:  She`s going to beamer for the rest of high school. i`m so sad. there will be no more prn journal.,-1
Awww my lovies! Yes I love it all.  And I`m totally finishing my buffalo sammich after a few hits off the new bongie. <3,1
Off for a bit of a motorcycle trip today!,0
I can`t think of a way to express in 140 chars how disspointed I am with the advertising on Lifehacker`s Why I Didn`t Buy A Mac article.,-1
Great Podcast!  I wish you guys had more Chi shows this summer.  The only times I will see you will be at Alpine,1
on my way to work! I am gonna miss general hospital,-1
Good Morning Chairman of the board! www.youtube.com/watch?v=ivFM0pYyUcy its a living thing....!,1
the next wk I C Drs too but maybe then? I would love it! I did go to Mac Grill.  John was not there! Thought of U!,1
awww  well I am here...just in case...I am not like THE PERFECT FUNNY FRIEND but I`m here hehe,0
_jenkins nothing yet,0
why won`t the kids sleep,-1
ugh... only 1 3/4th hour and i will be 19...,-1
Okay now that i will not be able to sleep tonight what should we do,0
OK - so I can`t sleep...  Twitter it is,0
Morning  don`t ask me why I`m up so early,0
as any1 been up all night like me and now the birds are keeping you awake,0
love how dad said he`d be ready to go at like 3:15 and it`s now 4pm and I`m still working.,1
#wheniwerealad can you explain how that worked? lol  and no rude  explanations pleeezzze,0
So hyped about E3. I wish I could go...,1
Foto!,0
Haha ! Go Martin ! His fixed our Ski like a million times ...,1
Oh Mother - Christina Aguilera. Happy Mothers` Day to all the mamas!  ilovemymommy! <3,1
i dont wanna miss the laker game tonight! i`m so sad,-1
im blonding ... slowly but surely im blonding ... i wana scratch my hair but im not allowed,-1
happy mothers day. ekin sayang mak!!!,1
Epicfail and Joseph in class... Very long liao,-1
The pool is just not fun without Tim in it...,-1
Going to get me a new roomie today,0
hope he is ok!,1
Please don`t vote for her out of sympathy!  #BGT,-1
_M didnt get it clear,0
I have to figure out how this works!! I don`t get it  Hope you`re doing well!!!,0
YES!! I wanna come hang out with my H-TOWN gurl u know whats up!! haha  it`ll be bangin! We gotta hang out chick,1
_Sweethearts Im following you but you aren`t on my DM list  Can you try to DM me?,0
keep dreamin`!!!! Though.... if she does.... hook me up  LOL,0
19 days and counting,0
Soooooooo What Happened To Power ForReal?,0
is it? :O im gonna get that,0
So off work about to do what I don`t know I`m exhausted,-1
meeting just in time that iï¿½m trying to win something  prize`s friday!,0
Zach G. gets an extensive profile in this weekend`s NY Times Magazine. The chances of us falling in love are getting fewer and fewer.,-1
just going through some of his tracks in iTunes and buying his awesome tracks I don`t have. Loving it,1
is going to work an amazing charity event for big brothers big sisters. i don`t mind working if its for a good cause,1
has a good heart... or so says the doctor. Except that the doctor won`t be in until Tuesday afternoon to put that in writing....,0
aww  loves you! way too cute ;),1
yea dude... 5`8'! really!?,0
- I always appreciate your 'musings.',1
I`m miserable with my boredom.,-1
Made a seamless connection to Toro Toro Quebec Two.,0
sorry about that,-1
wishing I was anywhere but here...,-1
no school today! that`s greeeeeat!,1
says just passed by to say hi  busy with movie task from school =. = http://plurk.com/p/rozcz,0
Wow. Shabu.  And now HIMYM! Really feels comforting,1
lOL 518 that was not the year i was born  lol,0
Gonna miss my gurl while shes on her honeymoon,-1
people ask a lot.. and plus i thought id contribute to a SYKES to the trending topics,0
aaawww im soooOOooo tired today.. i dont feel good.. i dont wanna go to work wah..  but yeah im goin to work in a few mins. til closing..,-1
thats great I`ll make sure I get a copy,1
I`m so disgusted that my assumptions regarding what happened in Harlem last night were 100% correct without reading the story first.,-1
POL! Is this song from a new album? I am really missing out on UdD!,-1
Just dusted & vacuumed apartment.  I think I need another new vacuum...my entire apartment is smoky.  I just bought this one from Kmart,-1
in desperate need of some tweets to cheer me up,1
is up early to send someone off at the airport!  http://plurk.com/p/x2wsw,0
is missing out on the sunshine and trying to stay awake after having just 2 hours sleep,0
hey dude im finishing my lullaby  dude i saw a pic of you w/ long hair umm lets just say keep it short ha,0
I drive >90mph on a daily basis. u cld film Fast & Furious off of me. But anything  <1 mph is not my forte`. I bump Anything!.,0
HII!! Thatsï¿½meE!! I woke up and I am goinG to SchooL... Why me??,0
It is a drink but they have a trainer brand too.. http://www.office.co.uk/brand/babycham/8 <<have a look,0
oooh yeaah fooood time I`ve found my seat at this bbq right in front of the food  hahaa,0
teehee. it was a good show anyway,1
_marie Stick with me kidd...you`ll be alright (there`s a whole sketchy world out there waiting to be taken advantage of,1
Sweet! When are they going to be publicly available?,1
Ugh cant sleep on  this bus.  still have like 5 hours,-1
I`m bummed...you`re gonna be only 30 minutes from me on Sunday & I can`t come hear ya.,-1
i love everrything from breadtalk  i would eat the whole place if i could,1
exactly  Prime Minister doesn`t need take care this issue,0
@ BeardBurk: Their being optimistic,1
can we please?,1
_lord But that means you`ll leave me alone.,0
I`m not having a good day... can u cheer me up with a tweet?  Even Tink will do. LOL.,-1
i am on aim getting ready to go to bed. running a 5k tommorow for mothers day. wish me luck!,1
Almost to grandmas now. No internet there. I will never catch up on twitter.,-1
Oh god! The cheesy disco music has started and everyone is getting up on the tables  i need more wine...,-1
Just read it too.  I meant the toys though.,0
_d ...I`m so happy for you guys! COngratulations!,1
Hey #socialmediatv ugh no way to do video>blah {pouts}   (Social Media TV live > http://ustre.am/2NjV),-1
I ruined my lunch by eating half a bag of cheddar popcorn....now I feel sick.,-1
I`m craving something salty in my mouth!  Tired of pretzels tho.,-1
thats not really fair. I mean you just up and leave like that and you dont even give us a party  So when you coming back or  ...,-1
In bed after a good last saturday in ec. I`m gonna miss this place but can`t wait til summer,-1
....any  sorry wahh!! lub u toooo ;),0
Starting to spoil my pug since her brother Max passed away on Tuesday. We miss him.,-1
yay Happy Mothers Day to me  Screw burnt breakfast in bed I`ll take some E.  (erniehalter live > http://ustre.am/2VkO),1
ugh ****! my usual babysitters graduation is on Wednesday and I just got a meeting request from my boss during her graduation,-1
Chilling with my baybee sarah!  i love this girl,1
Looking forward to a short work week followed by a mini-vacation in Clemson,1
Oh my goodness!  How AWFUL,0
Screw it I`m going shopping. I`ll be back by like 3 anyway and then I`ll do hard core revision,0
Sunburn hurts!,-1
the ordered me a new blackberry to arrive TUES! I may die between now and them without phone  I have withdraws already,-1
AHHHH! Cant find anything because I have way too much open,-1
I`m missing crab legs and attending my going away instead!,-1
If only you`d come the sick one...with inflamed vocal cords,-1
AHHHHHHHH omg Pridelines got talent is giving me a headache!! wtf omg osn !!! Make it stop mommy make it stop,-1
MY PUFFFFY IS LEAVINGGGGGGG  NOOOOOOOOO,-1
watching 'Say Anything' - great `80s movies and the starting point of my love for John Cusack!,1
playing board games!!!,0
oh man! They better do something to fix that!! ugh stupid Verizon,-1
DO NOT DO IT  I`ve seen enough  movies to 'know' that something terrible will happen... LOL,-1
I sure hope so!,1
done with the dentist until November,0
majorspoilers.com has problems - cannot get the site working,-1
it sucks no matter where you are! I`m gonna freakin be late for work!,-1
hasa Lemon Cake in the oven and is going on to make Pork Casserole  Domestic or what!,0
Then I`ll need plenty of quizzes to get through the work day.,0
This weather is awful! I just want to curl up and read a book all day,-1
Thank you sister!!,1
chris sab and i = COMME ESTAS ****,-1
just chilling out in my room on the computer,1
You know we dont believe half of what they say,-1
Addictive isn`****. Biz could definately be better! Folks have just slowed down on getting their done.,0
genevaaa! my picture isnt showing up  i dont think im doing it right,-1
what?! Come as you are!!! But erock just left  bah D:,0
night night twitter world. [still cant believe the thomas thing  tomorrow`s gunna be FUN/SAD],0
i feel sad for you elizabeth.,-1
im quite upset do I really look under 15 :| they must have thought i was 14 or something ! Whatt ! thats unfair,-1
TIRED! goodnight twitter  its mother`s day  happy mother`s day  lov my moomy <3 yayy! God Bless.,-1
LOL well i`m qlad u enjoyed yur ramen noodles.. i had fried chicken  ..im tired now,0
i want pho... i`ve never had it before.,0
Download movie  'Still Waiting...' http://tinyurl.com/d9g8sj cool #movie,1
**** **** and blast!  I`m at LMHR tomorrow and Sam out   Who is running it?  I could see if she could join next week?,1
wonders when all of these end... hay...  http://plurk.com/p/wy9wi,-1
I`m super hungry! Waiting for my biotch to feed me.,0
Happy Mother`s Day to all of the mothers and mothers-to-be  My mom is getting a special gift from me today,1
_radio yeah :S i feel all funny cause i haven`t slept enough  i woke my mum up cause i was singing she`s not impressed :S you?,-1
says HAPPY MOTHER`S DAY!  http://plurk.com/p/sv70e,1
forgot my lunch and no one else is ordering stuff  boooooo!,-1
Happy Star Wars day everyone! and Enjoy the holiday (UK),1
you`re a big man for embracing your tears,1
_benson You are an absolute legend! Love love love it,1
http://twitpic.com/4jax3 - Update Ableton Live,0
goodnight world.... goodnight eddplant.,0
Wow the  vicodin must have worked I over slept... Better get updating BJADAY.com or I will not have a job,0
I love all my friends      and drew were fun tonight,1
i know they r lol i hope she does she said she will,1
my plans might have just gone out the window too  bit gutted.,-1
And I thank you.,1
roughnight,-1
Going to bed in a bit. Need to revise 2moro.,0
Bom apetite,0
my sympathies - been here 20 minutes and had enough - will escape soon,0
At least you`re getting closer to normal bedtime. Enjoy your trip. Keep us updated. Sweet dreams,1
I saw a squirrel get hit by a car while walking to bart this morning...wondering if there was anything I could have done.,0
Having first beer in over 8 days what has happened to me and Im only having it cause Miss 8 wanted to get me one for mothers day.,-1
arriving at itexa. Lots of mails to read and some work to do  thanks god weekend is just here,1
@_Cantus_  all i hear is coffee brewing at my end,0
hey im back on.. but msn won`t work  darn msn haha. can`t stop thinking about 3d movie haha!,0
almost got in a giant car accident on the 101,-1
well my daughter is 20 now...thats why I said `I miss those days`...they go by sooo fast,-1
The 'holy cow' is what did this to me.,0
waiting for JONAS to come on,0
back to work tomoo  day 1 of 5 it will bee.,0
Thanks Kashi! I was thinking the other day about how mad I am for doing myself a disservice by not taking 1 of ur classes.,1
yeah the tomato paste and oil is traditional on a sandwich.. eat it with some olives and maltese cheese  yum!,1
haha. the pic wrong. haha. now the one is then correct.,0
http://twitpic.com/4w8kr - meet Bella the new member of the family!!,0
I fought Jered to the death to avoid a wet willy.. but he got me anyway.  Q is coming over.. bike ride?,-1
Watching maxium 100. Why can`t I look beautiful like those girls.,-1
_the_heck Haha LOL @ the english work they doo in college,1
tamlyn wishes she was as cool as my sock draw,1
a lovely weekend thank you  Whats it like where you live? Exciting im sure  night night ****,1
Lol  i know,0
http://twitpic.com/4jdtj - have a safe journey back home hope you come back soon,1
and I have a gentleman`s agreement: Whoever wins the first match (or is it best of three?) pays for the other person`s copy.,0
why do you think so?,0
http://twitpic.com/4wua7 - I can`t wait to see them!,1
can`t wait for Daughtry`s new album! Ack. Two more months!!!,1
the there`s confuse me,-1
what`s follow Friday?? Lol.,0
got it? good. HAPPY MOTHERS DAY!,1
need a camera blower.. my camera censor is dirteeh..,-1
Don`t follow your dreams; chase them.- Richard Dumb (who I think is very smart,1
??????? #bash ?? ??????? ????????? ????,0
Too bad.,-1
just got back from donating blood,0
#hollyoaks .... The curse of justin strikes again.... Date the burton and end up screwed  poor sod,-1
just listened to the songs on your myspace.  really good,1
Looks like I`m on tea duty all day.,0
greeting again every momma : Happy Momma`s Day!,1
Just saw Star Trek with the boo.. Now off to bed! Never again will I go to a Vallejo theater. hAppy mOthErs dAy to all!! I love my mommy,0
had a nice mother`s day with mum. she liked her presents. wondering if i`ll ever see some one again. talking to sisa.,1
THANKS GUYS! 200 FOLLOWERS,1
i think they play michael buble in Heaven. He`s that great.,1
had a nice time with her little sister...baby is all grown up,1
Isnt looking forward to going back to work. 3 days off isnt long enough,-1
hmmm...the one restaurant/one grocery is sad. not the dukbolgi.,-1
what?? can`t believe it,-1
speechless,0
Not looking forward to the upcoming week...My better half will be gone all that time! It`s TRULY GONNA SUCK BIG TIME!,-1
awesome run report!   Did you see the bald eagle on the lighthouse?  That was their hangout when I last ran Discovery Park.,1
I hear you sister!!    Same here.,0
I hope they come,1
ty for feeding our NK addiction..ermm i mean our uhh nope yup addiction covers it,1
I`m a fat and sad puffyn now,-1
http://bit.ly/GQdbD  one of the saddest songs I`ve ever heard,-1
Aww.. I lost 3 followers.  FOLLOW ME !,-1
so...i really want to be home right now.,1
I thought I was your best friend?,0
Ohh boy my babys tooth came out !,-1
No problem. I`m just sharing the whole list to you.,0
OOUCHHHH I just pinched my own **** by accident trying to fix my top,-1
i now know that we`ve made a difference in each others lives...i feel proud.,1
Very succesful Cancertown Launch yesterday,1
ok I just love it when big buff tattoed (preferably Christian)  men strut...fluffy dogs are optional,1
no Belgian an not a record collector,0
I just saw 22nd of June and it make me think of Jenny  I miss her so much  ...,-1
I`m feeling so weak and tired from seating down in front of the pc. I really need to study for my HA long quiz.,-1
Happy Star Wars Day. May the 4th be with you!  Nice that we get a holiday to celebrate  #fb,1
Everyone on the eastcoast... the rain hates us  let`s just all fly to Cali. LOL,-1
congrats hey,1
a walk in the clouds; sweet november; lake house.,1
Life Just Isn`t Fair > And I Feel,-1
getttin ready.,0
relaxing night at home with best people,1
Finally back from the stupid holiday ! Missing the fit bar men though,-1
My dog Roscoe died yestarday and I`m so sad,-1
kenny u alive!!!...I`m here getting da hair done..to bad I`m not chillin w/ u todat  kinda sad,-1
best part of notting hill is on!!  'daft prick' haha love it.,0
i wish i had a 12hr nap!!  lets talk rachel into getting one of these now.. lol,0
i think taylor laughtner and selena gomez are the cutest couple! i love them both! just read it on M! my fave mag,1
Happy Mom`s day to your moms !,1
pretty tired after a nice full day.,1
Ada acara menarik lain: Keys to the VIP di channel V. Ttg straight yg dikasih tasks to approach strangers in the crowd.. Hmm,0
Michael Cera has a new movie!,0
Not a happy bunny,-1
Hey guys I`m going to create an iPhone app that`s a twitter client called Tweetilicious please  me your thoughts!,0
PUSH was amazing,1
Had interesting WKND. Sleeping Saturday & Productive Sunday!!,1
baaha  & healthy choice my friend! (:,1
IN PAIN. my big toe got stomped on during the hokey cokeu. it`s throbbing. anyone have any suggestions to heal it?,-1
_breannarose fuuuuuuck  idk if andy can get youuuu,-1
So who`s going to win the Heineken Cup?  Just need to know who *not* to bet on,0
Watching SNL  gahhhhh Will Forte is soooooo funty!!!,1
Finally eating unagi I`ve been saving up for a while! +udon :] AGH I just realized the band playing at Bear Garden today is one I like!,1
@_catchfire Happy Birthday Chip`s sister,1
_Guy Just like me )))) No i must confess one dark side of me is that i can be sometimes stubborn + iï¿½m a little morning grouch,-1
I`ll send you the youtube link <3,0
aww my friend just called and said that she got a better job so she won`t be working with me anymore,-1
Using my old phone!  gosh! I miss this phone!,-1
I feel bad for John and Kate. And the 8.,-1
I woulda never believed that five years later I`d be a female engineer myself making tracks,1
REALLY want to go to Maker Faire tomorrow but I am SO SICK.  #makerfaire,-1
Trying to save money for an iPod touch!,0
Ok just woke up and need to get ready before a day of getting twitterena 2.1 submitted!,0
upset.. friday night crying!,-1
_achillies  Thanks! And yay for being in my guild!,1
had to give my 5 year old golden retriever away to another family today  #sad http://bit.ly/s48D0,-1
Rachel and chelsey left me and jenny stole my bike.  that makes me muy triste!,-1
Moodle Intro training this morning... ages since i`ve done that... and only 2 bookings,0
I can`t believe I thought I had a morning shift today and told Alex that I could take him to the airport.  His flight is during my shift!,-1
cool !! actually i believe T.I. has just begun his jail sentence in arkansas,1
_Nessiah Yeah I will  In fifteen minutes or so.,0
HEY TWEETERZ. GO ON ITUNES NOW & BUY  and _cabrera `s NEW HIT SINGLE 'TELL IT LIKE IT IS',0
go with firefox,0
is heading off to the fair,0
the classes with my students are over  gonna miss them...,-1
My head hurts,-1
Night Night Everyone.    HAPPY MOTHERS DAY to all mothers,1
Would love it but have plans,1
This 'Monarchy' is gonna bleed ALL of us dry! We are nothing more than slaves to the pigs in D.C. I don`t reconize my country anymore!,-1
Rain Rain Rain go away come back next week when I`m gone (via ) raining lie crazy in the Keys,0
What are you doing up so early?,0
Stu is actually SEVERLY sunburnt....it hurts!!!,-1
wats up with the racism in australia? Its not nice,-1
what happened? I missed 4 hours of updates,0
_storm lucky! I`m still working for another 4 hours!,1
Simple my a#@,0
just stop talking if ur gonna be that mean,-1
Hope your son is okay!,1
Happy to see Kurt spin.,1
i am! lol its just i got used 2 talkin 2 ya..!,1
Bring me food before you go please.,0
Waaah! Masseuse is fully booked. No shoulder rub today.,0
THIS WEBSITE GAVE ME A VIRUS! When i opened it more windows kept POPPING up,-1
shares I miss my niece and nephew. http://tinyurl.com/mrgqdc http://plurk.com/p/x1ap6,-1
Happy mother`s day to you as well!  Have a good one!,1
Is off to get some dinner,0
ooh good then  Thank you for the heads up bro,1
do you ever respond to ppl?,0
Ar work bored...hope Tiff gets here soon then the fun can start,0
Oh no one minute too late! Oh well,0
Home Friday makes me  too!!!,0
Cant find my red lighter that reminds me of Amy,0
_Divine take my advice lookin through the phone cost me my relationship,1
!  i called and called. I think you should answer more. haha,0
Having a boo-hoo day. Things just suck today,-1
ive tried and tried in the past to learn cockney but sadly its near impossible to find books and things on it over here.,-1
just pre-ordered your new album `Off The Deep End`. Been listening to `Permanent Heart` on repeat since.,0
Im downloading manually the oooiifull.mp4 movie by  as it seems the only way to see it fully,0
Just got back from lunch and feeling more like a nap is in order than work  But I will press on!,0
But...but...I`m not!,0
This is getting on my nerves. I cant change my pic,-1
_august84 hahahaha now that is a spooky wish babes  how about a lifetime supply of shoes with matching bags and constant weight?,-1
Workin ur crazy sched. has to be tiring..its gotta  be hard being famous  but jus kno u have Bazillionz of fans supprtin u,0
haha check out our site its got some good ones too,1
: Sir ! Everything Will Be Great InShaa`Allah,1
I don`t mind Sam. But I liked Kate more.  I don`t like Chris. He`s smarmy.,-1
my mom wants to lay. We`ll be there later. Probably a little after 10. And  I`m sorry you`re sick,-1
My mouth hurts. Wish I could cut my head off,-1
i had a blast at the sale today! had one pair of cords mis sized tho  but still worth it! might come back tomorrow! thankssss,1
snotty nose  poorly chest! this is not good!,-1
Just banged my bloody foot! ow,-1
The weather is gross outside. It puts me in a bad mood.,-1
still sick  @ Home http://loopt.us/iArPRg.t,-1
Why oh why do I always forget to take the medication I`m *supposed* to take 30 minutes before breakfast? Just taking it now at 1:30,0
everybody is sick,-1
TOLD YOU!,0
A delay until midnight  bloody thomson!!!!,-1
correction...a hot coco in my NKOTB cup  what a sweety!!!!,1
_Rain oh what the hell  way to tell me.,-1
home for the night to hang out with my mom and study,0
_Guy Would luv to hear music too but iï¿½m out of batteries - the tv plays besides but i think this is some kind of vampire movie,1
Is eating BBQ Jalapeno Torta Subway from Los Chaparros right next door..,0
Have you ever realized you never fully have everything you want?  feelin` down.,-1
I jus planted a garden in my backyard,0
heading to work,0
is making me hot chocolate with almond milk.  Mother Day festivities is starting early!,0
Bored and lonely at work,-1
Somehow my alarm became an hour fast and I came to realize it as I was leaving the house.. It feels good having an early start,1
time for bed.....got some learning to do tomorrow with an early start  night night good people ****,1
I`m gonna miss them so much  I`m crying right now... :/,-1
_navarro I wish this area offered chinese food delivery,1
its about to storm..soo much 4 goin out  ..ill just play on the net for awhile,0
Constructivist learning theory - anybody? Oh wait..... there`s always wikipedia right?!,0
I`m here if u need to vent!,1
i miss coffee,-1
last night in newport,0
Friends! Come over and give me a massage  I can`t sleep.,0
omg man  i`ll pray for ya,-1
I listening Your album on youtube. So awesome. But i can`t buy it,1
no sleeping for me im at work   it will be summer break soon. Tell them to get there butts out of bed lol,0
waiting on food.,0
I like tweet deck and I`ll try the other one u recomended Thanks,1
Interview! 177 views! 22 away from 200!! Thanx for reading ppl!!  http://tiny.cc/GmKbT #mattmccoy,1
My mind is calm & my heart is happy.. Life is good.  ? Would it be ok if I took your breath away? ?,0
hey Momma Cherri`s site is still active: http://www.mommacherri.co.uk/ I`d love to go too one day,1
_Kill_Boy That would be really great....except im not allowed to talk to boys on the phone  long story...my fault,0
the tip of my finger hurts  lmao,-1
have fun ! bbq is good ! no matter where it is,1
is there ANYTHING good about our country?,0
This chair is not comfortable at all,-1
tell everybody i said happy mothers day!  love ya! #1 fan love you miley you rock,1
_bexi I totally and completely agree,0
Gettin check outta school cause im siccck. Goin to pick up jimbbbbo.,-1
OMG! It`s the famous Amanda woman person thingy!  HUGS ALL AROUND!,1
_Megan_**** Thats all i`ve seen too   5 till 7 is the 2 hours I normally sleep so I missed it :mad: haha,-1
So glad I`m finally done with finals!,1
_nk Wouldn`t call that cool or dangerous. Reckon it fits into the stupid category,-1
If I told you how often I wash my hair you would never speak to me again,0
thanks.... just awesome,1
http://twitpic.com/66ydb -  I made sure you got credit at the end of the book...I`m sure I forgot people though.,-1
wants chocolate milkkk,0
i been saying that the past 2 weeks that i miss playing spades and drinkin chillin.. the good old days.. let me know baby,-1
I also have to make space on my computer for the game. I don`t meet the minimum requirements for Sims 3 at the moment,0
my head huwwts,-1
Is coming to the end of his first shift  6.30 local,0
http://yfrog.com/0guyoj bonfires are my fave!,1
Relaxing.,1
used a spare USB flash drive as virtual RAM for my PC. now its got 5.6 GB of memory,0
Just got finished cleaning and putting out my mom`s presents.  Happy mother`s day. I`m going to sleeeeep.,1
sky diving was aaaaaawwwesome!!!! kinda bored now though,0
I do the same thing to anybody covering dave... haha... we don`t like people messing with perfect music.,-1
on that note - i do not feel missed.,1
awww. its cool. i ate too much ice cream,1
I`d like to thank my normally only randomly working internet for actually staying up from the moment I saw the tweet until now.,1
I`m way to hungry to even think. I can`t go to work on an empty stomach like this,0
Guess what happened to my butt yesterday? Yes - Annas finger came for a visit... and I said nothing about it.,0
last day at Adobe  buuuut I just registered for online tech writing course!,0
_ritz thnx sweetie  how r u this evening? xo,1
The fine old British tradition of chilly grey drizzle on a Bank Holiday is still observed,0
Doing okay. How are you doing?,0
Why online one download this week?,0
fell on the sidewalk in harvard square.  stupid cobblestones!  now my hand hurts,-1
I`m quite afraid to string now since I don`t have any .024 wire use,-1
and now i smell pancakes...or maybe toast... or something delicious. but no one is at my place cooking,0
that would mean me babe! but **** it my name  is SUPER FREAKIN COOL! I give myself a pass! HA!,1
havent been on in awhile.  no point anyways,-1
is happy that tiff can`t drop BIO so she can suffer with me  nyayhahahah!,0
@ Ahhhhh FML! Classic Crime is sold out!,0
What day is it? What`s #FF? I`m worst than you,-1
Ow... My shoulder muscle (I can`t remember the name :p) hurts... What did I do?  I don`t even know,-1
av ad a realy gd day wiv Ciara Connolly at  park gate west kirby and new brighton.. fukin funny bt sunburnt.. luks like drivers arm,1
im hella pushin for it...how was tha graduation..sorry i couldnt smash thru...,-1
_morley where are you? In Bris? I can`t hear any thunder,-1
Hoping my mom likes her pamper gifts I sent her,1
Great... I`ll check it when I get off work...  They block Sims at work...,1
and it is raining in Denver. of COURSE it is,0
so how have you been doing ?,0
Wish I was @ wembley,1
is still working  #fb,0
Mad because quiz 5 answer on the BET Ford Fusion sweepstakes are all wrong,-1
Working on several book projects that are due to be released within the next few months.  I need an extra pair of hands!  It`s all good...,1
Watering the plants at home. Drinking a delicious smoothie from morgans because my jamba exploded.,1
I want to see 'Too Fast to Transport in 60 seconds',0
i`m afraid im def. a product of the NRI Karan Johar generation- I`ve been watching a lot of classics this semester,-1
Its so nice i ahd to work today,1
BTW I STILL can`t believe how Awesome the NEWJABBAKIDZ performance was...U in the masks..I screamed at my pc,1
boo. I used to live in upland... Have funnnn,1
On the way home dood.. Dont think the crappy vodafone gprs can handle yaymen.com,-1
http://twitpic.com/4wij6 - my oldest nephew playin on my guitar hero drums,0
from last Montday`s award ceremony  http://twitpic.com/4jkvl,0
Wishing all the mommies a happy mother`s day,1
**** I lost my Star Trek ring!    Starfleet Academy class ring w/ Golden Gate Bridge on it.  Got it as high school graduation present.,0
Home at last HAPPY MOTHERS TO ALL THE MOTHERS Special thanks to my father he bought me tulips so did my princess  adult swim time (anime),1
Blah. Work at job one all day and job two all night.,-1
im so **** proud of you,1
_3girls LOUISE !! You r not adopted - ballet it is. You`ll love it and then the cocktails after even more!,1
becoz of leg sprain nta ble to do proper wrkouts. Worried shud dis hapen wen i satrted dieting...,-1
I do that all the time,0
Going to bed now  *thinks I Twitter WAY too much*,0
wow! Leonardo DiCaprio and Jennifer Davisson Killoran are the producers  of the movie: ORPHAN  !! i have direct contact info for them too!,0
when u gonna come show minnesota some love though hun?!,1
Another Lake Park kid is going to Tulane. I`m not unique anymore,-1
I`m sitting around wanting to do something  any ideas?,0
Good Morning Everyone,1
i can`t.,0
cheer up buttercup! Rain will go away and hearts always mend. I can actually bet $ on that!,1
not in the mood,-1
It starts again June 14,0
Saw Xmen Origins on Sat! By far the BEST Xmen movie! AMAZING!!!,1
You`re cycling tho` that`s good. Healthy eating  Healthy and eating are a contradiction in terms.,1
he`ll be 3 in july! I`m just soo stoked!!!!  Especially since he sleeps with us LOL  He refuses to wear diapers anymore,1
Silly boyfriend forgets his phone charger on his 4 day long trip to Kilkenny and now I can`t talk to him and see how his gig went! Poo!,-1
why did u copy wot i wrote //hmm,0
has broken off the fb wedding so sadly no longer has an excuse to get @ hauntingxealot to Goulburn,-1
No! Why?,0
They raised the prices at work which means people are tipping less. Yay,-1
No news yet,0
I love when ryans a housewife. Makes me smile.,1
_Jolene Try 90 4 next 3 days!  :O  Yuk!    lol  n e thing poppin` @ SN?,0
I`ll have to add your shop to my favorites! I love your needle wraps. Right now my needles are all in a mess in a basket,1
HELLOOO!!! How are you?? Gosh I miss seeing you around. Thought of you last night when I had some amarula,-1
LOL...I think it`s safe to say that we are not alone in our thinking!,1
Just watched the 'Final Break' final prison break episode. It was great. Farewell Prison Break. You will be dearly missed.,0
On my way home in the sunshine with a bag full of my stuff from work...,0
Bank holiday = rain. Superb. But a great excuse not to start gardening in the jungle at the back of our house. Eating it is then...,1
won`t anyone give poor ernie reyes jr a break?,-1
lol awww lol i will i can`t do it now lol cauz i have to work  but i will make one and tell you love you 2 oxoxoteambreezy,1
my brother is irritating. and not just bc he takes & wears my clothes without asking. i want to punch him violently for **** he does.,-1
what a beautiful morning ; it`s time to get up and enjoy the sun,1
It tells me I`m not a member of the private beta  and I`m not going to just start pretending to assassinate people,0
_Vegetable me 2,0
feel like going home and sleep till the next day!,0
short work week for me,0
*hugs back* me too,1
Im so full. Subway was bomb! Waiting for my 2nd shift to start,1
I don`t find this stuff amusing any more,-1
Just saw Ghost of Girlfriends Past  it was actually really cute for a total chick flick. Mattew McConaughey is smexy,1
Thanks bro but I`m awake already  How are you?,1
ooo and good luck for dundee tonight i can`t be there cos i have a ton of uni work,1
Licking chocolate crumbs off a Twirl wrapper like Zammo on smack,0
My head`s THUMPING.,-1
HAPPY MOTHER`S DAY,1
i love the music video of you belong with me by taylor,1
Keep trying...taking texts all week long...,0
I`m likable after all HAHAHAHAHAHAHA! Still over the moon,1
awww i`m sorry  what kind of fish did you have?,-1
I knw maan! i was gonna say the same thing. We both would become omelettes and others would become chapathis,0
_Megan_**** Same! Like the kisses on nights when she wasnt up for eviction! They were very badly edited,-1
thinks that the limit of 140 letters is really not fair. 300 + would be better,-1
Happy Mother`s Day to you,1
Thanks for the follow man,1
Happy Monday tweeples... hope it wasn`t to hard to get out of bed and back in gear!,0
Yeah I kept rethinking it because noone that I knew would want to go with me lol. So I ended up just didn`t buy them.,0
Yes PM PM you are right,1
I feel lazy watching other people work on my roof!  Kat Woman OUT,-1
13 hours til i`m on a plane. Ahhh yay,1
LOL! Let`s find something quickly.,0
wow 2 months since i`ve been on twitter... supposed to go see Maat in PA but the James is sleepin,1
daaammmnnnnn I do wish I was there.,-1
not in the mood crazii crazii highly upset now with everything & everybody,-1
Aw one of our fishies died,-1
aaaawww  would u like an alcoholic beverage of your choice?,0
morning all....beautiful day...best go enjoy some sunshine before i have to go to work...unfortunately,0
good luck.. Finally your long time will of panvel tweetup finally coming true..,1
I was expecting the sun to come out today. I guess that`s not happening.,-1
i am so stressed and sad about pugsly missing. i hope hes okay. i am stuck at otrip and cant look for him  someone post his pic on FB 4 me,-1
Finally home  Gonna hit the hay n sleep till noon lol,1
@ Pretty_Mess you missed all the free shots,0
last night sucked... too many bad dreams about spiders and rogue octupi,-1
#iusedtobescaredof the girls in the year above me at school,-1
why do i turn red,0
I SOOOOOOOOOOOOOOOOO NEED TO SEE U  IM ON SOME BS 4REAL DEADASS LMAO,0
4 hours of shopping over... good effort. Best part = chocolate shop.... YUJM!!!... yum even,1
I`m so hungry,-1
almost everyone can suck my **** right about now. ive had it up to here with people **** me over !,0
twitter is trippin right now with my pic,0
Oh lovely - that is one thing Mum`s are great at!! Sounds yummy!  You are makin me hungry here! lol :-p,1
http://twitpic.com/4j6kc - man i love your shelves! way to go diy diva!,1
driving past Tattered Cover w/o stopping  promising myself to make time next week.,-1
Your welcome.,1
I`m so sorry Drace  this sucks so bad,-1
Kyles going out of town this weekend  play time wif my fwiends. Rawrrr.,1
sorry change of plans for me   :`( revision for monday exam in a park with one of my friends,-1
Noooo! Poor SE,-1
I`m the heir to the over draft,-1
i`m off to see a movie ('17 again'),0
_98 Kevin can`t leave work until 2,0
Hey had some fun with friends !!!!!Now cleaning,1
It`s teddy-chucking time,-1
- I did see it...looks so retro!   I wouldn`t say no to rerecordings...fans LOVED Given One Change.  You have CS Fans!,0
House hunting for next year= No FUN!,-1
traveling to L.a today to see grandpa in hospital..Yet another road block to cross fro my family,-1
cowering from pain,-1
working until10,0
FINALLY GOT THE BIKE I WANTED!,1
And I just saw something real sad on my lunch... A dog with two broken back legs.,-1
Did you know if you want to stay cool all day use a shower gel or bath wash with peppermint in it,0
YES. and then they should in non test conditions!,0
my sensors don`t seem to want to last for more than 3 1/2 days,-1
be patient  you`ll get it soon,1
I don`t. I hope it takes them a good long while to recover.,1
Why aren`t you at blue martini with me??,0
Ta very much!  Happy B-Day to G-son,1
but my bday is JUNE 19.. this is wack... and ihavent seen any promotions for my bday party  someone better finagle this asap!,-1
Locked out of my **** house!,0
left a comment on your blog post,0
just played volleyball?,0
Happy Mother`s Day! She liked the poem.,1
that would be most ideal. However...now I dont see myself leaving before 3  Gonna have to take a rain check,0
i finally found the perfect matte lcd cleaner!! i-nix screen cleaner ftw!,1
ooohhhhh - sorry  So sad - never noticed the dollar signs! #oxteach,-1
Having asthma issues today.   BAH!,-1
hello  Well it`s sunny out but my head is fuzzy and coffee isn`t brewed yet... how`s your day..?!,-1
LOL too bad he`s taken!!!!!!!,-1
Wohoo! Going to see Eddie Izzard in December!,1
I`m completely exhausted thanks to yesterday.  Can I go home yet?,-1
_estep I am glad you are getting into your twittering,1
<--has no internet for the weekend,-1
OMG its working,1
where are ya headin to for your family vaca? i hope the paparazzi leave you alone,0
just installed youtube downloader  anyone knows how to make a trailer out of videos??,0
I have cystic lacrimal infectection?? my eye and face are swollen and it hurts!!,-1
I wasn`t sore yesterday. But i`m definitely feeling those hills now! My legs hurt all the way up to my booty. Its a good hurt,1
I hate being sick.  Make me soup?,-1
It are mimi time,0
grats to aaron and christine,0
i was watchin tv yesterday and the media is on u. u were number five i think for worst beach bodies because of ur butt,-1
my internet just crashed  i will ttytomorrow.,-1
Jz local movie here. The title`s virgin 2 :p actually i feel not so good. So tired n dizzy,-1
thanks! I will try #boarding out,0
It was pretty cool. The kids *and* the adults had fun.,1
Kennedy was re-injured at RAW on Monday. He`s got s serious muscle issue in his back and a broken wrist.,-1
_carter  we can`t see the video it`s private,0
for sure....I still got 2 hrs till I will be home at the fridge  but then BEER BEER BEER lol,0
_ryan Just...it`s quiet a bit of it tbh xD,0
just got home from a meeting with the girls... Maaaaaan I`m exhausted!! Goodnight world,0
Nice action shot: http://bit.ly/m8zfx   I miss working a pole.,0
C-News wasn`t as bad as I expected... could have done better... but today we did a great show...,1
I HATE CANCER. I HATE IT I HATE IT I HATE IT.,-1
lmao!!! ummm duh gurl I need to buy me some more v-necks I like em!!!,0
stinks  what do you do anyway?,-1
I feel like dressing up for the heck of it.& putting make up on. Haha,1
morning Newt...hope you are well!,1
transferring 368558682 photos is annoying.. I want to watch Up,-1
Darts and lunch at Horse Brass... but no beer for me  http://bmap.us/2134,0
I really ain`t woth a ****. I can`t do anythin right.   What`s wrong with me?,-1
really enjoyed the podcast with  This was my 1st time listenening to the show. Will def listen from now on,1
I have that problem with adult shirts too. It`s so annoying since a lot of adult player shirts don`t come in kid sizes,-1
what don`t be sad?  Be glad. Your 21,0
unpacking my new toy arrived in the studio right now  it`s called TC Finalizer. can`t wait to check how it sounds !!!,1
Just DMed you your login details for the Twitter Salvation System. Enjoy! do let me know what u think.,1
I wish I could just go for a drive..or a movie or the store..I just wanna be alone,-1
Our Christian mobile directory is running! Just a month old  Visit http://tiny.cc/caribdir,0
oooh really haha have they said anything about it yet!? i`ll suggest the idea on twitter if you want/havent already,1
all these follow fridays make me feel really unpopular,-1
- i sure hope so  it was worth it for me too  loveu.,1
Heading home from Sacramento.  Will continue writing the WIndows Server 2008 R2 Unleashed book over the weekend.  Sigh  #windows,0
Wow Justin Timberlake on SNL tonight was hilarious! You gotta love that dude!,1
haha  cute. ps thanks for the reply made my day haha,1
can you repeat what was bad about singapore pools website please?,0
Awww   I told you when I would change it. I suggest you try to get in touch w/ Dre`s people. LOL,1
#3wordsaftersex it never started...,-1
Thanks a lot! You`re very kind!  I just got back from a nice drive in the 500. Such a fun car to drive  Have a nice day!,1
OMG  I BROKE DOWN AND HAD PIZZA BECAUSE I WAS STRESSED OUT     you mad at me?,-1
had a shitload of fun with her friends,1
I stung myself with stinging nettles all down my shin,0
Tanya is jealous because I`m Mike`s new favorite  It`s because he tried to kiss me over the weekend....pictures to follow at 95sx.com,0
ah good idea. library seems to work  thats why i`m not there obviously.,1
Ready for Mother`s Day? http://tinyurl.com/dcgeyv,0
Watch Jay Leno tonite!!!  It`s his last day as the Tonite Show Host and  Late Nite Leader,0
You rock my socks off! Sorry you have to go to BFE Maryland.,0
yeah... and neither of them are in huntsville   i would so quit both of my jobs here for one job there.,0
i still like coldplay i just said that was one of my fav cds. and they r one of my fav bands too!!!,1
Yay! You finally get to have a trip away from home again! How exciting! You 2 going to shop a bit ?,1
Dimples was in the preview... are they not on today?  It hasn`t aired here yet... via http://twib.es/CPF,0
You`re right....I`m 29 and  I`ve heard the song a time or two,1
graphic design..should be making a business card..but im on TWITTER!,0
Is it true there won`t be any Fantastic 4 sequels?  I wished they introduced a Franklin Richards character... will they?,1
... Money money money...      http://twitpic.com/664uz,0
aww... my mom will appreciate it   Much the same to your familias! When do you leave for tour?,1
- Definitely following  - I`ve been 'following' the creator of this feature since 2005!,0
I can`t **** concentrate with this **** heat!  Cooler is so not doing it`s job.,-1
I want some....LOL  I got the coffee ha ha,0
because you had chips and sale w/o me,0
Pug just woke me from an incredible sleep!,-1
I like taking my dogs with me in the car when I run errands. They are always excited to go anywhere. like this morning to Krogers.,1
aight im out. off to see Spring Awakening. home we make it home in time to see Jay`s last show,0
nothin to do,0
Luv you sissy,1
seen u a couple of times. Liked it,1
Not really stuck on F1.. but as the weather is here today I might just stay in and watch it.,0
RB  vi...t.y both  ? http://blip.fm/~5jfu9,0
Yay finished my journal. Gonna go sleep now. Church tomorrow. Yay!  don`t forget it`s MOTHERS DAY!,1
i have a whole day planned for my mom today that i know she will love!,1
Now that`s a very nice way to fall asleep.,1
O dnt even like wearing  my skinny jean no more cuz of yall **** **** ni99as...,-1
right..  making compromises is what kills us!,-1
Psyched for Mother`s day at the GKR party--and teaching mom and dad about baseball,0
I will not be late.  I will not be late.  I will not be late.,1
Taking 40 underpriveledged kids to the circus 2moro. BIG day planned & I still aint feeling 100%  so nervous right now..,-1
Going for a ride! Perfect night to go out and chill,1
@_hayles are u serious???? you touched his ****? ohmygod u ****!!! lol aaaaawwwwwww y did u tell me that!!!,-1
my sister just ripped my heart outta myy fukkn chest.  im super hurt right now. she`s all i ever needed in this life.,-1
Its 11:11...make a wish!,1
90210 9pm  I laaaaaaaaave it.,1
nope - just playing with one  i think i`m going to wait for the next iphone,0
I was SUPPOSED to be coming...life got in the way lol give my friends a wild time!!!,0
I ate a foot long from subway like an hour ago! OMG! I`m happy and full. I hadn`t ate since b-fast.  happy Lis.,1
Time ticking by sooo sloooooooooowlyyyyyyyyyyyyy,-1
Back in Spain,0
http://twitpic.com/4w269 - My 789 pacman pic,0
Okay I lied! I meant this time next week! That is sooo much longer!!  I miss my mommy...,-1
HMV opens in half an our...better go get ready,0
VEGA UNDER FIREEEEEE,-1
Why do you hurt me? Does it bring you joy to see me cry? You know I love you more then anything and yet u break my heart everyday!,1
check on ya`ll in a bit. im in for a Mother`s day haircut. ciao!...,0
Can`t believe i`m spending my lunch break inside @ my desk,1
Guys. Just got someone with saran wrap. Tuesdays video shall be awesome,1
Huh... PR from 5 to 2..?,0
ahh im getting really tired and ej isnt up yet! im might have to go to sleep without talking to her again,-1
this hot day is making me tired,-1
english class! working on interactive orals,0
Things aren`t just as easy and simple as they seem to be.,-1
fo shizzle. . . i`m bored and wanna go do something.  wish i went to pisay today. oh wellz. wonder who were there.,-1
Aww maybe i traumatized her.,-1
i think it starts at  7.30 with that david archuleta  i might just throw glitter all over myself aha ****,0
I think that may look a little silly -.- Also my camera is broken so no photo,-1
omg yes!!!!!!! but I have to get ready for work early tonight  I have payroll distribution duty,1
I would but I`m afraid I got two left feet,-1
not for too long I hope x,0
i don`t even want to go to the store to get ice cream.  i wasted a cute outfit on... sitting on my **** on twitter!!,-1
haha so the whole worlds there then lol,0
learning for school now ...,0
Checking out Twitter Trying to find people I know....Unfortunately no one I know uses this website,-1
Dreary bus ride home. Im rubbing my eyes out but at least I didn`t spend the day in school. Over 12 hrs well spent,0
Happy mothers dayyy all mothers especially mine,1
i need to get tickets though  idk how that is gonna happen,0
its looking like the magic,0
i miss youuu and i wish i was dodging semis with you,-1
haven`t worked there for a long time but kinda miss it! I miss anna  seen her? i`ll prob be in SLO most of the summer! you?,-1
Happy Mothers day to all you MI.. mothers out there.   Thanks for doing what you do .. whatever that is,1
And who says I wasn`t just muttering to myself?,0
ouch... head hurts,-1
****. My friend`s in such a state and I don`t know how to help him. Nothing I say seems to be helping and I wish I knew what to say,-1
has had a nice long nap  http://plurk.com/p/stvqp,1
I hate being yelled and sworn at,-1
Mama? you`re the best thing that ever happen to me. thanks for everything  & and sorry for hurting you... I LOVE YOU!  <3,1
like the sound of a tweet,0
needs to escape from this town. getting ready. seeyuhhh.,0
#quitsmokingdiary  5 Weeks tomorrow since giving up YAAAAAAYY!!!!               - I dont want to talk about it,1
my portfolio v2 uploaded! any comments and feedback are warmly welcomed!  http://www.maxiin.net/,1
hahahaha yay!!!! Lakers!!! And I would please like some of that dip!!,1
No I LOVE Jordie`s version as well as Joe`s and Donnie`s ALL 3 are DIFFERENT,1
Everyone is so sad about the no touching rule.  You still get to see them! More than most of us get!,-1
Well it`s official I have strep,0
I`m tired. I think I`m becoming too old to go out.,-1
: Chillin` at home-watching a movie on tv & making some 'healthified' streusel coffee cake.,0
I am so hungry! And there is no food for me to steal,-1
needs my mommy  http://plurk.com/p/x116r,0
SWEEEEET - San Fran is awesome!!!!  Love it there,1
Happy Mothers Day to all Mom`s,1
I am now cleaning,0
me too... it goes to my phone so all night long sometimes my phone is blowing up... so nice to wake up to!,0
I am probably spamming my follower`s account.,-1
Wolverine is awesome.. love it! your such a great actor..,1
_AM Well what can I say - you do look Hot in your pic... That`s gotta work for most of us...,1
I`m sorryyyyyy  I`ll be home as fast as possible where we meeting at?,-1
wish my nicky were home too,0
****...the right side of my earphones just stopped working all of a sudden. Now I need to buy new ones...,-1
_Cool yep here`s hoping,1
rofl! we aren`t wearing dark grungy though! I asked bradie if it was ok he said yess,1
On my way home...then SLEEP! Seeing Amber Pacific tomorow with the besties,0
Feeling lonely and in need a a good friend,-1
Recovering from an Italian cruise in the Mediterenean,0
**left off the 'again' in the title...whoops!,1
http://twitpic.com/4ws3m - I love family guy  2 hours of work to go..,1
Content content content .... gah! Story of my life right now - thx for reminding me. That`s what I should be doing v. Tweeting,1
Puzzled by people`s mood swings... it makes me somewhat sad that I can`t pinpoint  how  they feel,-1
I know but unfortunately I`m one of the fifteen bazillions of Americans without health insurance.  awesome,0
unless you`re gretel killeen apparently. you did look pretty **** good,1
Head is throbbing from lack of sleep and still have mucho work. Doesn`t feel like a Friday,-1
i feel less than nothin`.. lower than zero..,-1
lol. just don`t ever forget me,1
In the middle of breakfast the school called.Yep...back to get Shey...AGAIN.3rd migraine this week or maybe one that never went away,-1
happpy mothers day,1
well then happy mothers day  ahahahahahaha,1
wishes he could be with that special someone....,1
Sounds like a nice relaxing afternoon. I have to mow the lawn and walk the dog,1
well going to sleep peoples!! night all twitterers!! loves ya!  *Welcome Home*,1
I think im becoming obsessed with MGMT- kids  <3,1
after mad calls..txt..fb msgs my homie finally calls me back I was so worried..I think I care far 2 much..but if anything happened 2 them,-1
Doctors with mommy.,0
join the club dougie i have a cold too  x,-1
I saw an all red Audi on the highway. I sped uo to it hoping it was you. My loss,-1
Izzy!!! So sorry to hear that - what a disaster,-1
I`m a 100% Reagan con according to this quiz http://quizfarm.com/run.php/QuizRunner,0
_deadgirl :hard stare:,0
Happy Star Wars Day!!! May The 4th Be With You!,1
: yes  and ily,1
has a headaaaaaaaaaaaache,-1
i just bit my tongue.  blood everywhere!!!,-1
crossing my fingers for ya! & hey you`ll be on my side of town!  Welcome! LOL,1
_Jen LOL - I know... seems that the whole fabric of our earth will now unravel - lol - I guess people have never seen bambi,0
what did someone do? and good morning,1
Having a bad day/week,-1
_Simmons everyone has their mistakes to make and lessons to learn. Don`t let the negativity get to you.,1
Ugh I`m tired,-1
Gonna go drop some logs in the pool  back in 15 min,0
morning T! I love their breakfast! If I wasn`t stuck at the shop right now getting maintenance done to the ride!,0
My Photoshop won`t let me save anything  Due to a disk error. The blend took me 1.5 hours!,-1
@ poll : was trying to get it to work in a powerpoint to no avail.,0
throat infection coming on strong I think  I can taste blood :S,-1
happiest girl in the world.  best weekend ever and I can`t wait for next weekend either!!!  so grateful for all my blessings!,1
Good night everyone  im going to lay in bed and watch eraser!,1
Having an awesome day? You should... I expect as much out of you  #awesomeupdater,1
HAPPY MOTHERS DAY TO ALL THE MOMS OUT THERE !!!,1
u were doing good with the replys now u fallin off sad face,-1
thnx 4 the follow,1
Bought a new combo printer at costco today (officejet j4550) cause it was cheaper than ink 4 old one. #windows7 doesn`t like the fax part,0
so sad that no friends everyday for a long **** time,-1
Tell my work to give me two days off in a row! Stat! I`m full time I`m supposed to have priority,0
Awesome night ahead: BAD v Rat City! Most of my favorite skaters on one track  #fb,1
_dazzles Well tonight would be a good time to watch.,1
change of plans. won`t be seeing Up today.,0
how come  its for us now to win ms twitter world.is it not working for you ?,0
listing to music while putting the finishing touches on my mothers day present and the cool part is it didn`t cost my a thing,1
Or he`s gonna chop you up into tiny bits - one of the two,-1
You must be scared to be trolling here. You guys are so sad.   #tcot #right,-1
New constructions poping up all over there now,0
Yay my friend Glen is here. Now i`m like this,1
havent been on here in ages  sorry twitter.. tweetdeck is broken,1
i couldn`t eat all my nuggets  finish them for me.,0
I think you and Tamera should have your own show anyway...the CW or ABC fam is not appreciating you like they should.,-1
Okay one of my ears popped so now I know what everything sounds like and everything is reall loud,0
is at Klaudine`s. Again...,0
nuthin much just gettin ready 2 head bk 2 wrk  n u???,0
aw got orthodontist today,0
eating hawain pizza for breakfast  its a bit cold,-1
Hello there,0
You don`t reply to none of your fans ... I don`t know what trust,-1
no Santa cruz for me  but I do have an interview at jamba tomorrow morning (:,0
Getting a cleaning on tues then getting a tooth pulled on thurs. Then gotta schedule a bridge that might need a root canal--ugh.,-1
Changing Guitar strings.. Getting Ready To Perform `THE CLIMB` at my cousins birthdayy,0
Hi John! Thanks for sharing that quote! It`s soo true,1
Woot. just had my interview! went awsome! I didn`t get to talk with Mr. Johnny thought...  oh well I still did really good!,1
Off to bed!! Still exhausted from Vegas,-1
Nice to see you tweeting!  It`s Sunday 10th May and we`re celebrating Mother`s Day here today. So be nice to yer Mom,1
karma is a **** ! i just got hung up on  lol i`m still a big dawg though,0
Burning time at wacha,-1
Morning twitts heading home  had a great sleep over w. my bf Tennille!,1
I`m an incredibly happy person with 100% energy. Love to dance & laugh...the only thing that I know.I`m one of the most down to earth ppl,1
Work today,0
we tried to DM you but your not following us,-1
I have an even dozen.  thanks for reminding me. I quilt 2 and make 3. LOL,0
Finally lost FM97,-1
iPhone just fell,-1
sleeping in my own bed tonight... at home!!,0
just contributed to economic stimulus at Wal Mart - un expected tire replacements,0
i dont think i have ever laughed so hard,1
is very worried about sam  and wants to know he okay!,-1
Loves him but most importantly loves my mom! Happy Mothers Day!,1
no way! **** that sucks B!  are you ok?,-1
miss 16`th,0
happy mothers day!!,1
I have a belly ache...,-1
Good Morning! It`s been a while since I`ve 'talked' to you   - Keep up the awesome tweets.,1
Hi All!!  I have 2 daughters.. and my youngest turns 2 on Monday.. Where did the time go??  sniffle sniffle sob. sob.,-1
is starving & has a chem quiz due at noon,-1
Memorizing the first 18 lines of the General Prologue of The Canterbury Tales. Ughhh.,0
I`M FEELING GREAT!,1
Sick. With a flu like thing.,-1
It`s Mother`s Day! Went out to lunch to celebrate and then went shopping for a gift for my mom,1
unfortunately people at work let me down so I am now having a bad morning! it`s official... but revenge is a dish best served cold,-1
Time flies...and i never got it all right. Why oh why?,0
Good mornin` everyone . Beautiful sunday for all the beautiful moms of ours. Had my breakfast with the lady ....   Lets move on .,1
sitting in school  sucks to be me!,-1
ahh..my stomach hurts,-1
Good morning in Twitterville. Off to work I go...Chat @ all of u later,1
just found two very moldy and squishy reasons why non cracker based foods aren`t allowed in the play room. When mom`s away...,0
could be getting sacked soon not good,-1
no school today gd  but dont get to see mates n millsy x,0
English exam! Bleh i hate vocab,-1
today is going to be a long day,0
Nailing some webconcepting *in the zone*. I should be awarded..,1
Ur welcome,1
Every day is Mother`s Day.... Don`t wait for 1 of 365 days to come around to show your mom how much you appreciate and love her.,1
I wish yesterday was Friday,1
-thanks i hope i do 2  iv been playing dmc4 like 5 times kinda sick of it hehe,-1
I hve a fat kink in my neck  maybe someone handsome will massage it out later?  we`ll see!,1
my last full week of school!,0
no bueno.  hollykins needs to feel better asap.  p.s. i miss you.  you done with uni soon aren`t you?  SOPROUDOFYOU.,0
I wanna go to the Borgata tonight if Rich is playing.,0
surgery effin hurts,-1
#MusicMonday I agree it`s just an excuse for me to tweet music for hours on end,-1
Linda ~ What do you mean by your last post??  It doesn`t sound good,-1
My Tummy Hurt,-1
Can`t believe how gorgeous the weather has been today & I`ve had to spend it at work!,1
Dang i didnt even remember it was my bday today,-1
http://twitpic.com/48gy0 -  He`s Well Cooool ;) Lovve The Ro&Co Shoooow,1
yearling in pet home died... very sad for their whole family,-1
its so nice.. I LUV KELLY...she`s such an amazing singer  LUV HER,1
Finished my Lunch,0
we will work on that mama  sweetdreams!,1
maybe tonights the night to pick it up again?,0
mmmm... looks so yummy! good seeing u,1
hahaa your awesomee !,1
I need to get away. I wish I had money to go travel for a bit. I miss my east coast friends.,-1
can`t make it to graduation...,-1
Going to bed. Goodnight!  x,1
My TweetDeck is languishing in API Hell. Again.,1
_Laurie your dad is a superman for pulling through! Take it easy,1
Off to dinner with  & his fam.,1
_sims do you know of any inside scoop on a station that`s anything what kwod was? there`s nothing for us now,0
Chris` baby was born today!,0
Yessir,0
_aloud  and that hindi flick `99` that came out a couple of weeks ago that never made it to the UK,-1
nooooooo!! not the receipt!!  don`t break my heart,-1
Hey - Thank you!x and You`re Welcome! Must say - I love to travel and where are you at the moment?!x,1
Traffic backed up inbound Lincoln tunnel,0
made my pin hole camera todaaaaay. need to get some film now!  http://tinyurl.com/cw8wp2,0
I got it in math and ss only,0
I`m in SF right now,0
ok  i kinda thought so... i mean those 2? ... it would be funny though.,1
I don`t have a VCR...,0
omg   i found it  thnx,1
is there anyway you could forgive me?,-1
I do! But I have to go to a dang wedding in madison,0
Nursing my sick guniea pig back to health  and my cat is being jealous,-1
finishing washing dishes,0
So physical therapy,0
awesome! have to take a look at them when i`m home.,1
Esp with Twitter access! the party NEVER stops - even 'at nite' cuz it`s always daylight 'somewhere' around the world!,0
i wanna be in michi with my moma!! Love you Mom,1
Had a good day till he twisted his ankle on his two mile run,0
aww i`m sorry   glad mommy took care of you. erin is in for some fun if there`s a bug on you in colorado,0
is on twitter for the second day running. This is what study leave does to me! If only my car were in one piece,-1
Jeff & I are looking for long lasting love! Just not with each other we both like Men,1
Coffee in hand and sun shining in my window.  Hope everyone`s having a great Monday morning so far! #monday - MR,1
So over it!,0
Exactly 2 weeks left in Sigma,0
I had fun tonight! I`ll leave you with this...Brandi Carlile will be in Dallas today.  We should just sneak into the show!,1
Hellerrr new followerss. I`m Tricina & uhhm I`m cool,1
I am so sorry i fell asleep first,-1
nooooo its raining......had 2 leave the beach,-1
congrats! You`re the first person i`ve heard/read say that today,1
someone save me from boredom.,-1
HAPPY MOTHER`S DAY LADIES!!! Hope you all have a wonderful day.,1
Amazing.  Thereby proving we cannot believe anything we see,1
who has a day long text conversation? me.,0
Britt - had to do it she came all the way down to say `May the fourth be with you` - our work is done,1
Morning y`all. Looking forward to a nice BBQ today. Can everyone follow  please?,1
Having Fever  dont feel to work,-1
I think it goes against everything i thought the olympic spirit of Team GB is/was,-1
Fish and chips for din dins,0
twilightguy.com kalebnation.com youtube.com/kalebnation PUT HIM ON THE SHOW! Sry for spamming but we love him,0
My pleasure and sorry to hear about the pollen thing,0
There is nothing for me to do here @ wk i should just go home... Or i can go look at bathing suits  bah humbug lol,0
**** hates goodbyes,-1
Finallyy done !! And done clean`n lay`n down time 4 bed.. goshh its 3 o`clock !! Lol nite nite twitta heads,0
haha! And Twitter! Hard though isn`****?!,-1
its sad that the rats are becoming aggressive against the guinea pigs. I have to seperate them.,-1
not really ;D nice pic .  no but could u imagine those 2? ... i thought so,1
class is almostt over,0
_joy it`s entirely possible,1
what a waste of lives ... http://tr.im/mLou,-1
not working here,-1
Forgive me good lord for this time I /knew/ wat am I doing.. Except the mighty oracle just didn`t *&@#ing care to fully support UnixODBC.,-1
Playin` didgeridoo in the living room and thinking about the world going by.... lovely life  #fb,1
Right now on my Justin.tv channel: GTA4 fav meh  www.justin.tv/djandyw,0
Packing...,0
You are too kind! I swear I`m always feeding someone!,1
Is having a BBQ today!,0
Hey!  Who are you closest to among all the Disney stars?  [I`m a Filipno too. D],0
Manchester was wayyyyy to busy!  so warm today also! :`(,-1
Wating to get my hair cut before prom. It sucks people screaming instead of talking.     Probably going to be wating for another hour  ...,-1
Not in a good mood.  My mama`s away with my sis so can`t talk to either of them and my boy can`t see me this weekend as planned.,-1
Oh no! I just read they are going to do a remake of Girls Just Wanna Have Fun   Stop it hollywood-just stop!,-1
i know i really wanna do some more stuff im out of school in the next week so ill have a few free days a week... ill hit u up,-1
I cnt get it!! its goin to ur old messages?!?  >>>> HELP?<<<<,-1
dammm..i thought i was on to something  lollllll,-1
This is California it has to be sunny... But its not ::::: makes me kinda sad,-1
so glad i did not say hi to last night... i dont want the flu... but sry if you really do have it,0
working on diffusing that irritation but this traffic sure isn`t helping  mother F! it`s always real bad the days th@ i help plan stuff,-1
_G  ur a poopy head,-1
I believe a man died in a car wreck today just right down the road.  It happened at 12 and at 2 he was still in the car.,-1
Yay! Power = on! Phone = charged. It`s hot,0
My trip to Igbaras will be postponed to next week,0
EEW  Cheese. I hate cheese.,-1
family comes. probably won`t be on this weekend,0
I wish my grandmother had taken me to the US with her,1
The most painful sound in the world to me is the crying of someone I love. What`s worse is I can`t even hold them and say I`m sorry,-1
Wonders if I`m d only 1 dat n church sumtime nt knowng certain sungs. Seems like erbdy knows it but u? Quickly feel bad cnt sing along .,-1
Aaahhh I`m just so busy. Sorry everyone.,-1
tried to `bing` today.. not operational in australia yet,0
Oh no! Hope it`s not as bad as it sounds!,1
Am hating my life at the moment. There`s only so many NOs my delicate little mind can take,-1
enjoying my Bank Holiday  Just had a meeting with the real estate agent who will offer our Amsterdam apartment for rent,1
i have started saving my Tumblr drafts because that happened to me this week and i was so sad,-1
My BFF rocking Hotel California now. No  songs!  done stay the same. What`s next? Hmmm.. Careless whisper!,-1
Layin n bed with a headache  ughhhh...waitin on your call...,-1
hehe...nice try,1
lol event management. no prerequisites,0
I have no idea whether or not to drink anymore...,0
kids out for summer/ pool has been taken over/ no more tanning girls  #haiku #yayschoolisout #sarcasm,0
I hate that Costco always costs us so much money,-1
Oh. Seems the playable Joker PS3 exclusivity on Arkham Asylum is much bigger than thought.,0
not really  Just have to install OS X on a harddrive and get it to boot on schools iMacs.,0
Had the best wknd with her man and levi and sara love u guys,1
dont wanna work tonight,-1
Im craving some cinnamon toast crunch. Why is it so cold today!!,-1
Yippee! Happy birthday to me,1
take me with you!!!  Have fun!,1
I`m crossing my fingers and hoping that this copy of Sims 2 works...last copy totally bit it hard.,0
yeah surrrrrously. we win,1
is back home now      gonna miss every one,-1
sadness. you could hang out with me and feel less apathetic.,-1
What? I was being serious.,-1
Thanks about the ponytail. I dreamt last night that I shaved my head...??? I guess it`s a bigger deal than I thought.,1
Chillin Waitin For My Hunny Baby To Get Out Of Work!!!!!  To Get My Drink On While Finishin Da Song I Have,1
thinking 53 more days is the only thing that gets me through work. ahhh i dont want to go,-1
Have a HUGE headache... don`t have asprin here at work.,-1
i want to comment but don`t understand what you`re saying,-1
_dayne OMG!!! Yr like a goddess to me. Prove yr love & love will lead u back are 2 of my fav old skool tracks  x,1
Went to bed at 12:20 last night. Woke up around 10:45. Holy ****.  I need to get up EARLIER. Like 8. Wish I could get up at 6 every day.,0
BGT!!!!!!! - Will be gutted when it finishes tomorrow  - Stavros Flatley all the way!,-1
What I`m gonna do  life is not good:`( no more Exit in this hallway I`m stuck in my world...,-1
chillen at gmas! Soooo humid outside!,-1
ohh I was so confused!:p I haven`t seen it. It`s your favourite?,0
I say it`s in the cards.,0
I got 5 in English lesson  now drinking sprite,0
Awww I HATE that one!!,-1
i hear you.. it pisses me off haha,-1
i lost mx way,-1
Missed getting my 'Twilight' jacket @ modcloth! Man I wish I didn`t have long monkey arms and could of gotten the L instead!!,-1
gets to go home. I`m here until 10:30,0
sinus headaches suck big time!,-1
is enough time!! (if i get into VIP!) but i know that doesn`t make up for it  at least they`ll have each other!,0
Everything is annoying me today,-1
he just fully yelled  saying dnt be so fcking stupid grow up! stop with this band **** then... throws the remote at me thnks love u2,-1
ohh and Coffee Break is my fave too! they rock!! LOL,1
sweet spice girls sing along w good friends,1
just 3 days left for the offf 2009 http://www.offf.ws/ in oeiras portugal... see you there,0
i just saw a pony that used to live in front of my house again. he`s developed cushing`s disease tho,-1
bed rest for all weekend and next week  neomonia suck,-1
listening to music!! my phone just died on me  !! Can`t find my charger... my brother needs 2 stop taking mine without asking!!,-1
Weather reports of a week of upper 60s make me happy  Perfect running weather!,1
IE8 nearing 6% according to my stats. FF 3.0.10 adoption rate amazes me,1
her son is 7 and captured it outside...THANK GOD I HAVE A LITTLE GIRL,1
...you should call school and tell them you have swine flu so we can have the day off,0
probably the coooolest thing we`ve ever done,1
Bummed out I am missing a rock climbing trip next week,-1
i think you should come tomarrow....because i was really really really looking foreword to seeing you.......please come?,1
omg patron is 1ofmy FAVS   im so jealous icant do 10 but i can do 5 so make it 15  so serious im in alabama visitin fam,-1
About to clean my room,0
What are u going to do today my girl?,0
No!  I in fact made sure that cookie was never delivered.,0
[BBC] Malaria parasites becoming resistant to drugs  http://trunc.it/9yn5 ~ this is really not good as Malaria affects so many people,-1
_ that`s why twitter rocks!,0
I def will. If anyone leaves the room for a second he has to follow. He`s a really great dog otherwise so far.,1
I don`t think I am going to get to see any of the sun today  gutted I NEED COLOUR!,-1
sittin by the fire...yes!,0
Congrats Hughesy to you and Holly on the safe arrival of Rafferty David Hughes! Hope all is well  xoxo,1
Bottle of reisling this time... My favorite!,1
hehehe!! Are you tryna find another condom  better get u for boxes cuz ima take u thru all of em,0
looks like the eprocurement e-mail address from office mate is blacklisted by IT here.. asking them to whitelist now.,-1
gonna walk around for an hour now :I but I`m totally motivated! Wahahaha,1
omg! I saw ur update nd it said 'David Archuleta'!!!! lol. They shoulda had more David on it! <33 David`s awsome!!  t4p!,1
need to push diet to last level. Not too good last week lost 1 lb. . Better than a gain,0
just woke up and feeling real good cause of krispy kreme. I WANT ME SOME DOUGHNUTS,1
happy mother`s day!  http://bit.ly/6fGxd,1
Big Sam Houston is not big enough to overcome the challanges of moving-car-iphone photography  http://yfrog.com/0xhu5j,-1
gah! no money..... at least not for bakugan,-1
Roommate is sssnoring :/ And my throat is so dry,-1
sweet situations.,1
Sitting in Gatwick- going home for a week! cant wait to see family,1
Outz wif the BIG BIG BIG HAPPY FAMILY for mommy`s day meal. And Happy Mommy Day to all Mommys out there!,1
_lee lol a bugg to school thats awsome,1
crappy music on the radio,-1
man i missed it!! Ive been waitn all day 4 u 2 giv the tix away & then whn im rappn up @ wrk u gav my tix away! Im sad!,-1
looking forward to the reading this post as I like your `no ****` writing and often learn a few things,1
Cleaning the house,0
*is bad ****...He still is,-1
cooking with my dad  having lots of fun in the kitchen together,1
Going to shopping place thingie! BRB LATERZ!,0
just got home. im so effin sad,-1
It`s STILL not working!! Why not!! This is FRUSTRATING!!!,-1
I have a friend who loves that spot. I want to go,1
Her new cd is lovely.,1
so no rice or crusty bread with the chili .... aawww,0
asks thnx for gritiNg    take caRE Too  God BleSS http://plurk.com/p/rqo76,1
Ready to chill on the couch and watch a movie,0
only 2 more days of minnie,0
So stinkin` adorable!  I want to come check out the studio,1
oasis or ribena? toughest decision everrr,-1
My throat hurts so bad that i dont even want to swallow my own spit.       And i officially cant talk now....,-1
thought u said twitter was **** bellion?,-1
Just woke up :o mums singing to her new gn`r cd replacement i bought because im a good daughter,1
sorry about that anna wintour repeated tweets!! sooo sorry  somethings up... | was wondering abt the quad tweet ;),-1
Apparently I`m not meant to take dance lessons here,0
is enjoying the night with her folks.,1
Few Bevvies 2day in twn..great on a day off!!,1
The link doesn`t work,-1
yeps...just for today though  I badly wanted to do some geek-shopping...,-1
Grrrr....I got the wrong size coat for the sheep,-1
I`m not feeling very inspired today...I was suppose to be @ the B`ham concert tonight!,-1
why?!!?,0
Are we going to be able to buy more than 1 ticket online through livenation tomorrow? cant make it to LA,0
its 35 now.   ilycecily <3,1
long weekend. thank god i can sleep in on monday,1
#firefly weekend on SciFi channel  I`m a happy man,1
stuck in huge traffic jam,-1
No more Mtn. Dew in mini-fridge.,0
Happy Mother`s Day to all the Mom`s,1
watched the Bones finale last night in the UK & it rocked!! oh how much I missed Zack!!!   is so freakin` awesome <3,1
Grrr. We don`t finish until July 3rd.,-1
It`s 10.30pm on a Friday night and I`m going to bed. How pathetic.,-1
i am sorry i don`t like girls ~that way,-1
_val_4_now not sure what youre talking about...im not on a ferris wheel im on my couch!,0
Made it to Wisconsin... Now off to Golden Corral again! dang! lol we missed the graduation! tho  Dang!,-1
Felt one tooth without the braces bracket. I got soooo hype,-1
Employee orientation for serco  yayy.. I`m excited/nervous!!!! Wish me luck!,1
Damnit Day 26 is at Northpark mall..I use to live near there  someone steal Mike for meeee!,-1
sooo long twitters! I`m off to Cuba,0
good to know PLN`s Earthday doesn`t only happen in my neck of the woods,1
Subway=yum!,1
having my hair dyed today  ugh im bored. still tired from friday lol. swear down bossman ;),-1
I have no idea  I`m watching Rafa too. Running to the comp ever to often to check live score. he`s 3-2 down in the third.,-1
_2008 thanks  there`s a men`s version in June. It`s very popular.,0
Laura elle s`en fou elle don`t like the french fans,-1
Im sad...there`s a for sale sign in front of my house!!,-1
U SO funny but u right! I like BSB but Im not as fan than U I love much better Tupac & TLC..2 bad they`re not singing anymore,0
heyyy where`d my tweet go?  *shouts to  bc her lists are always amazing!,1
listening to those litle hyperbirdies terrorizing the world since 4.30! lets cook em,-1
Can`t sleep rite now because of havin` so much tea!!! 2nite I`ve just failed the test of my Lpi course   Next week i`ll make it better!,0
Oh noooo that sucks  Did you reschedule for another show?,-1
Borrowing my Mom`s Lenovo laptop The trackpad and the battery life suck balls for quarters. Seriously missing my MacBook Pro,-1
I feel like I need to catch up on twitter haven`t done much of it this weekend!,-1
$4 lonestar pitchers at  ?  If only I wasn`t still recovering from last weekend`s bout of irresponsible gluten consumption,-1
No  Have you? And what`s your favorite RHCP song?,0
I just vacuumed my entire house three times. Screw all vacuums!!,-1
I luv urs! admitting niley with a kiss (: but then they change their minds  haha & demi/sterling (: not jemi but still cute,1
just slammed my finger in a car dor  FML ow,-1
last day working for Tend,0
****. My arms feel like really sore jell-o,-1
i know!  This season has just zoomed by!,0
feel like am at one of those gyms where the machines work you rather than you them,0
Goood Moring,1
hates continually getting sick whenever he has exams,-1
Walking to class. I hate not having a bike....especially mine.,-1
Getting AxKit running on Ubuntu 8.04 is making my head explode.,-1
i got stung. by a bee.,-1
no fair,-1
Moses and his girlfriend broke up!,-1
You have the best hair ever. Totally jealous. Mine`s unfixable if I forget and leave sunglasses stuck in it too long,0
if ur as awesome as i think u are u would sooo write me back  a lil something   <--- crossing fingers,1
some of my new followers are pretty cool peeps; check `em out.,1
rught brb on me ipod. if i randomly go off its cos me internet breaks,0
_grl love your new profile pic,1
bruise on knee will make it hard to skate tomorrow.,-1
This headache is killing me yet I need to cover some boring police event.,-1
hanging with amber.,0
Crappy Day...,-1
Handed in. Can relax a bit now.,1
Room is so empty,0
My radiator boiled out,0
Steve Aoki  sorry. May b nxt time.,-1
A gift to myself. PUBLISHED! Episode 68 Align and Re-Align with Sensitivity Level 1-2 75 min #yoga class  http://bit.ly/8QAgh,1
Mothers day today!,0
is missing Tampa,-1
OK. good to know.,1
and now I have to shut computer down and get ready to go home from work....what a bummer.,-1
Rosie to the vet. Routine shots and bordatella.,0
never invite,-1
My tongue still hurts.  I need to sleep!!!,-1
I don`t wanna go back to work   sleepy time.,-1
someone has hacked into my emails!! **** off!!,-1
Watching 'Hostage'! Also got an idea for that animation i`m making. Hope to have it ready and post a link here by the fifth of June,1
Not sure yet... they said we`ll see,0
Moooorning! Fancy a coffee?,0
oh no! I woke up accidentally.  how can we get you to fall asleep? Should I scare you with P2 or P3 stories? JK!,-1
Aww ya not showing off all us mums should be proud of ours kids and let everyone know it,1
sike sike call it truce???????????????? u still a **** and my ppl still gonna air u out tho,-1
bbq was great... just relaxing around the house!  dont wanna leave my city but have to tomorrow... got to clean the house when i get back,1
they already are in my books,0
Tidied & hoovered the whole flat - and all b4 10am today  Now we`re heading out2 German bakery 4 breakfast followed by a walk in the park,0
Throwin` down in the kitchen like I do  making Rah`s illi Chili and Shalonda`s Bangin Cake,0
diesel yaris... 70mpg  so sad its not available in the US. That`d be awesome.,0
can`t find her favorite Nike shorts,0
New top!  http://tinyurl.com/cyd3pp,0
dude... Can you really be a bachelor at this point?? Don`t worry about it.,1
i cannot sleep due to watching UKTV food. its keeps my cravings at bay. i think my bodies guna ache tomro,-1
my fab broke,-1
that really sucks - I think I might cry if I skipped over anything important I don`t have. Comps are getting to be disposable,-1
really was the best night ever,1
hey there? hope you`re all right. Just watching F1 Warm Up for GP Spain!,1
Steam Punlk fashion show at Anime North and for the first year since TorCon we aren`t back til  & missed it,-1
Oh how i love my family.,1
I love flock on ubuntu,1
at the redi med. getting checked for strep throat.,0
I keep trying to talk myself out of Australia by thinking of the jet lag  So far it isn`t working... I still want to go!,0
All the best with the Cup Final today. Have fun,1
http://bit.ly/LaZEL  Wow Christian Lacroix bankrupt.. sad,-1
It`s becoming a very tough race. Linda is indeed very talented. But someone has to go every week.  We cut two this week.,-1
_Nicole wow you are lucky  happy birthday!,1
my grandpa was telling me how they used to cut up human bodies in med school,0
http://twitpic.com/4vvou - Ok...I LOVE IT!! Melika come on do your make-up like this next time we go out,1
I`m sooo HAPPY Demi`s back on twitter!,1
happy star wars dayyyy =D and hbd to uncle LEE,1
awww for me I just think she`s tooo young or just not ready for it - tis painful to watch her so upset,-1
eat something!,0
_Ferman that`s so weak!!  facebook fail,-1
I wish I could get sushi delivered to work,1
mint choc ice cream whilst studying.....now thats good,1
Yay! Lets welcome Mrs Mcnugget to twitterverse!,1
So true Donna  Wish you a joyfull sunday ~Siddy,1
that video was funny  i`m just signing up now and i`ll vote for you!!  x,1
my deep fry drumsticks were not as good as i thought they would be,-1
not well,-1
Follow Friday is a bit hard to do when my work kicks in on Fridays,-1
ME,0
i look like a freaking tomato  goin to graduation..,0
we watched that one day in the middle of playing-- it REALLY doesn`t hold up,-1
be sure to tell your Mom you love her and thank her for putting up with you!,1
Whaaaaaaaaaat?!  Thas HOT B!    Super nice!,1
is sad that today is her last day in san diego,-1
Sadly no. It didn`t come with one...,-1
thanks  have fun at work lol ****,1
Will we be able to see clips/episodes on the C4 website from America?  Or will I languish reading the news stories again?,-1
Little Louisa is number 3 trying to get number one!  ****,0
Headed to drop my lil cuz off at the bus stop! Then its back to the bed to read my book!  relaXin on my day off.,1
so sad emma  u sad to be leaving the show? ****,-1
`Look at the tadpole`... `No! ... Look at me!!!` ... Foolish dog  http://yfrog.com/05ixbj,-1
I hope everyone had a great weekend! I will be here on and off today as I have 2 important meetings today,1
Happy Birthday Mommy,1
I CAME BACK THERE WAS A CAT OUT THERE,0
leaving work in 25 minutes to go to Broompark then to see the new flats then for lunch with Mandy and my dad.,0
LMAO. Joey is mine  I cant wait to meet them in july!,1
this week has been fun...i hope next week will be even better  NYC in 19 days,1
Interesting. I type `bike` i get 10 bike company followers. `Download` gets me 5 IT companies. Amused.  Can you say `keyword`?!,1
GIVE A HATER A Hug ? Why would you do that? I don`t like mwean people,-1
i hope everything works out for you at school  keep me updated and have a good day!,1
boo (but will I listen?),-1
about to go to acting school  yayay,1
lif`s unfair....luk wat it did to ma frend...i m so hating it,-1
yeah bit it is overheating a bit and the AC died.,-1
Actually maybe not - it`s sold out for Sat lunch,0
_xD What I TRIED to say was `it seems like the people of Facebook don`t agree`... I guess I fail  -cries-,-1
Wanted to get that piercing too but thought it would be distracting to others when I was giving presentations. U think?,0
hey there.  How are you. Pleasant surprise,1
also finally home with no friends or anyone.. kinda nice to sit in a quiet room.. do wish the gf was here tho...,1
NOOOO!!!  'thehannabeth: i have a crush... ;)',1
Can I have a splodge of ketchup on mine please?!,0
'toys'??? Advanced load carrying system. Low-cost 1-man outdoor shelter. I didn`t get the Wolverine glove,0
me knows what to be tested on all the exam subjects except for english. **** davis.,-1
needs to find SOMETHING to wear to graduation. lol can`t find anything!,0
never expected to hear Beastie Boys in a Star Trek movie... was a super great flick though. *pew peww* -- (phasers),1
Got 5 new followers yesterday! Yay  Just need 11 more til 50,1
u witch! im upstate in a **** hick dry county. so no alcohol or ethnic food.  im crying.,-1
happy birthday great-grandmother  ../././. bad news on a good day >< but ame is living,0
lol cnt its too slow,-1
has just booked her appointment to give blood 18:20pm 2nd June! Scared,-1
hotttie poooh!!!! ooo i bet it sounda magical (HH) im coming home in 1 hour,1
my nail broke  I haaaaaaaaate,-1
I`m glad  you def needed a pick me up!  drama free!,1
awww i`ve lost a follower i fail,-1
I`m one tough momma. Put together a swing set for Tammy allll by myself today!  My hubby would be so proud of me. :],1
Today is check in day for week 12 of the Artist`s Way! Hurray time to celebrate another good completed journey.,1
yea. I was off today luv. I shudve told u.   anything exciting happen yet. And I saw u last night,1
to all mothers out there... or even soon to be mothers >8D happy mother`s day y`all,1
i m totally confused and bored.. my life must change!!,-1
Its an undeniable truth.  I suck at talking to people.  No good at making a connection.  i come off as either strange or distant,-1
Another nice day again! Working in Goderich today so I can walk & enjoy the weather,1
_pollard Never. I`m banned by Court Order,-1
'jaunty jackalope' `s too boring a name; 'intrepid ibex' is still my favorite among them all ...,0
Yum! Whole box of cookies for me,1
hey cant wait 4 u guys 2 come over 2 jersey woop.... hope ur lookin 4ward 2 it coz we r  x,1
I wish I was going to Internet Week,1
Done with geology!! But I`m really missing my favorite sisters! Especially because they can`t go to banquet tonight,-1
Omg. i love my parents i juss got a lavender camera as an early birthday present!!!,1
too much sulking over being single going on tonight on tumblr - gru3some: I am here to save the day.  http://tumblr.com/xd51qx88b,0
Awww thats not fair to me. Now im a lil sad,-1
Im kinda bored anyone else I think ill listen to some hip hop its pretty good you should check it out www.bseresults.net,0
What would you know about packing? You`re making poor Lauren do it all.,-1
lol cute.  BTW Happy Mother`s Day lady,1
With alex,0
Nyappy mother`s day to your mom`s.,1
Hello May you have a great day,1
Haih.. Cannot sleep lar..,0
& you still are not following me,0
Yey! holiday Monday in Uk today ... have a chilled day,0
just woke up to a flat tire,0
Hi Dougie I`m your fan from Thailand. I`m Film `Luv ur song so much,1
Dahh- I do believe it`s time for bed. G`night,0
thank you dearie -- I just followed dome of them on there too!,1
Getting back my English minor exam soon. dum dum dum duuuum. Me and Margrete had a burping comp. haha. I WON,1
Thanks! I was gonna make a joke and say they look just like mine!,1
haha. thanks for listening to me rant on and on about nothing!  have a good NIGHT?,1
...I just posted my First video... A contest entry and my still is terrible too  boo...luv ur videos btw. Xxxrebelrebelxxx,0
it does.,0
had a good time at prom. They played Jonas Brothers for me. pretty much made my night...,1
yes`ma... for an after party too after the show next week.,0
I should go shower but FFAF is **** distraaaaacting,-1
We`re having an impromptu pool party... Except I don`t know how to swim so I can`t get in,0
is finally gotten online after logging 200km over the last two days on errands as the family driver  http://plurk.com/p/wxz12,0
Lots of confusions I`ve at my work place..,-1
nat has a twitter acct!,0
is cute,1
is sad to go to work cuz it`s TermiNeda`s last day...and little monkey`s last day too,-1
I is so lonely,-1
It`s pissing me off and not letting me follow ericka,-1
that was a fun bacontaco night,1
ughhh seriously hung over,-1
I should be doing history.....,0
I haven`t slept this good in such a long time... I feel great.,1
Sounds Fun!,1
Sky man is quite friendlyand likes joey  still annoyed that I got woke up about half eight though,0
Too bad the Red Devils.. disappointing to say the least,-1
ohh i love green and purple.. and BLACK!,1
June gloom seems to have arrived early,0
I`m chopped liver.,0
I don`t feel well at all,-1
Time to do house chores! Ugh!,-1
Harley passed away in December 2008  http://apps.facebook.com/dogbook/profile/view/616974,-1
thank you.,1
Trying my best not to share this lovely head cold,1
yeah i know  been dealin with it for over 2 yrs now,0
My brother is planning on moving to vietnam and staying there forever..,0
lol seriously.  fail. ::sigh::,-1
another bday w a special friend,1
: Started using the branch,0
_couper  I`ve heard that. 2 of my sons have seen it and one wants to see it again. I can`t wait to get there,0
im back. wooooo!!!  i want to have my own press release :|,1
Stuck on NJ Transit for the past twenty minutes. Great way to start the week,0
still eatin lunch.....n readin comments about last nite....da best comment i receive was 'You really brought Anne to life!',1
Wheres my phone ?!,0
It`s easy.....just turn your keyboard upside down,1
watching chelsea lately!  loveeeee her <3,1
I`m jealous - I would love deer steak. One of the downsides of having an almost vegetarian and a carnivore living together,0
is a college graduate,0
I would appreciate it if you would. I am a big Tim Kaul fan ya know,1
don`t care about my struggles..,-1
good luck going to sleep. i`m up working on a stupid paper. no worries. ur not alone.  so u ready to record that album or what?,1
o its feels like a hot box and no matter where i go in here it still feels like a hot box! ice cream isn`t working n e more,-1
That would be most welcome,1
Gonna celebrate Mothers Day with the family but gonna start the partying tonite,1
Is warm soy milk and amazake with cocoa powder and agave,0
_Lynn _raquel ahh man  ok if y`all end up doin sumthin else let me kno so I can meet y`all 2 see wht yal gone do..,0
looks same in Noida too,0
I`m glad you`ve been having fun babe,1
*HUGS you*  awwww......i`m sorry you are feeling sad E!,-1
I would LOVE to ride the superman right now...,1
trying to fix some weird query,-1
Home from a day of pampering with mom & dinner with family. Am currently snuggied up on the couch with a glass of wine & a new book. Ahhh,1
I shrunk my favourite cardigan.  Hubby said he`d buy me a new one. I practically lived in it and it`s gone. I shall say a few words ;),-1
Stupid hand. Have A2 and flop nut low and top pair. But guy had also out low and out flush. Quartered.  at 5900.,-1
We looked at apartments this weekend.  Found one we like.  Hubby going today to try to rent one of the apartments.  Crossing Fingers,0
Omg same here! They hurt so much,-1
have a glass of cold water and meditate a bit. <3,1
Recovering from a lovely but slightly stressful weekend in France,0
i miss mcfly last night so much!! i was front row centre  danny was making me laugh so much LOL,0
LOL - Birmingham was my 1st love... but it`s time to move on! ;) Good Morning,1
_B all the shows are sold out  so I have to wait til tomorrow or sunday...,0
****! I`m already thinking about all the shows I`m going to have to miss because I`m broke.,-1
i`m just sooo in love....i think,1
_Smith glad the zoo was fun and you had a great mothers day hun,1
I lost my voice,-1
nowhere babe  ice come to do a few jobs here this morning *sigh*,0
_E LOL yeah I had a few slices of cheddar cheese b4 sleeping.,-1
Ouuchh! I hurt my index finger!! ahhhh,-1
will be heading to baguio in a few hours.,0
I also found out that it`s also my last youth group meeting,0
_michele thanks for that...am now following them...love good causes,1
I don`t know what to say except *hugs*,0
My siblings left me alone.   Bored. (:|,-1
Happy May Day and Star Wars Day,1
Ugly betty was sooooooo sad!!!,-1
Is home from MARCO ISLAND and missing it and my girls already...back to work!,-1
A lovely couple of days with friends from Wolverhampton. At least the weather improved for their last day today. On call tomorrow,1
It is 00:03 I`m Wrecked  I`M Hungry & I have to get up early. Not the perfect Fri night LOL night,-1
why don`t you have that song you gave me that song,0
dont ignore me,0
Happy Mother`s Day! Hope you have an awesome time with the Bug,1
what are u talking about??? since when dnt u trust me? this hurts... Im a good secret keeper,0
has enjoyed her first day of summer,1
WTF? Twitter doesnt support messages from my phone -I wanted to be able to Twit while on vacay.   Poo on you Twitter,-1
Only just past 8am and already been spoiled rotton,-1
it wont let me vote even tho im signed in,-1
Happy Mother`s Day to every mommy out there,-1
even when we`re miles and miles apart; you`re still holding all of my heart    4 days until jonas brothers 3d concert experience w/candice,0
Woohoo! Procrastinating doing any work by going out to lunch! Have to wait for my sister now though  dang it,0
This has been a dismal week.,-1
Whooops... wrong smiley... it`s supposed to be  LOL,-1
denial can be very powerful,0
ur not blind  i was just browsing & saw ur tweet & figured i could answer ur query plus i wanted to know too,0
Oh! Don`t you just love these Vodafone series of Ads ... The best picturisation ever,1
IBood DOWN,0
Watching Dr. Horrible with .  don`t be mad!,0
i miss you bby      wish you were going tomorrow to make me do good.,-1
there`s nothing worse than getting a text about a dog that was abandoned in your town,-1
_Manford Awww thats such a lovely thing for u to say to me  are u doing any in manchester? x,1
i deffinately need to clean my bookbag. but no time! i need to leave in the next 5 seconds to not be late to school. ...oh well,0
_Rosie  it was my name until yesterday,0
I`m making a logo on photoshop & it didn`t work out..  hehe.. try again lah..,0
class color day tomorrow! last time!  I have a lot to remember for tomorrow but I bet I`ll forget -_-,0
at least she doesnt try to violently hump you like my (female) dog does,1
Is gonna go for a shower  goin to see hannah Montana laterz woo well excited,1
What the hell Ross?! Where is Hugh Laurie! He was supposed to be on tonights show,0
_1210 I`m not going till Wednesday,0
Just got to the hospital. Jimmys really bad....please please send your good thoughts. I`m really worried.,-1
Happy Mother`s Day to all the Mommiessss,1
I tell him today! :S it`s his last day,0
Moving today!!  I`m so excited!,1
_shaw night babe,0
I guess you`re responding to me about DC. If that`s the case...,0
What a burden. Abit of a fail lunch with Dan,-1
Haha... How could u? dun eat properly rt? see lar~ Go take medicine,0
: I like your crazy and witty humor!,1
May the 4th be with you! Hahahaha that`ll neverrr get old,1
really wanted to go to that gig tonight,1
shouts out to  and,-1
is sad that Piggy died,-1
Is also having a lonely night.... Wishing she could go to Audun`s so that she doesn`t have that bad dream again...,0
what happened to your phone,0
Can`t wait 4 a real bed!  haha,1
that sounds cool! post video!!,1
_007 so I tried to send you a direct message and I can`t because you aren`t following me,0
SSSSSSSSSSMACK!!!! Get back at it girl!  Are you doing WW?,0
hahahahaha u look really good in ur picture,1
If you come to a gig in Dublin you can be my dancing partner.  whatcha think? Hehe ****,0
Thinking of what I should do in Vegas??? Any good ideas or places that are a most see!??,0
is ready for summer!!!,0
ok Cristal we gonna tweet talk again when its not so late...just follow sweetie....tweethug 4 ya,1
is sad his new SB6 CD`s got nicked,-1
@ it hurts me that my sister has so much potential and she isnt using any of it  what a waste of God-given talent.,0
But he got to do it with Effy!,0
Can today go any slower? Time is just dragging by.,-1
would really like to not be at work and instead taking a nap.,1
happy birthday!,1
It`s Friday... But its only Friday morning. Ugh.,-1
is hitting the streets. 40 hours living with Lexington`s homeless. No food...no bed...no problem. No Facebook or Twitter...  Pray for us.,-1
In Arch. Drawing. Checking out MVCC`s CAD degree. Looks good to me,1
The little wormy from labyrinth sadly passed away today but its ok as hes still around in a happy ghost form aww  http://twitpic.com/67aim,0
i`m here,0
im good! im on my laptop using and external internet plug. i need to send it away to be fixed,1
haha I fail  just remember sohcahtoa xD,0
{cont} that right their is why fake btches shouldnt mess with Real ones... ahhh I love it Real btches excite me,1
castlebar doesnt have 3d so im going to galway to see the jb 3d movie but that could be next week or the one after that,0
look like i can only quick post from the dashboard that is all,0
i mean monday take the test monday!!!! please o please !,0
ugh.. my dad just told me to read an article about Kavya Shivashankar the spellin bee girl..and be more like her.,0
http://twitpic.com/6714p - well done guys! I am gonna miss the tweets!,0
You live dat glamorous life.,1
_are_fire Hii,0
That`s what I like to hear. I am unabashedly not cool. That`s what makes me so cool byw  #logic,0
I miss Feb 23rd 2008  best night of my whole entire **** life. I`d rather re-live that night then win $1million.,1
currently working on the SDP`s Prototype.... so much to do...,0
Allergies suck ducks nuts.     <=====8=====>,-1
in edinburgh. just had a chinese yum! better take wee haggis out hes cryin at me   dunno y tho xox,0
happy mothers day to all..im gonna help mine right now.she deserves it..you guys should too..,1
Really! No even a little bit of #pane,0
at least after this you`ll be done!!,1
Who`ve u noticed now Kate ?,0
Dear god i hope they save it.  http://www.the-impossible-project.com/,1
going to a garden centre today. should be funn :/ currently drinking egyptian spice tea and watching hollyoaks,1
Goin to drive-in movie for the first time,0
Its 11:11  make a wish,0
Even ARNOLD couldn`t save the parks  http://bit.ly/WSM5J  - How is this providing jobs?,-1
the lost cost is a total plus.  Nutella is like peanut butter mixed with chocolatey goodness. yumm. ^^,0
_tall_blonde   ~~Hello~~~  and thanks for the follow.,1
meh! You should try the one on commercial drive with all the cats,-1
#DepecheMode concert next week cancelled  Alternative date not known yet. Dave Gahan had a tumor.,-1
because he _real_nash wants to be an honorary Filipino  i`ll follow him now ;)) thanks !,1
http://twitpic.com/3x3wq - impossible to know them closely,0
*moment of silence* for the Budget i`m bout to b on  I spend wayyy to much $$$.... OMG! I`m on a Budget?!?!,-1
Smith/Amherst mini-reunion last night was fun- how i miss the old days,0
hahah! sadly there is no current activity though in the room,-1
I now know more than I ever wanted to know about the extinction of frogs,0
Writing in yearbooks make me wanna cry,-1
aww way to make me feel special,1
I`m going to Cali in like two weeks! But it`s nor cal,0
work suckd.. another closing nite with 30 dollars pockeded..  i need a new job,-1
but i`m talking to the boy first,0
I`ve got one too  though i think mine was attributed to the seizure inducing color/light show in the movie The Soloist.,0
today was busy.. geez. getting ready then graduation,0
What the ****!? It`s only 20:35!!? Oh my GOD! My internal clock really IS **** up. Nooooo.,-1
i cut my hand open!!!,-1
Nearly grand prix time,0
She had a boyfriend,0
hahaha yay emily i m cool,1
OMG I just spit my drink out! RIP hair straightener!!,-1
http://twitpic.com/662vk -  WHY DO U LOT MOCK ME!!!,-1
Nothing like alone time with your handheld device,1
like the name  what kind did you get?,0
_hime I played up until the latter parts of the voodoo village part co-op until I lost my usual partner,0
Headed to see friends new baby. Gave up trip to the lake cause of dance class. Such a good mama.,1
Sounds pretty cool. Great job man!,1
I like the last part in your methodology.,1
I was asleep until my brother woke me up asking me if I ate the rest of the frosted mini wheats. I can`t go back to sleep.,-1
xD  hello that`s an important date!,1
!! I miss you too.,-1
Went to see 'UP'. It was a really good movie that pulls at the heart strings  i highly recommend it,1
http://twitpic.com/67twh - This has never happened before =/ orange blinky lights. I think I`ve broke my battery again,-1
Just got home from a work.. and not looking forward to it tomorrow morning! Oh and tomorrow night! Great,1
I don`t feel so good after eating all that food  ugh.,-1
poor thing. come watch tv at my house  lol,-1
I`m not impressed that it almost always rains on Bank Holidays !! Stil... It`s a free day - no college,-1
anticipating a tough day ahead,-1
Omfg this test is a joke.,0
Im so very sad that i am at work today and cant win tickets,-1
Um... happy star wars day btw. Cheers to all you scruffy looking nerfherders and hot ami`s out there.,1
_CLP i heard 88db is better for mixing down...especially  if you use 808 sounds,0
false alarm on the house,0
Weekend looks sloppy  Looking forward to a great week with great customers!,1
Not yet. I hope to check it out this week.,0
http://twitpic.com/4wkpl - Widescreen laptop + rotation + comics = Awesome.,1
_casagrande haha thanks. but if it keeps raining i might not go,1
I am sooo tired,-1
you can put a saucepan full of water on the cooker to heat up the water...indian style  scrabbled are the best!!!!,1
Is on break...I`m so tired,-1
It`s the start of a new week with tons of new photos to take and edit  Yay!!,0
Ugh boring friday,-1
my mum thought that my brother laughing was the cat about the throw up... smooth,0
Hopped up out the bed put my swwwaaaaggg oooonnnn! Then got back in the bed it`s raining,0
Is off to meet my folks after a while...gonna b a working weekend too,0
my 21month daughter`s seperation anxiety is intense. it`s killing me. i cant leave her sight without her breaking into an anxiety attack,-1
Is there a cvs equivalent to 'git status'?,0
thats great babe!! congrats!!,1
just come in from the garden. It is very warm out there but beautiful. Didnt do much revision though,1
I wonder why thumbnail pictures aren`t showing up on my TweetDeck?,-1
Got really sick today  text me later. Nap time,-1
What a bad day!,-1
R.I.P. Sammie the Cat,0
Cleaning the old apartment today. Yay...,0
I am trying to figure out how to use Twitter,1
My cucumber has gone limp,-1
That`s the problem. DNS isn`t working  uTorrent and DestroyTwitter are working while everything else is down.,-1
Headin 2 chilis Mr. Presidente`s callin my name! Then 2 the ice house,0
Oh no  I wanted to go to sea but today the sun is not here!  SIGH!,-1
okie gonna tweet more because i am loosing you guys or girls,-1
MAY THE 4TH BE WITH YOU. Happy Star Wars Day,1
we won`t be home till like next month,0
Flypside - When it was good..i must creat my presentation in english  by guys ?,1
nope  but the T1i looks super sweet!,1
Oh no!!  Hope you get better for your show in Argentina! Good luck!,1
I want to chat with you in Im some day.,1
Go to the setting on the iPod/iPhone home screen & scroll to the bottom & you will find twitterfon settings,0
i cant believe you are closing 2moro and ive never had a chance to see the show  Good luck to everyone - you are all stars!,0
So much for buying that awesome new phone from sony ericsson  - I am now Berry`d like everyone else...,1
yeah that too,0
exam on active directory tomorrow.,0
are you making fun of the  call-in guy?,1
y u gotta say all that,-1
It`s cause you give me a reason to assume.  - http://tweet.sg,0
haha me tooooo! I miss you I havnt seen you in ages,-1
Ur friend  sent me,0
I got the ticket dismissed,1
I am tres depressed,-1
me too i hate revision,-1
I had a nightmare last night *cry* I think I am scarred for life!,-1
britain is ****,-1
_a_hart ah.. Birmingham! I remember being there in the Wrox days,0
carnivalsofparis i think i still have yours on my bl but i`m not sure... i hardly talk to anyone anymore,-1
sitting at home being bored.......,-1
**** being drunk and hot sucks,-1
You don`t get them anymore?,0
just realized i have 30 followers HEY GUYS,0
I`m trying to sleep!!! It`s not working,-1
Don`t leave forever! We`ll miss you too much,-1
Well that just sucks. Good way to make me feel bad,0
just thought of a spanish name that she will pretend to be one night out: Ariella Gonzalez. like It? don`t care because i do,1
'your true theatre calling? - musical theatre actor'  i wish :`( ****,1
That was ****.,-1
on my way too school. be back later...,0
mrskutcher & aplusk you two are to funny!,1
It`s Maiko`s (keyboards) birthday today! He`s been a good boy. Maybe he`ll get presents.,1
I am sitting at work watching the clock.  It isn`t moving fast enough.,-1
Just got done watching Bedtime Stories! Love that movie!,1
Or your mobile doesn`t like me,-1
I want some cookies.,0
im saaaaaaaaaaaaaad  i need someone to talk to.,-1
i wish you could come to Swindon...2 hours away...its my dream to meet you  xoxo,1
Happy Star Wars Day! May the 4th be with you!  http://tr.im/kq95,1
How did we just get paid and still be broke as hell?! No shopping spree for me today,-1
LOL ok we gotta get the folks from Microsoft and live360 in WA to hire me.,0
Yeah it sucks i tried to ask a Q 2. But they never answered.  But i loved it when joe hugged nick.,0
DotA is an addiction...i waste 6-7 hours playing dota,-1
I don`t know how to quit you-brokeback mountain,-1
Woo! Twitter kind of sucked without you.,-1
could be.,0
mothers day..didnt do anything exciting...saw a movie,-1
Here`s a more appropriate @ tweet... is everything ok  Your last 3 days of tweets don`t paint a good picture :-C,-1
love you 2  so how are you? xxxx,1
I hate funerals.,-1
Summer is really ending. It`s raining.,0
just called Toyota. Car won`t be ready til 5.,-1
aww that`s cute,1
thursday night was amazing taylor swift gave me one of her braclets,1
Oh man now it`s raining...seatbelt now buckled...thanks bates for wishing I have a blow out and flip and burn up,1
lonely,-1
Time to get off the puter. Nite all.,0
#FollowFriday In honor of my web buddies who moved.,0
Just got back from school! Ugh I don`t want to go to the dance tonight,-1
Can you please  with that? I`d love some egg +bacon +ranch +bed for giving birth 3 times in 4 years!,1
are you not well?,0
Roscoe - Smooth Sailin` WHY DID NO ONE TELL ME ABOUT THIS SONG?????? RAP FRIENDS U HAVE FAILED ME,-1
tired but have a lot to do.  Looking forward to tabletop gaming tomorrow as a break from my constant programming,0
woke up from napping  finally got the sleep i needed,1
glad I wore my black rats and a flowy shirt im so full from my dozen mixed oystsers seafood platter and death by chocolate,1
Working on your birthday isn`t so bad when you get to work with Ruby on Rails,1
useless tweet! LOL jk yay!!! You`re coming tmr! How long u gnna be in phils for  ?,-1
watching 3rd JONAS ep.,0
in spoke to you yesterday and u didnt respond girl  wassup though!,0
checking iDestroy sales.... sales are good,1
_defcon1 I gather you guys continued the drinking after I left?,0
there is always traffic heading back here to long island on fridays.,0
SWAY SWAY BABY zommgg love it  need more screamo tho boys,1
I had a dream there was some kind of bug on my eye,0
It just occured to me..... tonight is Cheri`s Prom Night......I was suppose to go with her...... 970 miles makes that kind of difficult.,-1
why am I weird?,-1
listening to some music!,0
watching  on SNL,0
Warren and Hannah are dead ... oh my godd!! Seriousslyyy this is a tragidy !,-1
what`s going on sweetheart?,1
My long lost friend!,-1
http://twitpic.com/4wsy6 - Beauty.  Going out now!,0
had an awesome day at the zoo yes2dy!!!!! now gettin ready 4 church  yay!!!,1
i miss jack n box  and whataburger  and oooo taco cabanaaaaaa  lmao,0
is home whoott. Happy Mother`s Day Madre,1
oh no.... please... dont do that to yourself again,-1
Just ignore it.....and get sum rest...get rid of that headache,1
Hi! Im Barb frm IA. New to tweetin. Enjoy reading ur tweets. U seem like a wonderful person..I KNOW ur a wonderful actress,1
I am afraid you`ve had a bit of a #fail as the last two recommendations aren`t available in the UK,-1
Ugh its really hot today already and its not even noon yet  i want ice water!,-1
Hello there! Thankyou. I always seem to make a difference in  someone`s life everyday.,1
@__Jasper_Hale__ *Laughs* that`s because I like winning,1
enjoy the laker game for me guys! since i`ll be at work,1
i am living in ignorance  :@,-1
didnt say goodnight to you,0
see u bye see u!  i love the hot30,1
My stay was great! BUT my mother gave me the cold/flu before I left and I still have a cough...,0
Or nudge the partner! Good birthday/ christmas/ I just want to buy you something gift!,1
_KittyKat hello new follower  haha!! how are ya?,1
Daughter has a 45 min orthodontist appt and I forgot my ebook reader,0
doesn`t want to go to work....,-1
I have a better idea: need a couple hour of relax. bed time. Sweet dreams to everyone!  love u all,1
i don`t like to see you like this...  there must be something to make you smile...,-1
Just had mothers day lunch here  http://twitpic.com/4wfeo,0
All this flirting going on - The ATG smiles. Yay.  ((hugs)),0
The Eagles make saturday nights so much better.,1
pmg im very upset no just relasie hugh laurie isnt on  **** ohh,-1
my bracelet broke today too.,-1
Happy Mother`s Day - Happy Motherï¿½s Day  http://tumblr.com/xnx1qyn0j,1
We`ve just 16ï¿½C today&cold wind..  Want it 2b like 25ï¿½ to 30ï¿½! I love hot weather! But I reaped the 1st strawberry yday!,0
OMG that dunk on Dampier was MASSIVE! Big ups!!! Love it...,1
ah  Hate it when that happens! The Race to Erase MS is this week. Are you going?,-1
About to go to my last theater lunch  im gonna cry.,-1
mother is hogging the TV,-1
yeah  it will get better though  i know it!,0
As long as you take me with you,0
Its chilly n lonley n this livingroom,1
**** i have something to say and no one is listening,-1
Working now,0
Shower time,0
missing his voice,-1
I`m at home recovering from major liver surgery.  In alot of pain.,-1
if you cant hide the tweetie icon why not change it   http://twitpic.com/4j92o,0
bored well its not like any one can see this i havent got any friends,-1
well Sunday the weather looks great gone take my bike to visite my mom on her day,1
_rothlisberger That`s **** awesome!  *bookmark*,1
i missed the sun as was too busy gettin hot and bothered in the shops  will have to make up for it at the weekend! x,0
i need a jb but i dread the fact that it will have to be retail this summer,-1
oh phew you scared me. I wont have ANY access when im in mexico,-1
Then back to **** school,-1
They have a list of 50 state parks here in PA that are under consideration for closing. Nice ones too.,-1
office hours/trying to make my computer feel better.,1
is on the road now! with 7 hours ahead and a beautiful girl behind,1
Lost a battle with the couch....phone has been blowing up,0
im thinking that im going to have fun tonight....and maybe some changes are coming,1
voting has closed,0
says I`m tutoring my cousin!  http://plurk.com/p/rpp57,0
Some guy just said he wanted to spank me,-1
Is up so early and proppa shattered and knackered,-1
working!   I am so ready to go.,1
is really ultra bored,-1
yaaw some one want call with me?? 5529634599,0
Looks like the #GM Bankruptcy is going to happen. This loss will help offset the gains that I had earlier in the year tax wise. Oh well,-1
Is back in sunny 95 degree weather though,0
'AAARRRGGGGHHH' is the only thing that can decribe how I feel rite now!,-1
And what`s your blog entry about?,0
lovely night of steve-o and family guy. off to bed.,1
dont make me sad... i do agree tho it does need some more of SA`s magical lyrics,-1
I Need a freaking adventure.,0
Packing up my desk,0
Boring starting work weekend soon................ 1st need to get a Tim Coffee so I can make it through this **** night shift........,-1
yup slowly recovering. it sucks that i can`t eat the stuff i`m craving right now. my gums can`t take it. how was your trip?,-1
Today was not an inspirational photography day  #photography -  http://twurl.nl/jnizbw,-1
I feel like **** cause I couldnt sleep last night and went to sleep at 320 n bk up at 6  soooo tired!!!,-1
I lost my artistic abilities,-1
I miss my mom..  'May angels lead you in',-1
I adoreeeee Matt Nathanson!! I am so jealous of you right now.,0
i don`t wanna work over the weekend,0
Omg. Its 1:47 am and Kim Possible is on Disney Channel right now. I am glued to the screen,1
Went to get driver license and car licnse plates renewed.  My mechanic that does inspections out of town today.,0
Wearing my new Victoria`s Secret slippers,0
Plenty of good trivia on wikihow. Just trying to help  hope u got to sleep by now.,1
Mothers day isnt until the 31th here in sweden.But thnx for the pm`s,1
listening to AM- teddy picker  She saw it and she grabbed it and it wasn`t what it seemed,-1
@_NewAmerykah_ im alllllllllllllllllllllllllllll about that... a **** woke up late... didnt get my breakfast (wakenbake),0
I told you I`d be back  Just won`t be updating as much before my exams. Looking forward to a day or two in your house ;),0
lol thanks!there scary to wear though,0
Not Columbus but just wanted to say sorry to be missing Indiana show tomorrow. So sad  I will be in the woods with 8 GS.,-1
Yum chocolate sorbet! She barely even shared  http://twitpic.com/67azl,1
need a break...my head hurts,-1
Sick kid trumps advance planning.  Bummer,-1
oh cool i can`t wait!! yours are awesome!!!,1
I don`t believe there`s anything worse than losing a best friend,-1
'we`ll do lunch'  uhh...indoors though we are having a thunderstorm rolling in,0
Today I`m lonley girl with a guitar,0
Chowder is the ****!!!!!!,-1
_prototype09 no where I`m working for a bit up here,0
Bout to go to bed... Happy Mother`s Day ladies .... especially all th 1s who takin care of thier kids alone..n I Love U Momma,1
Listening to: Sweet Talk 101 - Cute Is What We Aim For /// Considering taking up the GameBoy Color again. I miss chiptune.,-1
Love your latest journals. I finally joined Twitter so came to say Hi,1
By newark,0
were you roaming?? Same thing happen to me  so I switched to AT&T.,0
Had a nice dinner with mom! I`ve started the chicken rolls. They are going to cook overnight. The rest I`ll do tomorrow.,1
Our weekend was also great... two friends of Julia were here for four days...,1
Ha I got another #followfriday. take that ! oh... your listed too... thanks a lot  ya jerk.,1
lol nice  I loved that concert! Aha u gonna post these pics,1
Just got back from  `s party! Sooo much fun! Boom boom pow~ hahaha! ooh and I just told my mom happy mother`s day,1
I`m jumping off the nearest bridge if I can`t have it,-1
LMAO... Smh!  that one threw me off.,0
I just saw a shooting star... I made my wish,1
Is hungry with a sub,0
Hmph I had to order some bootleg Pharos GPS phone they dont have the BB I wanted at Office Depot,0
Watching 'P.S. I love you'. Eating chinese food. What else is there to do when you`re home alone on a Friday night!,0
Sorry for the delay in publishing this weeks show  Some technical difficulties during encoding. Will be out asap but may be Saturday.,-1
where`s enthusiasm in meeeee,-1
not having a good day..one bad thing after another,-1
good day,1
Not looking forward to this long trip in the morning. I`m sick,-1
Done With Exams...Now Focusing on Summer School...DAYUUMM Life`s Hard,-1
Back from LAAANDAN.  Miss it already   check out my new giant purple bow and gold wing necklace. I <3 TD http://tinyurl.com/m5y2mw,-1
() oh snap,0
Get a dachshund they are awesome at getting stuck in silly places I should know I breed them!,0
Cried Like A Fukn Baby Today Durin Da Senior Show...Ima Miss All My Senior Friends,-1
It`s http://chelseavantol.etsy.com xo,0
Can`t sleep. Sucks. The one day i have to sleep in and i have to get up and go shopping with mom. Ugh.,-1
YAAAAY! I think I might have Aced my history test today!,1
PrinceCharming,0
A- on my french paper.,0
I am so sad...,-1
I`m wishing I was outside instead of trapped in my office.,1
THANK YOU LOVE!,1
good night..have to get up so early tomorrow,1
Ahh! Members of the toasters and  playing with void union! Sick! I missed  and we are the union,-1
I don`t like my dress,-1
_Kate i know its heaps awesome. if your not working all weekend,1
**** Frat - that`s too bad...  Should be a good show (at least I`m hoping so) esp. since it`s in BK...,0
Happy Star Wars day,1
take a medicine,0
*cough* star trek *cough*,0
what`s wrong?  maybe I can help?,0
that`s a brilliant idea! only one buzz though,1
Scary!,-1
rocks my world!!!! soooo funny!!!!  <3,1
Right now it is 5:07am.  Ugghhh.,-1
You go to sleeeeeeepz,0
Hello my friend...you found me on GBW? How are you doing? Glad to see you twitter but I have to learn German,1
in 7-11  w/o you,0
good luck with your auction,1
About to hit the hay. (who came up with that?) goodnight world and all those who inhabit it,1
WOW AND TO THINK SOME PEOPLE ACTUALLY REALLY DO LIVE IN THE JUNGLE BUT DONT GET TO GO BACK TO A HOTEL.,0
sounds like you all had a great night . i`m glad it was successful,1
That sounds **** too.,-1
HAPPY MOTHERS DAY!! LOVE YOU GUYS...,1
i can`t studyyyyyyyyyyyyyyyyyyyyyyyyy  i have an exam tom,-1
_yeah thanks for that you pair of gits  (hope it`s mega- like the bus!),1
in a meeting discussion colour of bikeshed,0
getting back from smackdown/ecw show,0
It often pays to wait,0
Last night I had 1/2 a bottle of wine in my house and 2 cocktails. Came home sober but still gonna be sick,-1
well if i use all my tweets will be the push to make me go to the shop. and by the time im back it will be over hopefully,1
Beer is an excellent excuse. Earlier i was sweating god knows how much! Not looking forward to working tomorrow,-1
Hope you feel better! If your alone we can talk until your ready to go to bed...I`m alone too,1
paris 2moro!! i have to pack...ill wake up at 8  yes: dance lesson at 9 !!,0
Is tired! And is gonna go to bed now!,-1
Rocket surgery hey? HAHA I thought it was rocket SCIENCE? Oh.. is that all.. I knew that I swear. Thank you,1
I WISH I LITERALLY COULD **** JUST ABOUT EVERY **** IN THE WORLD...IMA NYMPH,-1
great song  http://bit.ly/evluw,1
studying out of spite. whatever.. Wonderful unforgettable weekend with DC,1
Can`t beat all time low.. (: I soooooo want to go to Metro Station..  Your cheap shots wont be able to break bones,-1
No one is at the tesla dealership,0
_Beckiie_x omg are you going to see it?! another reason to not live in devon none of the f***in cinemas have the film im so annoyed,-1
dammit! hulu desktop has totally screwed up my ability to talk to a particular port on one of our dev servers. so i can`t watch and code,-1
I hate watching the News. Why do such awful things happen?,-1
looks like it got cloudy again outside! and i have nothing to do tonight! boo friday,-1
you just got one more!!,0
Bah! Still at work. Lol my feet hurt and my nose won`t stop running!,-1
has a really really itchy eye,-1
Now have an unpleasant talk w/n-laws 2 look 4ward 2....,-1
#Vancouver gets tough with slum landlords..ew backed up sewage   http://bit.ly/16UrvV http://bit.ly/16UrvV,0
oh dear! gareths b-day 2moro all my girlfriends are abroad  lucky niamh is coming home 2moro poor gareth has 2 listen 2 me talk all day,0
you must love sydney more  dont leave us sydney kids  ****,1
would like to go back to bed. horrible headache pounding behind my eyes and all over my skull,-1
Speaking to my new tweeples.... getting acquainted with them... If you`ve never spoke to me.. Do so now,0
I love you and Day 26 but that video was questionable... can`t say that I liked it,1
is stoked for spring! Amazing wild foods! Nature is abundant~bless up!!!,1
: Loved it!  Would never have thought he was into the iCarly version of Beanie Babies. xD,1
Searching apartments in Kaohsiung. Will go seeing the apartments on next Tuesday. Haven`t found a good one with reasonable rent...,-1
My son is back at school today - feeling much better. He wasn`t too sick...he didn`t stop eating!,1
dont put behind the wheel lmfao today was fun,1
_d Zwarte maillot,0
im going to my inlaws tonight.  hopefully my new niece will be there!  who needs kids when my inlaws have them all for me!,1
On my way to get the crate and Bella Dolce!!!! Sad cuz  is going tto Richmond,-1
oh gaha no of course i wasn`t offended why would i be?  i`d love to play for you some day,1
the 'no pants' idea could be the new attempt world-wide to attract business back to the airlines.,0
Good morning  ready to start this week.,1
waiting for landlord to come see about our shower,0
Time for me to seek out some coffee for my own caffein love affair too!! Mmmmm... Sweet been of hyper-goodness!!,1
Thinking about someone. Now a days I think more and code less  What is it...?,0
lol my other tank/dps friend is having the same problem in a different guild.  wtf is wrong with this server?,-1
I wish our  didn`t close,-1
WHAT! That`s a sin!,-1
Oh that`s why.,0
I just tried to go back and the police blocked off the whole neighborhood.  they`re evacuating the building now,0
1st day of master cleanse...wish me luck,0
I miss my boys,-1
hope all is ok.,1
my new dress looks sort of...horrible   http://twitpic.com/64mdc,-1
...what ever happened w/ creating music in collaboration just for fun without the 'what am i getting out of it' question in mind? PLEASE!,1
does it work on the iPhone as my MacBook is flat,0
yeah thought it was awesome - glad to see some characters like Gambit brought back into the fold,1
DUCKED OFF! I`LL BE BACK IN GA TOMORROW.,0
May the 4th be with you    Happy Star Wars Day !!!,1
I don`t want to work tomorrow. I don`t feel good. Haven`t felt good in 4 days =/ My body needs rest but my mind won`t slow down!,-1
Hey Sherri! Thanx 4 da messages Wondering if u could follow me? Plzzzz,1
They are people too,0
Aww chamber callbacks... Soo emotional,1
At the dentist. I have a hole in my tooth,-1
nice hair and nowhere to go,1
I feel 5 pounds lighter,0
This is scary  they hooked me up to 9 wires n it printed sum graph ohhhhhh,-1
Sunday morning and i realised im a film snob  as it said on MSN entertainment,1
Great long-weekend so far   Going for a run now - no Judo tonight  Then off to Blue Water for some 'Retail Therapy',0
needs a non-long distance boyfriend/girlfriend. Watching Sonny with A Chance,0
Such a nice day today but stuck indoors revising  3 weeks and it is all over!!,0
just finishing studying for LSATs and watching VH1 Soul,0
My husband thinks my Twittering makes me a creeper... whatever.,-1
oh man had great nap (still alittle tired) having pizza for dinner.,0
Random has an a,0
mothers day at the spit was awesome!!!!!!!  listening to Paranoid by The Jonas Brothers!!!!!!!!!,1
*hugs* im glad you got to spend time with your mom.  if your free tonight drop by for some spaghetti,1
happy mother`s day to all the mothers in the world.,1
hope you had a FAB time!!! Just saw your twitpics ... Love that you wore THE dress. Great pic of D too,1
I do amazing at beer pong with my brother,1
missin my bro..,-1
lol.well.hope you find someone to give you a massage  wish i could but i`m half a world away lol,1
do I discern a request for Hulu support? excellent idea!,1
lost HIATUS noooooooooooooooooo D: back to school tomorow. back in 10TY  (),-1
time will tell,0
Europe bound,0
WiSHiNG ALL THE MOTHERS A HAPPY MOTHER`S DAY,1
trent reznor - liddle beotch doesnt get his way. this could be the title,0
New picture isn`t working,-1
Thanks! Funny cause it`s true!,1
apparently were not as good as the Brazillians tho`,-1
i just looove my bf  u are awesoome!!!! [hannah montana the movie was amazing  best movie ever!!]  // cool http://gykd.net,1
that David -- nice to know he feels so comfortable 'twitting' or 'tweeting' us.   I have a feeling he misses home.,0
Aaggh!! My blackberry curve took a gash in the screen the day AFTER we get invisible shields in stock. Well it`ll be a good advertisement,0
I actually drove in today - no incidents to report  to quote Ice Cube - Today was a good day,1
Taking the caltrain to go see the giants. It`s Cold and someone smells like pee,-1
It`s starting to look like the  website may not happen in any form,-1
Hey Charicee! How are u? Are you going to come to Italy again? please tell me yes,0
aww sorry boo. I haven`t bought a printer in 4 years; my canon i900d is still making amazing prints. Have zero fisheye exp.,0
Match of Handball this a the afternoon,0
Working on a PR plan. Then it is on to awards.,0
o can`t work that one out  pain in the **** them spammers,-1
you know what it is to see people you love most in his country and could not get closer?,1
got my grubby paws on a live recording of paramore. you have to hear. its better than chocolate,1
ummm sooo yeh....its really hard to concentrate rite now wen i have this weird #lupus feeling goin thro my body,-1
@_cassian is there a game   !,0
Since you travel quite often and use online travel sites we would love some feedback on iXiGO.com from you,1
dancing around and cleaning the house..... loving my sunday so far,1
1 month ahaha. AND i dunno if I can go tomorrow LMAO cause i went today  Freakin filipino parents AHA,0
is not too hot and not to cold,0
haha neither am I. It doesn`t matter though you guys do what you want,0
I guess  cant request  the same song though,0
Omg amazing twist! This is a crazy awesome movie,1
is suprisingly okay. or possibly still drunk. goodbyes suck though,0
Ooh can I have some? I`m hungry but I don`t wanna get outta bed,0
has just joined the twitter community,0
just got home from a partyyyy. had a good time. can`t wait for my birthday in 7 days!,1
yes... nice. I missed a lot of fun. **** exams. you are looking good...hair,0
How did your book signing go?  If I lived there I would`ve came!,0
Why don`t we close the library due to the great weather?  And the ac isn`t working  #fb,1
Writing my Music Lit final paper on Mozart`s Eine kleine nashtmusik. Mom is giving me a hand...and I`m actually having a GREAT time,1
HAD SO MUCH FUN TODAY !  i love alyssa arellano and mika reyes ! :*,1
Ugh! Plane delayed due to weather!  Stuck with another hour to kill.  http://twitpic.com/67xs0,-1
First sports banquet without katie,0
hahah im way too lazy to check my phone  ooo michells! are you wtaching the recruits?,-1
I`m going to school...JOY! :/ 7:20 am! I`ve got to go!  BYE!,0
The new redesigned cricinfo : http://tinyurl.com/mxlcuv I hate change,-1
Welll my folkiesss(; im offf to dream land;work in the mornin;ugh;ewwy. Talkkk to me;but tomorrow  <3 lurvee ya`ll[;>,0
we want ot protect Moleskineï¿½ notebooks worldwide. That is all.,0
when nina picked up my call lastnight i didnt know she was talking to me and i like totally didnt answerr,0
girl a blunt is soooooooo in my thoughts right now. I had an absolutly GREAT day with a few stressors...come home,1
_KittyKat That`s very nice of him.,1
ok...so i`m Twittin from my computer...its gonna be bad when i get on my phone.. cause ima be lost like ****,-1
anything  bookmark - keychain - surprise me,1
Spendin time with ant before he`s gone for the night,0
Hates moving,-1
What did I do to you!  sheesh,-1
****. it should be recoverable. it`s just the boot part that`s messed up. grr argh. my business was on there.,-1
i think i like the workshop,1
LMAO!I was JUST thinking how I **** hate @ least 3 people that I`m following...but I haven`t unfollowed em` yet. I`m a loon.,-1
http://twitpic.com/66r0u - uh wait...i thought this was the 29th...tonight,0
Drink #2: And at 12:45pm when leaving the shops I had a Medium Light Coffee Frappuccino. Nom nom nom,0
wish it wasn`t raining,1
May the 4th be with you! Happy Star Wars Day twirps!  ROFL,1
My ex-colleagues from Shaanxi kept boasting of their native noodles. So I`m REALLY curious about Shaanxi food.,1
Your window ledge is decorated quite appropriately. I love it,1
It is kind of lonely when nobody will answer their phone.,-1
just relax like it is or translated to swedish too? Just got to take a look at my next comment,1
Thanks lady!!,1
Chocolate with peanut butter. One of my favorite combonations,1
the sing store won`t work.,0
Just had an iced coffee. Christ that tasted nasty,-1
Woke up late & trying to get **** done before work,-1
Came out of my house this morning to the stink of cat poo. I have cats doing their business in my little bit of garden.,0
is sooo tired and too busy to tweet  im glad the weekend is here... yay 4 day-weekend,1
This is too much lmbo (litterally) I have to stop b4 I lose my twitter buddies,0
Nooooothing to do tonight,-1
FacePanda is cool,1
Thanks. End up going to Makino Chaya,1
is jealous of his family  their all having an amazing breakfast and all i get is rice crispies,0
Going to shawnee........I hate the long drive there...i just want to get all this paper work over with,-1
I'm sick of this happening.,-1
nice have fun....Although you cant not have fun lol,0
Forgot to set the alarm for a 6am ride  Hope I can get in a few easy miles after work.  Tomorrow: racin` the Gap!,1
:   whatcha reading?,0
I slept at 2am yesterday,0
I swear its so hot I dont want to leave my house  Is it hot where your at?,-1
it was t4 i think hannah  ****,0
Want 2 transfer my Naini trip pictures 2my comp so I can upload thm on web bt i dnt hv my USB  Snt few via multimedia @ 5 Rs/pic. Expnsiv!,0
oh nice going!,1
Had a great talk with Tony this afternoon... we`re going to give it another go,1
For _inLaPush because she misses Quil so...  Far Away ~Nickleback ? http://blip.fm/~5z639,-1
Is feelin right rite now,1
yeah.. gives me something useless to crib abt,-1
n case you missed the show yesterday - here`s a chance to listen again on the BBC iPlayer  enjoy  http://tiny.cc/oIkbK,1
looks like another sober weekend ahead...,-1
_Lhoste Thanks you so much for following me on Twitter; I hope you find it as exciting as I do! Looking forward to your tweets!,1
lady thinks shes watching scrubs... delusional.  shes bailing on our plans,-1
has a headache from the the heat.,-1
Can`t Play Solitaire For **** lol  More Updates Soon (Y),0
Yes...met Jon last yr at an interesting 'Questionning Agile' Agile 2008 session.  Don`t see him on this yr`s schedule.,1
Well I *did* put in a good innings...sweared at the brother in law..was in fine form,1
oh thank you thank you! Was hoping the video will be online,1
nick`s voice still makes me wanna kill things,-1
How could they kill him? Hollyoaks made me sad.,-1
what?! i just missed home + away! nooooooooo,-1
: i really adore your K-POPPED site ! http://k-popped.com/ haha,1
This is fun !  haha re guy from all American rejects looks like he`s on crack!!,1
Going to the Chiro to see what is wrong with my bum ankle.,-1
Going to jog down to uni. Quite a way from my family home but exercise and all that,0
EVERYBODY WELCOME !!!  Hello Nicole ;),1
made $30 tonight watching 2 little kids swim and watch a movie!!! haha i love babysitting haha,1
I **** miss that band so so much,-1
OMG!!  Booth`s hallucination in the latest epi of Bones is absolutely brilliant  'you`re a gud lookin guy.. if u keep an open mind' LOL!,1
first day of summer sucks!!!! its overcast and cold...  this isn`t summer!?!?!?!?,-1
I`m so dizzy already and I`m only on the third page of chapter 73  *plops head*,-1
Oh what`s up?,0
is soooo over school...maybe sick..all week *evil laugh*,-1
heard you slutted it up! I`m totally jealz~ I missed it. Maybe next time!,-1
Happy mothers day to all of you amazing moms!! Hope you have a wonderful day with your loved ones. You deserve it!!  You do a great job!,1
AHHHHHHH!!!!! its my 16th birthday  And i cant belive i found out im seeing yous tonight  Best present everr!!! <333333333,-1
thanks bebeisis that is right is your name by any chanve elisabeth???,1
Ive got mad cramps in my legs,-1
Need To Go Shopping  Boring Day T`day....Nothing To Dooo. College Tmro...How ****` Excitin`  Wish Twitter Was Simplified For Me =] <3,-1
dis **** usb charger is good for nothin. gotta find that verizon store. my fone been dead since last nite,0
whoa steady there mate don`t fall down,1
sleep sounds good right about now,1
I`ve got great expectations of tomorrow  It`s gonna be awesome!! ? http://blip.fm/~5jf53,1
yeah   but I`m jus glad the thunder stopped .,1
I bruised my toe worse than my I did my finger. It **** hurts right now even with ice on it,-1
I am so **** hungry it`s not even funny!,-1
lay by the pool and take a nap. my agenda for the day,0
_taff_jones  Oh and...NEVAR USE KDE IT IS MADE OF FAIL!,-1
Feel so depressed that I couldn`t save it... Thanks for nothing!,-1
waiting for sleeping pills to kick in... gonna be so tired at work tomorrow,-1
i need a hug i dnt feel so good,1
mmmmmm mcdonalds coffee is soooooo good.....maybe going to hookah tonight with the abbster,1
sounds like a perfect way to spend a sunday evening. Enjoy,1
I don`t know what im doing :S,0
I love you too! I`m kinds reading. But you can call if you`d like,1
And it`s only downhill from now until Labor Day!,-1
haha i just watch a funny **** video on youtube  made my day,1
Getting to play golf with our kickin` Leadership Team...I have a feeling they r gonna kick me on the golf course,-1
I was wondering....   Have a GREAT weekend!,1
chillin promoting muzik...not eating  lmaao,1
Just got off the phone with lainey the love of my life  . . . Now im taken a ****,-1
watching merlin omg he is cute,1
Been there and never at a good time   Your recourse is small claims or you can get a atty involved. But that is more $,-1
nite nite bday girl  have fun at concert,1
now going to watch the brand new episode of `The Hills`  cant wait!!,0
I hate thunder and lightning!,-1
is gutted to be at work when it is sooo nice outside,-1
This is what I had to endure to get prizes of to my lucky winners  http://twitpic.com/669nm,-1
i have no followers,0
So tired and I don`t know why,-1
I really need to sort out a bird table and some feeders - the robins and blue **** are being bullied,-1
im feeling the burn of the last 4 days..gonna chill play xbox and watch stuff all day,0
what do i have? lots of stuff.,0
Ow. Okay.  It`s good you`re better now.,1
Hmph. This is nowhere near as effective as it was a few mins ago. I wonder if it was a coincidence. FOLLOWERS: please report ur findings,-1
Market whn goes lower also problem and when it goes like a wild bull also problem,-1
Did you get to meet Ace Frehley?  Love his guitar playing.  Not sure how coherent a speaker he might/might not be.,0
meeting  and friend tonight - going to discuss human trafficking issues. Daly is chaplain/therapist and an interesting guy,1
I don`t know how to send it to you Anna.  Let me think for a bit and I will find some way to do it,0
I love my hair blowin in the wind,1
good stuff!  I`m great thanks! x,1
Press `Ctrl` on bottom right. It`s there.  KY,0
Not really  but its work so yea kinda,0
ive been there before  haha,1
has a broken iphone,-1
Searching for wavy hairstyle,0
boys and girls lie? awww is santa not real either?,0
oh it just takes me after i sign in to an error page,0
Placed a $2 bet on a sure thing and lost.  no more betting for me!,-1
goodbye picnic for a classmate today  but the weather was **** beautifuul!!!,1
Akh! I woke up and missed so much of Sayed Hassan`s speech,-1
alives.... Less highness feeling.... Sometimes I hate that feelings.... Talking about an exhusband as if he`s dead is funny,0
Stupid MSN It wont let me onnnn,-1
Happy Mothers Day to all the wonderful MOMS out there. MOMS are what makes the world stay balanced. Have a great Mothers Day,1
everyone has left me and gone to bed,-1
5-4-09 what do you think ill be doing tonight,0
on jacksonville beach walking in the cold **** water   but have to work in the morning   ily <(`-`)>,-1
is there something wrong with the internet in chelmsford? my tv on demad isnt working right and my internet is SUPER slow,-1
Business or pleasure? Will keep my eye out for anything. You`re just missing a Moondog concert tomorrow night,-1
Me and Wendy are going after all.  Wish you were!!!,-1
I was hoping I could just drop them into ~/.vim so both Vim and MacVim could share them,1
aww I miss u too! Haven`t ate,-1
95 degrees and a crappy a/c,-1
they prob are sold out.    all i wanted was to see them for my bday lol,0
he`s not logging in yet.  and i doubt if he will check his his replies here in twitter. but we must keep on trying!,0
yeah its Friday! I thought my sis was coming into town turns out she is not!!  so sad! i miss my babies!!!,-1
@_callmeCourt always welcome hun,1
Red? wtf happened to dark blue + black stripes?,-1
I hate having headrush,-1
may the 4th be with you! HAPPY STAR WARS DAY!,1
doesnt work already,-1
I think I`m gonna try to go vegetarian again....and no soda and majorly cutback on beer...too many carbs....but its so yummyyy,0
Get her Clogging Shoes,0
girl u sit ya double decker neck **** DOWN and talk about ppl who are on ur LEVEL and not above,0
i`m not proud. but os x excels at video/photo editing where the pc lags so much behind.,-1
oh yes some are quite nice! and my `photoshop` liep zojuist vast. so now I have to start over painting Rï¿½isï¿½ngs glove,1
such.a.tease.,0
Poor baby`s got his first booboo  that he caused himself LOL  http://twitpic.com/673vt,-1
Just wants to compute,0
Eating pringles at nearly 1 AM really reminds me  of touring with the Jonas Brothers (don`t ask).......I miss that so much....,-1
alone @ home... nice  very nice!!,1
off to pick up my daughters who appear to be picking up an unhealthy liking for primark...feel like a bad parent,-1
76 long and painful miles today.  knees ache.  approaching 50 years is rough. not accepting it well.  3 glasses of draft helped.,-1
That drives me nuts.,-1
I love cute texy messages. Especially when he calls me mandy,1
Maybe next time. Can`t be away this weekend as much as I`d like to jump in the car and go. ::pout::,0
Ahh! my right kidney hurts soooo bad!!! Ooommmmggggg!!!!,-1
i`m really tired today!!,-1
Fighting with Nagios configuration.  Great tool but the config is a bit of a labour,1
i`m sorry your day wasn`t so good  does it make you feel better to know you`re beating oprah on ms twitterworld?,-1
It`s been doing it for two days. We have a comcast technician scheduled for tomorrow morning.,0
It`s Hollie spelt with an `ie` not a y!! She made me cry on BGT tonight  Gxx,-1
it`s my fave!,1
Today more sore than surgery day. Glad I took extra sick day.  Full recovery expected after 6 weeks.  Calling lawn service firms today,0
The bag looks stylish. Congrats!,1
Another Friday night in. Man being skint is rubbish.,-1
17 again was funny,1
thank you cici  right back at ya!,1
_Bloggerific HA!  Nice try.  I will outright deny any accusations.  But good luck with that...,0
Packing  I don`t like it..,-1
morning hon. what you having for breakfast? I cant decide,0
But I can still putt 30 yards longer than you can hit your driver,-1
what happened?  are you suffering from neck/shoulder/back pain like me?  i can`t move either,-1
_hussein i have to wake up earlier than i thought.. my dad wants me to take him food at 9AM! no0o0o0o!,-1
YES I AM GOING TO BE A SOPHMORE IN COLLEGE. Geez. Cant get a job cause everyone thinks im fifteen.,-1
Too bad we`re in Sweden where Up isn`t up on the theaters  here until October,-1
haha it`s great. but i slept horribly last night.,0
Do tell...,0
Hello Gorgeous GIRL! Nice new pic!  HOw are you today,1
I don`t know what my Mom gave me to clean my Macbook with but it is SO white now. It was tinted grayish blue from my black desk.,1
Thank you!  The best to you and yours tomorrow... I hope you all have a lovely day together!!,1
I don`t have a subject line on my phone...  just normal texts.,0
Is wondering if my ankle will ever stop hurting,-1
So... Inconclusive. There`s still a chance i`ll need surgery. I see the doctor again in 3 weeks for more x-rays.,0
omg!! i have so many finals to study for !!! i so freaked out that im gona fail,-1
I am using iMovie 08 and it`s still not bad. I am afraid to hear what is wrong with 09,-1
http://twitpic.com/67x8k - WITH MY FRIENDS WERE IN OUR WORK,0
heyya people!,0
Back from Worcester.  My work week starts on Friday at 2:30.,0
no we had to go to malibu to find a beach!,0
that is sickening... Just shoot at will? Smh... Prayers for his family...,-1
aww I miss driving down elmwood,-1
finally home and enjoying the rest of my day. Azongo and I are having a smoke-fest! woot! #mmot miss my,0
you the the Queen of Sass oh Scenie!!!,1
soz i neva saw this message till now...if u add then delete me i cant see any messages uve left on my page,0
alright - was only joking - I just said no wine here  - fool me maybe? - I don;t like drinking,-1
aaaah I swear I took it by mistake  it was somehow attached with the charger -_- apparently it needed break from U huh!,-1
Back from x-men origins . Was surprisingly good,1
needs to mug for Chinese A`s but doesn`t feel like it.,-1
Exhausted after a 58 hour work week,-1
My my I have never watched so many movies in one night with my mommy,0
oh no! Poor thing keep us posted.,-1
God **** you Twitter!!!!!!!!!!!!!! Stop eating my undeleted DMs!!!!!!!!!!!!!!!!!!!!!!!!!!,-1
Anyway. Can`t take this **** no longer. Or my mind will blow off.,-1
that gets around the problem I had of doing it all myself  good idea.,0
great song even if i can`t understand lol,1
lol very much appreciated!!!  so excited!!!,1
Goodnight and Goodbye ?,1
Saturday is Partytiiime,1
yup-unfortunately  Took today off work and just slept all day.,-1
tweet often and it`ll draw followers to you,0
It`s been interesting today... to say the least. Overall a good day,1
I love that Joan Rivers says it`s Family First.,1
_b BF @ gig in Portland OR.  That`s not driving distance to come save me from Burbank. I stuck ATM.  Working on plan B,-1
also  your caramels are like crack....  just thought you should know.,0
I can`t keep it,-1
It`s a sad day when Christian Lacroix has to file for bankruptcy,-1
aww  i will keep sending it ;),1
OMG...the heater in my room has been on all day while i was at school & now it`s boiling,-1
u drink mor than all th #g1freaks put togetha!,0
tonights a great night for sports. the yanks and lakers are both playing. i want to watch the games but im still scared to drink.,0
In two months i will have something of the kinf of prom  and i`m really excited! and you haven`t any contact to her?,1
Cool I`m glad.I will save some tea for you,1
Taking the souls of your friends and family and watching them die is a nightmare. Trust me,-1
What time you close today? Is it the last day today or tmr? I may shed a tear,-1
then he has gone down in my estimation,0
thank you my love,1
Wish I was in London to personally witness the Nun Run! What a great idea for the opening of Sister Act`s new broadway show,1
in june. the 6th. a sat!,0
nice capture,1
ive got a cold too... It sucks  and u were awesome in ipswitch xD,0
Just got up from a nap.. Relaxing for the night,1
now if I still lived that way you could pop in and see me  but I don`t so you can`t,0
D`oh...forgot the ferry turns around before going. So much for sitting in the sun. And the other side deck is closed.,0
omg supernatural is on after good news week,0
so freaking tired.  It`s like my body refuses to move.,-1
wheelchair fitting today for mall buzzing & Home Depot. 'Homebound' just got REAL old  Goal: taxi yellow or electric RED!,0
Comment my new myspace pictures plz?,0
I feel like a Truck just hit me too! I also Resemble a man hit by a truck!,-1
wanted to go to the club...dancing;)..but now iï¿½m tired anyways i have to go to work tomorrow!,-1
Sonny you are a mystery man!  I`m into it thoughh.,0
http://twitpic.com/4wukt - We bought Ludi her own rug. Dogs are the best,1
Santa monica bound,0
_0robertpatt Why do they do that?!,0
whatever pung ! haha.. i dont care. JK,0
is on the radio,0
I found a link on WWE.com  http://www.wwe.com/inside/industrynews/kennedyreleased stinks!,-1
I think I have hayfever. Not sure due to wearing next to nothing in horrific weather on wed.,-1
That is EXACTLY how I feel right now.,0
i have poop on my shirt and a insanely cracked screen on my iphone. daaaang.,-1
roll me in your arms cuz i cant remember ever falling this hard.. -avalanche by DC,-1
Jess is invited just not me  I feel really unloved by u AND Aj right now hahaha!,-1
Off to bed .. Nighty night everyone,0
Sleep is not coming easy. Sleeping pills. Need them. Maybe this is why my mind is soo wild lately. No sleep=craziness. Proven fact!,-1
http://twitpic.com/670rw - i miss my puppy,-1
Hate being skint  Anybody want to give me another job? haha!,0
Located & ordered a new cooker today. Feel I`ve got a real bargain from http://www.laskys.com  ï¿½80 cheaper than the place I almost used.,1
Quickest way to get a seat to yourself on a London bus currently: pretend to sneeze VERY loudly about 3/4 times,0
LOL we`re such twitter addicts,1
I have got my smile,0
Caps lost. ARGH! But HP game evening was much fun,0
Braxton was up at 2:30 untill 4am and now he won`t sleep more than 15 minutes at a time! It`s hard to be a mom on days like this!,-1
That`s me on a good day,1
Didn`t realize Animal Kingdom closes so early at 5:00 today. Now I`m stick in the exit traffic,-1
Kinda may have chickened out...,-1
Varsity Fanclub will never be the same!!,0
http://twitpic.com/4jam0 - better lighting would have enhanced the photo... nice angle though...,1
Having a good...no great day already & Dr.Miracles feel-it formula really does work!! LOL Hope everyone has a good day as well,1
Thanks. Feel so happy 2 Make Ur Day a Great one. Enjoy it 2 the fullest N Have Fun Always,1
it means that you are now FAMOUS. Congrats!,1
hehe yeah! but too late hun,0
This economy thing is getting us down. I stay positive mostly but sometimes it really gets to me. Hoping Todd gets work soon.,0
Hi Donnie today i want 2 hear from u that u guys r going to reschedule NC so i dont have 2 b bummed anymore,0
My breath is weezy.  No more going to knotts when you`ve been sick all week.,-1
missed Britains got talent    gutted.,-1
good morning misfit *passes you Tylenol*,1
woohoo! I got the Sunbeam Cafï¿½ Series grinder at Eu Foods for only $198! Epic win,0
I talk to Ty all the time on XBL. I`m sure I could manage.,0
http://twitpic.com/67nxe - Yeah..I`m bored XD I pic up this photo when I still have my guitar..today my mum steam me it  I miss Nameless..,-1
really?!?! It looks like its going to rain here but its all just gray.... La is a bummer sumtimes,-1
Is not looking forward to the LSAT,0
16 days until I start moving!,0
its ok mate I stayed in as well  losers aren`t we,-1
i didn`t get to chat!   .  oh well.  time to eat a praline.,-1
Tactical mistake: going to the city library and buying milk. Who knew? OUCH OUCH OUCH. Maybe a good thing I didn`t try for uni.,0
That sounds like a good compromise.,1
I dont feel good AT ALL. fuckkk,-1
RIP Robin from the Washington Park library,-1
wish i coulda been there,1
Chica! Two more days!  I want the US Elle too.,0
u have a lot  but the bad thing is we r gonna have finals all next week,0
Nothing good at the five dollar sale.,-1
Thanks for the well wishes and hope ur day is also quite successful,1
died again in KP  .. gonna upgrade some of my spells now first before heading back there... #eq2,-1
diego? i know lo ame a jack,0
E3 2009 will be the first time I will not get to see G4TV`s E3 coverage since Comcast moved the  G4 channel from basic cable to premium,0
I`ll help if you pay for my reactivation,1
yea.. I will    haha,0
At the airport waiting,0
At work I don`t like today its nasty outside  can`t wait to get home today and clean my house!,-1
agree with you about facehunter  embarrassing representation. compare to swedes who all look like they were born stylish.,1
Ugh feeling sick to my stomach and I have five more hours of work to go,-1
whew. did some more vacuuming. what a good time! You should vacuum.,1
it`s been hectiv runny around after the women but goof  just making them both a surprise now,0
I`m a lil sad looks like nomore brooklyn 4 a while WTF,-1
Happy Mother`s Day ~ and for single dads who plays both mom and dad role enjoy your day too,1
Great album..lucky to have this on vinyl.  ? http://blip.fm/~5jhtv,1
is very hungover,-1
no probs(: and yeah im still sick. no school today  lol. feel really **** but thats because im dancing lol . thanks,0
Can I get tonight`s SYTYCD online anywhere...streamed like Hulu or paid like iTunes. I missed my favorite judge and now I can`t sleep.,-1
lol i <3 spongebob,1
going to bed. i love the jonas brothers!! the last time me and megan were together was the weekend of the premiere of JONAS!! -lauryn <33,1
Is there a way to block followers?  I have no idea who you are. .  Sorry..,-1
rec game....trying not to cry...the pain is to much..i need him...can`t lose him </3...my heart is breakingg,-1
did you finish twilight? i did! and i wish it wasnt over,1
huh? its 1 am already? shucks,-1
Ashley= getting sick... Ugh I`m losing my voice! Nooo,-1
Guinness got 2 `new` toys from mom and dads house.  Hooray for free stuff,1
i don`t have any of that,0
*happy to help*,1
Happy Mother`s day to MOMMY,1
just said goodbye to the younger bro.  #misshimalready,-1
hoping to hear from you all soon,1
thanks! You`re the first one to wish me a happy mother`s day,1
i forgot how much i really needed music until i barely had any for about a week. but i have music now. yay!,1
I dont believe in my eyes or should I say on my browser? OMG OMG OMG,-1
So sorry I missed it!,-1
My body hurt  I need a rub down like NOW!,-1
wow i must have been tired. i fell asleep @ exactly the start of the 10pm news & now up as if its 8am.,-1
So that is different than normal how?,0
lol. i get about the same reaction when i mention my new goal - kona triathlon now that boston marathon is done.,1
HES BACK!!!!! OH NOES!!!! have you missed me?  Work has been insane and the band has really taken off so i haven`t had a moment to myself,-1
Sitting in an empty yearbook room.  attempting to figure this asap out lol,1
being updated to have multiple `skins` for different GT members. Nightmare. 82k of CSS to hack!  No time to redo; woe is me.,0
Well I live in Ohio  but here`s our California parks: http://tinyurl.com/nmr7pc,0
Exactly. She becomes completely incapable of anything unless he`s there helping her. Too many of those are out there.,1
Thank god camera fixed itself. I want a new ipod,1
Just finished The Minish Cap. It`s a great game! I`ll miss Ezlo and Link.,1
no one calls me anymore,-1
Work time....,0
wish you we`re coming to Perth,0
HAHA! Follow john mayer..he`s a pretty funny guy  I want to move to L.A .... it`s so much more fun!,1
lol after this weekend yea ur right  text me cause im goin to 3rd and they dont have computers there  bye bye,1
Im sure the 5 ppl who came in after me will be seen by a dentist before I will,-1
I didn`t see this until after,0
I wanna go to the extra show really bad,-1
Yoko Ono - Ben Lee  - ? http://lala.com/zAd It`s easy.,1
I didn`t want to tell you but I think it`s your body odour,-1
it always rains right after i get my car washed,1
My shirt is a fuzz magnet today and I feel totally uncomfortable,-1
i should have run today  but i let my slight aches be a bad excuse    i`ll make it up tomorrow go 5.5,-1
Welcome to two months ago! Banjo Tooie is about to be released!,0
Cross Country was today...Hmmphh my feet hurt,-1
Too much details !!!    (But glad he is better),1
On duty in the students union with only 3 punters. There are more of us here than members of the public,0
My Twitteeeerrr babiieshow Ive missed you  I hate this whole not having a phone thng,-1
is hanging out with the roomies. I adore the 4 gentlemen I live with. Great people and a good talk when discussing boy issues!!,1
nope... it is telling you that you want cameo creams,0
Morrissey cancelled on me,-1
yess! talking 2 a hott guy!  happy **** ****!,1
Chillen with Csla.. Waiting to start.. Watchin pacquiao rerun..,0
Running errands with my little man. Maybe he won`t act like a 3 year old today.,0
aw.  I`m glad you do. Where would we be with out one?,1
cant send the dream story on twitter. sending on bebo mail  x,0
I`m bored. No internet. I haven`t made it downtown or to the beach yet.,-1
Hope you`ve reviewed them on my site  http://snipr.com/hble5,1
He says he feels mama tucking him in at night  He`s lonely but getting by. Tomorrow will be tough!,-1
I miss you,-1
I smashed my pinky in julia`s car door... **** my life...,-1
I hate it when Trevor drives,-1
Interesting Combination  Have a great one ;),1
On way home tonight I saw a newspaper headline `Susan Boyle quits....` surely not true,0
4 cases of swine flu!,0
flipping between the race and the nba playoffs.  Pulling for dale jr and `bron `bron....,0
who said i can`t wear my converse with my dress?,0
doing my english essay (on r&j...wtf) that i should have done a long time ago when it was assigned last thursday,-1
nope,0
i couldnt call you because the time on my phone would run out  so if you can give me a shoutout on here i will be happy,1
I am definitely ready... actually ahead of you... I already have a sun tan and I was out at the beach yesterday.,-1
once i hit christian in the head with a metal bat! haha he then socked me in the eye! haha i miss being a reckless little kid,-1
Star trek was SOOOOO AWESOME!!!!!!!!!!!!!!!!!!!!!!!!!!!!!!!!!!!Spock and Kirk were hillarious!!!  Im seeing it again. sooon.,1
My friend and I have a request that you play Nothing Sir when you hit Perth on Tues. From Jazz and Charni,0
Me neither. But it`s no longer about what we want. It`s about fairness. And fairness is whatever government says it is.,0
Awww that poor little girl on BGT,-1
haha nice to know I`m not alone! Working in the BBC and can`t see it,1
hope the presentation went well today?! tweet me if yr on campus tomorrow - I`ll be around from lunch time onwards,1
i got a replacement phone and now all my text messages and call history are gone.  I am sad.,-1
I can`t get to bed,0
now cash u kno I`m not a hater.....jus upset I don`t have my update yet,-1
_Anderson your tweets were awesome  **** the heat. That`s what dencorub is for,0
small? we cant choose?,0
That`s it? It`s done already? This is one proof that there`s nothing fair in this world.   http://bit.ly/10UEMq,-1
WHY DO I EVEN TRY... WHEN DEEP DOWN INSIDE I KNO THERE PAIN ON THE OTHER SIDE,-1
All of you can have fun tweeting all day while im cleaning hair  LOL,1
What are we doin!!?? Tell me! tell me!,0
really??,0
i did and i feel great....   but i still miss it...,-1
I only have 2 more seasons of X-Files to watch,0
wants to smoke a cig but doesn`t have a lighter.,0
I`ve missed one this year(!). It`s the forbidden fruit. Of all the trees in the garden I munch in disappointment on that one.,-1
Im wishing that i had the weekend off so i can go to SOL.,1
people r weird,-1
yes,0
I`m still pumped from the concert saturday. 17/7/09 here i come,-1
AAAAAAHHHHHHHH !!!!!  SOOOOOOOO SWEEEEEEET !!!!!!  I miss that age ..... SOOOO MUCH !,0
We decided I`d probably forget I had it in my pocket and sit on it by accident,0
finally gonna get sum sleep  that concert was crazy!!! God Bless those ministers!!!,1
????? http://is.gd/wxMt . ??????? ???  and may the source be with you,0
of course i really hope that this would be his real twitter page! that would be soo cool,1
Dont worry babe,1
diggin` your moustachio! Looking good daddio!,1
I wish I lived closer to the girls.  I`m tryna chill on a Friday night!    ( next weekeeend! Drink all day AND night?!),1
NO WAY! i didn`t know he was singing ROF thats without a doubt my fave he has done on idol thus far!! EEP~fangirl moment,1
ooohhh imma need you to get on that asap love you,1
There is a sadness in the air at school  but I got two awards!!,0
ah remember the days when you`d sleep in until noon? well guess who did that today? god i feel like a loser,-1
I right here...don`t worry,-1
Knight Online Come Back,0
i`m on relapse  mom and dad i need you. jesus **** christ you stay away.,0
http://twitpic.com/4wc1k - jake is signing up for a twitter!,0
is off to Body Power Expo! Thanks to Mike at Performance Network for the free tix!,1
!!! Tell everyone I say hello,0
I scare you? No!,-1
I guess that`s true!,1
Two day hangover,0
has finally started his serious revision - has just completed an english BG mock,0
WTF!!!!  LMAO!!! *Just got hit in the head with bloody balls*,-1
Lebron maybe the MVP this year ... but I like the Lakers to win the NBA Title,1
In London! Off to do the tourist thing!,0
i have been in the lounge for HOURS...and i have not been productive at all. upps time to go out,-1
_m except im on site near the airport on Dixon!  i have a lil #starbucks gps in my head hehe,0
**** M-Audio IE-30s! I just remembered how much I <3 u & now the right earbud has ceased functioning  My Shure`s r 2 bright w/ lame bass.,0
a celtics-lakers rematch sounds better don`t you think? lol,1
Hates being sat around alone on a Friday night. big sad old loser,-1
I dont like things getting confused. Seems to be happening alot lately,-1
ooo how i love a bank holiday  x,1
had fun at chel`s with nicole and cried watching benjamin button   exciting night i must say,0
Went out to get groceries...prices are inflating  Gas went up another 10 cents to hit $2.49... #TCOT,-1
Lying in bed with my most favorit girl in the world. happy mommys day to me.,1
it`s true!   have u downloaded the tweetdeck yet? it is literally amazing  ****,1
Fixed my favourites. $180 and the heels fell off after 4 wears,1
thanks will try to behave,1
wtf kinda best friend am I? I *still* haven`t met the hubby. That depresses me,-1
just finished dinner - it was yummy,1
was being sarcy as usual,-1
for the gays i only made 200 tonight,0
Sooo readyyy for the summerr babyyyy!!!!!!!!!,1
damned hordies,-1
Soon my new job starts  I`m so happy!,1
love it when jonas brothers are in the trending topics. maybe taylors turn next,1
Sometimes I forget that boys have feelings too,-1
Burnt 3 of my fingers from trying to keep my hands warm over the rice cooker.,-1
Miley Stevens - Waterhouse is at Jhy`s house  http://apps.facebook.com/catbook/profile/view/6402509,0
i havent got poked much,-1
I`m good.,1
IIII know!!! and mean,1
www.youtube.com/watch?v=CyJvgnP9-vA sowwwwyy! U girls make me twisted all time,-1
I am chillin w/ my homies,1
O`Charleys? Pretty good. Especially when its free. Hot waitress? I think so. Back to work? Unfortunately.,1
...definitely the first time I`ve felt alive again in years. Super happy,1
THE VIDEO IS FINALLY DONE WOOOOOOOOOOOOOOOOOOOOOOOOOOOOOOOOOOOOOOOOOOOOOOOOOOOOOOOOOOOOOOOOOOOOOOOOOOOOOOOOOOOOOOOOOOOOOOOOOOOOOOOOOOOOO!,0
Downside though is that you`re breaking the thread.,0
wow officially i have no life this month! LOL my friends dont believe me when i say they need to BOOK IN ADVANCE!,0
do you need to go on a bike ride?,0
Deucie picked up by his sitter for the weekend.,0
i`m watchign the garden from the window...far too hot for me,-1
<3 ryan baby iloveyopu **** <3 10 days kayleigh baby lymz cntt waiit,1
_E  It`s an honour being your friend!!!! http://bit.ly/LhgZ2,1
a bird flew into window at my parents house and snapped his poor neck. gotta bury him,-1
noone wants to talk to me  lol,-1
i did a couple hours ago...ive got sun burn and its really uncomfortable,-1
Sephora is having a 75% off sale. And I`m so broke  Life isn`t fair.,-1
Always have wanted to go to Oz,0
() Note to self: never ever leave the MacBook Pro on the stupid iCurve. It fell off.,-1
Oh dear. Sunburned back,-1
I hope I`m doing something right. Had an influx of reviews on a 1 year old fan fic telling me they love my style of writing for HP.,1
happpppy mothers day,1
Not  looking forward to next   wednesday at all,-1
Thanks! carry on the craziness again!!!,1
Thabks! This made me feel very special!,1
I love #polaroid - such a shame they don`t make the film for it anymore,0
thinks its annoying when i keep getting twitter error messages from my mobile,-1
Happy Mother`s Day x3 ..Mum? I love you,1
industrial tommorow! oh yeah & I get to go see a bunch of old people go away forever & I will probably cry all over the place.,-1
awwww bless her  she needs another chance.,1
im determined to slarm around my house and eat egg sandwiches. and smoke a few bowls. sounds like a splendid evening to me,1
gotta check with the bro on that...and mine is a girl,0
Pretty sure you are hero status... You rock my socks Ms McCain.,1
what am i gonna watch after BGT  bad times,-1
discover a whole new beautiful you,1
nah the lights killed the mood now you got to get out my bed,-1
thx for the suggestion - I don`t think it`ll be easy to convince her cold calling isn`t aweful tho,0
Hey I bought that Porter Cable 4-piece set.  My new drill has an LED light near the trigger.  Oh I`m so happy.,1
Greenville Drive games just aren`t the same without the 'Baseball Guy' clown.,-1
Kids attacking your keyboard?,0
a whole season behind the US now,0
can`t go to the movies today,-1
Happy Mother`s Day to all mothers!,1
_  it`s on again right now!! aah I love demi lovato,1
just doesn`t understand why this thing wont save my photos  Defo uggo! lol,0
saw you today! So BEAUTIFUL!! You looked so good! Glad to see the wonderful turnout!,1
a trending topic: HAPPY STAR WARS DAY,1
_ http://twitpic.com/4wi78 - hmm thats the BU tour list...but thats so cool!  and why does it say 2008?...,1
Ow it hurts,-1
Nooooo! Its going to rain on my birthday,-1
Thanx sis I`ll b sure to let them know how many people r praying w/them...,1
I hate the dentist,-1
Last time in the drama room,0
like why the **** am i still up...maybe because im drunk as hell and had a great time tonight..**** was crazy,1
why the hell is youtube not working???  NO NO  NO NO   NO  NO NO NNO NO,-1
Ok super bored... guess no one else it,-1
My home made red velvet cupcakes were pretty **** good! now to master the frosting... goodnight!,1
oh no!! don`t be horrible  lol no but she was a better singer even if she didn`t cry... don`t u think? she made me cry haha!,0
**** wasting deodorant... i aint goin no where... i aint havin company  let me funk it to ya!,-1
is gaining weight.  rather,0
Ahhh so Jealous!  Have a nice time and I`ll see you when you get back x,0
watching my baby on snl !  baby you look greaaaaat ;),1
I **** love the **** internet.,1
Another long walk in the heat... I hate this...,-1
nope anthony wrecked his car i have to help him get it running,-1
sorry missed your post earlier about Edinburgh.  I am biased towards its awesomeness!  Glad you enjoyed your visit,0
I wish I could still drink it but I had two bad nights with white wine in London and then I was sick for almost a week,-1
Ooh really?!! Well you know you`re always welcome!!,1
happy mothers day to my mom & all the other mommies / moms to be! have a qood one ladies,1
Bass drum heads breaking equals bust. Who needs tickets for May 15th? You?,0
Searching for Dr. Scholl`s sandal inserts for men. It seems they only make them for women,0
i told myself i wasn`t gonna cry and then one kid that everyone made fun of all year said 'it`s been a good year',0
My cat has been missing for 2 days. I am freaking out.,-1
Hang in there! Drink some hot coco,0
Well. The jag just took a **** on my way home from training  I hope it`s just the alternator.,0
watching Jon & Kate plus 8..can`t believe they`re divorcing,-1
hope this day will be nice as the sun that are upon us,1
anywhere!!! i don`t mind...as long as i`m superman and there`s good music...all is sweet,1
Brian is teaching me soccer!! Lots of fun,1
woah! I Love the new twitter app! So many new things to do. just got finished watching Jon4Lakers video on this and it was good.,1
had a thrilling time with DAS joyride roadtrip! nice driving Pai and Paulo.  http://plurk.com/p/rrg18,1
omg  when do they finish??,0
Ow. Sunburn hurts!,-1
Had a nice pre mother`s day dinner out. Now a cocktail before retiring for the evening,1
excuse me ...theres me!!!  jkidding lol...so how long b4 yr fun night out starts lol,1
been there  sucks like hell.,-1
i dyed my hair back to super black again!,0
I agree about the redesigned Q13 site! Looks great on computer & phone.,1
I actually meant to type 'end of September' but I was in the middle of a conversation with someone and I cant multitask,0
I live in the Philippines. >.< and honestly i wanna live somewhere with snow!!,1
I just KNEW you`d get that!,1
why are matters of the heart so complicated?,-1
i am a freshman in this site. how to update? help,0
real stressed,-1
Ugh going to town. I can never rest!  wants to go to tylers but who knows when i will get back. (exausted),-1
Not available in my area  I would too,-1
Good Morning  Jess here  Just wanted to say thank you to everyone following us  tell your friends about us please  ****,1
_Myst I am soooo disappointed that that is what he looks like btw! The image is gone,-1
Dangit! I just got my Kiss Album in and it`s the wrong color.,-1
Basket Case is mine  I miss it.. Going to have to listen a **** load now,-1
_Brown theres a holy version of hell? lol...i cant stop. i need for it to be a trending topic!  be nice (*whispering #redmango)lol,0
On our way to Disneyland... Without Retsi,0
_  Leiiin I can play the introoo,0
Hi there all! Can`t stay to long have to go to work soon,0
There is a baby cardinal fallen out of its nest. I dont want to get attacked by the mom bird but i dont want the dog to get the bird,0
Im glad i can make sumone smile,1
ready to go home,0
I am watchinggg the new video of  Its sooo good  Addicted!,1
going to second morning of the day... just sleeping for 3-4 hours,0
Tonight @ 10 on The Northland`s NewsCenter we kick off a week long look at Great Summer Getaways in the Northland! Don`t miss it!,1
aww... sorry for both of you.  May the LORD give you strength and rest today!,0
**** elora danan are breaking up  too and im missing their last nsw show too  def need to hit up melbs !! someone come with ?,-1
wish i was rollin with ya,1
I want to go with you !  But I`m tierd....,-1
_OKeefe Yay! You`re on Twitter! You`re my secret celeb crush!  (too much info??),0
hm seems to have been because my blog was marked as a phishing site,-1
its my burfday and i`m all alone,-1
_N - me too!! I don`t want to ooze while speaking either!  (why do I have lame jokes about wiping social media off my shoe? lol),0
I just had a lovely lunch of curried rice and mussels with baby octopus - yum,1
I look like schuhz and arabyrd now...,0
Going to  for lunch today with . Who`s in? I still need to hit the ATM.,0
Happy Mother`s day! Sent msg to mom and got her phone call. I wish one day we can live in the same city so I can take care of her.,1
really?  wooooo! I wish i could go to indonesia! Lol. Hopefully next summer.,1
Great dinner and great friends! Follow ! She is my cupcake,1
- 05/31 marks the end of our roommate era. And you never made me empanadas again.,0
- Jonathan can  you get Priscilla Ahn or Raphael Saadiq on your show - they were fab on the Jools Holland show,1
Cough drops taste gross...blaaaqhhh,-1
is debating giving twitter a proper go. now to try and understand it,0
http://twitpic.com/676tn - Home Sweet Home... I didn`t have a picnic blanket though,0
No sucky,0
...and all woman who transfer their first impressions (sexual/maternal) onto a less `threatening` man -- are themselves as weak as `Him`,-1
Thunder & lightning scarededededed me!,-1
gah i forgot about separate bins. maybe this is a bad idea,-1
is feeling bad  just got bad news about my Mum,-1
is having a quiet mothers day evening... happy mothers day to all the yummy mummies,1
gonna eat pizza. what are you doing??,0
- and yes i like the vids,1
can`t believe i wasn`t following you! am now  have an anatomy prac tmw so tonight i`m all about structr of the lwr limb,-1
Yes man was good,1
Good morning everyone! It`s back to work for me - so won`t be able to chat until tonight - I hope everyone has a great day!,1
Good morning everybody !!,1
my phone is dead  this sucks,-1
i thought you were gonna be at the show,0
That sucks!    It`s thundering here.  I`m getting ready to shut down.,-1
This song is a slap on you face!!  ? http://blip.fm/~5jib6,-1
psyching myself up for the next few days...oh my.,0
Thai food with Natalie. She loves this stuff. That makes me smile.,1
it`s cloudy and damp over here too. i hope it doesnt rain for tonite`s track meet  i`d hate to do interviews in the rain,1
It`s time to be all u can be like the reserves....I lost one.,-1
i need monies.  school is expensive.,-1
Really nervous about my animal rights presentation next period,-1
and you suck horribly  the world is at an even balance,-1
Hello pal..nice 2 c u today...have a gr8 week,1
Awwwww!!!! And the gorgeous photo from California!!! You two make me melt!!!,1
http://twitpic.com/6714p - I feel really emotional  Its been great seeing your pics and keeping up with you.  Gonna m ...,1
get my wii fit in couple of hours!,0
was busy talking with mom and bhabhi.. they liked the cards bro and me made for them  now waiting for sis to get back from Church..,1
Work soon. Lame going to miss the   Go Lakers! Hope you win!!!!,-1
what are you doing here? I thought you were back at work today!,0
Congrats to Dave & Anna! Surprise proposal at the Enzian Theater in Orlando  http://qik.com/video/1638824,1
wish all the mother in the flatworld have a happy & awesome mother`s day,1
poor Stuart...    I was wondering where he was!  Moving day today!I expect a welcome cake or case neighbor .... hehehe,0
hommmmmme! good day,1
You bet!...I`ll be there in spirit (I`m in the UK really LOL) Like the pic BTW ****  x,1
OMG i havent been on twitter all day  going thru withdraws,0
Going to buffalo wild wings to meet up with my best friends I haven`t seen in forever! Too bad I can`t eat the food,-1
good morning!  i hope you all have a good day today!! although its a monday... be positive! ;),1
Hi Ok i hope its head comes out of the clouds for you> i love Meadowbank shopping center,1
I just wanted dippin dots,0
I lOve this day  No school --> studyin` quietly,1
goodbyeeee Arizona. See you in 3 weeks.,-1
nick is so cute in the tiger costume  ahaha it made my day,1
POOOOOOOOR SHEEEEP!!!,-1
Seen the doctor today. Everything was fine! Might go for ultrasound scan just as a precaution,1
I hate when it`s cloudy. I either want it to be all sunny or raining. It`s cloudy,-1
in a very stress mood,-1
fey slays it in #30rock but title of that film sounds bad  #Inbruges is a funny indie little euro city hitman gone bad tale!,0
Staying after school today,0
Currently working on a collab with Alynn Carter called Lost Inside which I`m very excited about,1
Funeral ceremony...gloomy friday...,-1
Bye twitter & FB world! I`m at the San Francisco airport ready to board Air China. Not sure if I`ll have Internet access,-1
Justin is SO warm! It makes me worry when they have a high fever and I go to sleep.,-1
Think of the prize at the end. So sorry to hear that though.,-1
got an A in english again  yay..  but a D- in maths,0
I think I might like Twiterfon better than Tweetie now. Recent upgrades from Twiterfon have been great! None from Tweetie,1
Was supposeddd to hang out with al but her mommy wont let her  now what to dooo? Blah. Hahaha,-1
Just saw G.O.D perform I love you I thank you by MC Mong.,1
_Sanderson What`s with Twatter lately?  Either I can`t get on or the replies don`t turn up!,0
Where`s  poss   i miss him,-1
http://twitpic.com/66u67 after the shot calmin down!,0
had the BEST Italian meal EVER last night! twas godly! i thinks we may get our kitty cat today,1
dang last url went down  ? http://blip.fm/~7aigm,-1
Ahhh My Satz blend didn`t save,0
Ha Ha thanks Tom! I`m such a loser! Hopefully going on the 22nd June till 3rd July...what date u goin? u missing helen?  x,0
it`S freezing and raining here,0
oh! i love that as well!! all of MCR songs are great!  and happy star wars day to yaa xD,1
Right now at my second gig !!! Sippinn on guess whut ? Water  we sta focused we are on the job,1
the worst kind of news,-1
http://twitpic.com/4jj4j - Birthday Breakfast! Yummm- chai & an apple fritter,1
watching freo on a sunday arvo is a good hobby,1
i`m still full from the buffet at palms.  my stomach actually hurts. ugh gluttony bites.,-1
Ever been to a restaurant with over 200 items on the menu?  Lunch decision shouldn`t be this hard,-1
miss him way to much... just cnt stop thinking of him   nite nite folkkz...,-1
No kidding there! Ugh ... One thing I know for sure - it won`t be me showing the property this weekend,-1
EPIC moment! hahahha i swear.. i really wanna see it,1
_ken that sucks  If only I was there to hang out.,-1
loggade visst min 400e cache i lï¿½rdags!,0
is pumped and bummed all at the same time.......,0
omg i didnt tweet all that much today.... *sadness*,-1
http://pinkpawsforlife.org/ - pets get cancer too.,0
Your schmoo is moving? Are you sad?,0
and why can`t toy story come out this june,0
hi from chile!!! It`s 9 deg C  winter`s coming....cant wait for cali sun.,0
im at scotts being a fatty,0
Busy.. Busy.. Busy.. :S Wont be on Ning for few days.,0
oh my god. i can`t do the end of the dance  *sob*,-1
(((HUGS))) back to you - you also have that look!,1
Yes. Need to listen to sad SP-Songs,0
yeah !!,0
No sleepover tonight,0
I forgot I have lumpia and pancit in my fridge from last night! Yay,1
No betta nest  I think despite the heater it gets too chilly at night,-1
LIVE FROM NEW YORK ITS SATURDAY NIGHT!  finally a new one,0
a HUGE SPIDER just crawled past me.  HUGE.,0
The creeping charlie is what happens when I neglect the yard for the whole spring!  Thanks- &  would LOVE to see yr dogs!,0
*points at Facebook message*,0
juss dropped the wife off I love her so,1
tummy hurts,-1
?sucks!?..,-1
watchin family guy,0
The NVIDIA ION-based Lenovo IdeaPad S12 (  http://is.gd/J6Zy ) is awesome.  Fn key to left of Ctrl makes it non-starter for me though,1
omg maddie in holby is dead. Gutted. loved Nadine lewington and really wanted Maddie and Clifford to get together,-1
is sooo confused these days   But glad to be back from Lillestrï¿½m,0
what`s wrong with debbie?,-1
Is still awake at 5AM but for way better reasons.  A fantastic night with fantastic people... and fantastic food!!,1
http://twitpic.com/67tcr - Ouch!! Burnt my arm on the grill,-1
happy mother`s day to all moms out there...,1
Thinks he may have broken his nose at the show,-1
@_C_A_S_ IM MAD IT WASNT SCAREY,-1
Huffy is not having a good day night or life. Poor baby,-1
I cant get all my rwitters on my phone this phone sucks,-1
i want u to know i don`t like u hun  j/p u know we go back,-1
NOooo FB has been good to me..especially for the love of conversation,1
prepare yourself,0
today we say goodbye to the second good friend in a week from dmp  but at least the sun is shinning and I`m definately NOT working this pm,0
I think I may have ruined a friendship this week by getting carried away,-1
its just one of those days....,0
Re-pinging : why didn`t you go to prom? BC my bf didn`t like my friends,-1
I`m inclined to think it`s stupid.,-1
Still gutted that man utd lost,-1
_B_ Shes bad they won`t sort her out and is in a lot of pain,-1
wants to welcome : back to Plurk again!  http://plurk.com/p/rp5po,1
has a tummy ache,-1
lannen fall?    we have a new EP coming out shortly.  I want you dudes to hear it!,0
boo for all the season finales..,-1
Loves Miley`s song The Climb and loves the video  ****,1
_cook Guess I am very shallow then!,0
#bgt It`s a shame that the Dreambears won`t get through,-1
has made up her mind.....,0
having a reli gd holiday .. buh now have to revise  x,0
Is feeling like he has a bad flu. Yes. Bad. Flu.,-1
pool party at sherraton n brodi had  a blast! the friends made the evening bbqd at home with great conversation  funky n lifted day!!,1
Finally going home! Its been a long night.. Ready to crash and have awesome dreams,1
haha May the 4th be with you! Happy Star Wars Day!,1
IDIOTat)tove_liden Th*nks for the follow Tove!  (ddoodm) #IDIOT,0
Conserve water. Take showers together,0
i noticed that you were on the same hallway....****   No worries about the BBQ....I`m hoping there will be more to come!!!,0
wow i`m soo hungover,1
YAY mom bought me the Sakura bodyshop lotion!  <3,0
I do too!! Sounds interesting,1
Hangin with the fam! My head is hurtin,-1
she`s not coming to detroit  only grand rapids in october...,0
you are such a beautiful bride! you`re gonna love the married life. it absolutely rocks! congrats to you both.,1
going for lunch soon  with my fave cuzs,1
Did not feel like getting up,-1
I want to see Drag Me to Hell. But I get the feeling none of my friends will go w/ me,-1
Pfftt... I wish. Don`t have time though.,0
ME! oh wait wrong state,-1
did I mention my BF bubbled the WSOP employees event after 12 hrs with AA  Working doubles  now for the next 6 weeks,0
Hello World,0
http://twitpic.com/5ut6j - aww  he must be an amazing brother!,1
hey u havent spoken to ur london bff for a while Whats up! wish i can vote  brody`s here soon ill tell him 2 vote 4u from me,1
'i wanna go to prom one day   'i wish U can go with me 2 my prom even though im not a guy.but thatwouldmake1of myFRIENDS happy,1
missing loverboy so much,-1
I miss you already. All the sad faces you texted me were seriously gonna make me cry.,-1
love you loads hun ) hot weather gutted i aint with you now chillaxing  but we got tomoz  xxxx,0
'leave the pieces' - the wreckers... hmm,0
THIS twitter is driving me nuts...WONT LET ME DOWNLOAD A PROFILE PIC!! ...guess i`ll keep trying!!,-1
I hope today just flows through and lots of nice things happen at work so you come home happy,1
who cares its hockey,-1
bought awesome shooeessss,1
hope schools gonna be good tomorrow,1
is now going to see his very ill uncle on saturday and spend the night at his house as even more bad news has come up,-1
is at the beach watching Xmen Origins and drinking orange juice with no pulp,0
just got up  Wheres the sun? =O,0
Sunburn on my knees,-1
Twitter criado.,0
Has that feeling like when you want to cry but you dont so you get that empty feeling in your stomach and your throat starts to hurt.,-1
Done. Thank you,1
Somebody please save the polar bears!,1
Just ate way to many chocolate animal crackers,-1
this hiatus of yours is like... really long. Boo,-1
This is true... Clean clothes is a VERY good thing!   Enjoy your day! Love your new avatar BTW!,1
It`s is in the July issue of OXM... so I don`t have anything to link you to right now,0
Friday!!!!!!!!!! Wooo and nothing to do.  Nuggets better pull it off tonight.,0
Ooopps over slept. Is it really 10am? Best get up then and get my shizzle in gear,0
Laying in bed texting. Good night ya`ll,1
I`m excited for the things for Jay`s room to arrive,1
_Seattle I totally 4 got about Golden Girls that is a gr8 Show,1
haha... sorry  she should be in the whole like two people  follows,-1
awesome! What a blessing,1
In pillow heaven,1
We can`t even call you from belgium  sucks,-1
Aww I`m sorry your boys are sick.   I`ll keep my fingers crossed for no tails. lol Stay well youself and get better boys!,0
I am so full. No more food tonight... I don`t want no cake and ice cream at this party.,0
How is it that my preschoolers can bowl over a hundred when they weigh only 35-40 lbs? Today was there last day for the year.,0
look at my background that`s how I want my future date to be like  (well if I ever get him).,0
I wanna see my mama but she hasn`t called me back yet  MAMA...MAMA!!!,-1
_ Oh please mark all toe tweets with #toe.  is trying to make trening topic out of #toe,0
And I want you to shut the **** up.... I really hate living with my step dad. =-\ I can`t wait to move out...,-1
Hi Serena just want to say good luck in Madrid and Paris this month,1
y must i hve graduation practice...all im gonna is walk,0
i misss youhhhhhhh ci! Tell dem japenese ppl to give yu a computer or sumthinnn. Ya twit fam misssesss supa c!,-1
congrads on engagement/bridal shower! sounds like fun for upcoming 'jump out of the audience'  wd love to join in!,1
hate this **** cold. i can`t stop sneezing. and claratyne only works for an hr or 2,-1
Feeling good about our win! Its nice being softball champs  bring on the season!,1
Sports car + curb = flat tire.,0
Thank you and Happy Mothers Day to your Mother also SNL tonight,1
no actually it gets rid of the bacteria and they thaw out nicely,0
_Charlotte We should! There will be another thrown I`m sure but this one will be with my American family,0
May the 4th be with you  I couldn`t resist!!,0
I`m pondering lunch at Shane`s. I think. I can already hear people whining about it...,-1
That sucks man  I hope you have a problem-free weekend.,-1
oh you and  had free drinks?! thats wasup..Im givin up drinkin for a lil bit,0
Going to third,0
SNL after party,0
p.s. i heart your face,1
I hadn`t realised how Long it had been since I was last `tweeting`... Now I`m on here I don`t know what to say  x,0
that`s cold,0
good morning work this morning gutted lol nevermind,0
Defeated by a Polo,-1
all tubes closed on 9th and 10th of june  any idea of how to get to the venue?,0
just woke up from a nap...,0
awww...on ur way out  Have fun for me toooo!,1
you should come over before friday and teach me how,0
Waking up .....working....Happy as can be!  Its gonna be a great day today... I can see it..and im not sore from Running yesterday!!!,1
aaaw... that`s very sweet of him. my girl friends gots to drag them hubbies just so we can 'nite-out'. unless my beer. LoL,1
_north27 http://twitpic.com/4jcjr - Mmm yummy... looks like an invitation to me,1
yes we must I had so much fun at SXSW with you guys  PJ party in my room,1
supp?,0
Will miss my baby for 2 days,-1
Hell if I know.  I`m suffering,-1
you guys ROCKED IT tonight in LA!! Love ya guys and cab wait to see another awesome show soon,1
_Death Well I`m impressed with your technical skillz,1
- me and my mom`s cars were broken into.  I feel violated.,-1
_flores aww i don`t! i guess that`s why it doesnt  (blackberrymessenger),-1
lamentablemente paso  #jrztwitterlunch,0
I brought a buffalo 320gb for 3800...it has the fastest transfer rate for a usb hdd...I benchmarked it at 34mb/s on my comp!!!,1
thanks hun!! I`m working hard over here...  thanks mama!! I yuhh you!!!,1
Another HD - my lecturer was gob smacked by how good our presentation was,1
I hope to take you on that offer one day,1
back to work,0
Date movie with Nate. Most likely Wolverine.,0
yep... or it should b automatic that if u fall 4 someone that person does 2!or smthng like that... but the way it is SUCKS!,-1
There are some great honey based recipes for you & the kids to download  at -  http://twurl.nl/ltlny8 - Join in the fun for honey week,1
o iight we gonna miss you tonight,-1
This day jus keeps getting better and better  FML,1
At the orthodontisssttt,0
learn to fly higher...!  http://tinyurl.com/30tools,1
thx 4 following  r y a band? What kind of genre that y play? Nice to meet all of y,1
i changedd my background  its from picnik.,0
go into an anti-gravity chamber then you can tell gravity to suck it.,0
Arghhh...my korean dvd can`t see..I need to laugh..,0
unemployment line here i come.,-1
it was only once for my big brother...and I`m done now,0
u just got me real excited cause i thought teniece was on twitter...,0
don`t say that - I really miss my red Porsche (sold it 2 yrs ago),-1
Still not asleep. Ahhh  Wtf?!,-1
Shame about your job  have you thought about working for yourself?  there`s big money to be paid http://bit.ly/1864ml,-1
Found out that one great thing about living in Switzerland is the delicious bread - sometimes little things can make a difference,1
Just went with Kerri to her locker for the last time.,0
beating heat with tea?  Try some masala chaas,0
hurray twin girls born on this beautiful May day,1
bad hair day,-1
lucky girl!!! I work all day tomorrow! and maybe even Monday!!,1
no one I know likes boiled peanuts t.,0
_sounds bicycle? Sucks i cant ride with you,-1
lmao I need a shopping partner today.,1
happy momies day  http://bit.ly/Skqli,1
Then what about Domina Sun Girl? I think that fits better.,1
Eatin nachos watchin the game.!  all i gOtta say is LebrOn is a Beast. ! dO anybOdy feel me.?,0
_renee _B Fa real Me n Shay been on the toilet all night Shlda knwn sumthin ws up whn they didn`t crd us 4 our Scorpian bwl,0
Taking the day off and doing absolutely nothing    Studying begins on the morrow,0
Good Morning Twitter Bugsssss 8:48am and my day starts nowwwww,1
Good luck.. I have still to get wireless working post IT6,1
I cried...,-1
Good Morning Folks 13 more days to go! and sadly 2 more days of the Giro  but that means the Tour is not too far away,-1
ohhh yea it is from the same film  and this one had been a fave for a longgggg time... any1 for humma humma?,1
had a great time talkin with Mike tonight for three hrs.,1
Aha the mom super power - guilt,-1
Happy Mothers Day! i hope tom got you something special! enjoy day!  xo,1
http://twitpic.com/5h3ad - And Brazil??? WE LOVE YOU TOO!!,1
Swiped the last package of fruit snacks! Hell yeah. Finished Catch-22. What shall I read next?!? I`m such a nerd,-1
Just lost my internet signal  how will life go on,-1
de wereld need more ppl like you! ;),1
im writing an exam on a SATURDAY  that should be illegal  where`s my weekend?,-1
heyyhoo!heyhey,0
has found that old familiar feeling again.,1
_devi thankyou. i wont but you know,1
Glued to the copier machine today.,0
I make delicious pasta,1
I think that normally we are drawn to people familiar or similar to us. The cougar thing is for some quick fun.,1
Why is it going to be anti-social?,0
i`m bored : hope your wlan will go today!,-1
morning the sun is back!!! me like,0
Hmmm.... My whole body feels sore!,-1
yellow for   ? http://blip.fm/~5z05g,0
loves the smell of roast in the oven - thanks  for the ideas!,1
Applying for part time jobs.  LMAO Hopefully someone needs some help. ~AP~,1
Delayed flight  San Diego to Las Vegas. Why do delayed flights feel sooooo **** depressing!,-1
congrats!!!  I highly doubt u`ll have buyer`s remorse...u`ve wanted that car for a while.,1
i can`t wait to hear your new album. i`m sure will be amazing.please just replay to me  i love you so much!!!!,1
HA ha - how much?  Thanks for starting to follow me.,1
I am in total love with my Lip ring...more than all 12 of my piercings...it is my ut-most favorite,1
cute   Time for a twitpic ;),1
good night! im off to sleeep!!!! 5 am  good mornining! xD,1
Off to work now apparently sun shining not a valid excuse to stay home,0
doesnt want exams next week,-1
iknowww! Not many people know about it tho. So I like to keep it my little secret,1
yeah hun it was a good night  my ankile is even more **** now tho,0
thanks sooo much lil sis! you should have gone with us to the bird park.,1
I can understand the fear. I feel that way about many things. You really need motivation to overcome it. Mine was guilt,-1
goodnight to all,1
Thanking god for after elton for allowing me to see the new TW trailer since work blocked youtube and lj,1
has made herself officially unavailable to her best friend,-1
Sneezing hurts my back.,-1
in science class right now... urgh... stupid project.. don`t wanna go to track after school! too tired!  lol,-1
excited how the jon does will do today  Good luck guys ;),1
This is dumb. I keep losing followers!,-1
The phones are lit up like christmas trees. Go to work people. You don`t have to get everything done on monday.,0
soooo sunburnt  my mum was out earlier so i had to wait for her to get in and fell asleep on the trampoline for 2 hours in the sun (U),-1
I dont think so,0
That post was for,0
On the way to Malaysia...no internet access to Twit,-1
oh no not difficult. It`s just nuts that`s how you have to market yourselves on home turf,1
headed to the hospital. i can`t take the pain anymore,-1
just got home from the show opening.  fantastic. thanks to everyone who came out,1
so I just had a violent fightclub like **** dream involving heavily tattooed ladies. I didn`t wanna wake up.  lol.,1
Saturday Night Live in 3 minutes  Jimmy should still be on it.,0
i learnt something new today,0
Great!  I was hoping to run under 40mins and ended up doing 39:07  Woo hoo!  Gotta love the C25k,1
im sorry. i dont wanna cuz of how u act. u just turn right around and ignore me and all that,-1
woo hoo its friday!! ....wait.... i have to work at the cleaners tomorrow.,1
yer  i hope the competition doesnt end before i post my video! lol but there are some really good singers who entered.....,1
Been invited to join a group in Second Life called 'Ballistic Autistics'.  Cute name.,1
mmmm lauren conrad eeeeep im going to miss the hills,-1
Mmm someone come havelunch with me,0
i feel like watching a disney movie...too bad we dont have a vcr anymore,-1
wasn`t that mother song SO funny? SO wrong but SO funny - I heart,0
Feeling nauseous and can`t sleep.,-1
MY CAR IS ALMOST DEFINATELY GOING TO BE WRITTEN OFF! THE GARAGE RANG AND SAID THE WORK WILL COST 3K AND ITS UP TO THE INSURANCE CO,0
I know you would be successful. And you`re just starting. You would do great in the coming years. Good luck to you,1
Happy Mothers Day!!,1
I was sleep for all that and missed the fun! Hey DG.  lets play another gammme brian,-1
I had fries and an ariZona at 1130 and that`s the only thing I ate today.  feeeeeed meeeeee,-1
My Mom is a nurse practitioner&spent entire life devoted to the field.  The good ones deserve to be recognized! I`ll follow her,1
can u follow me please,0
lol trying to take after her old man eh? Good for her! hehehe very cute!,1
feelin nice after this bottle of bacardi,1
im allergic to cats! my tonsils get swollen and they hurt  what do i dooo?!,-1
Just downloaded parnoid,0
Cannot sleep. 2+ hours of tossing and turning.,-1
both electronic keys stopped working. there is no keyhole! cant get in my car. so much for technology,-1
Im not happy,-1
Funerals are no bueno,0
meeting up with strangers. lol. alone in vegas. amazing.,1
_smith1 wats i got luck for u guys to beat la!! lol i would like to see this best wishes to the denver nuggets but my cavs are done,1
http://tinyurl.com/c33ffv thats what im making for dinner very yummy,1
Hey i`m on FaceBook come check me out http://bit.ly/17jIy8   tell me ur username if you ADD ME,0
Good morning friends. Happy May Bank Holiday.,1
OMG.. THIS ONE??? YESSSSS love this Danny song,1
Oh THOSE messages. Probably not,0
My coffee got cold blah!,-1
I will be uploading soon!    http://myloc.me/FEb,0
Thanks hun! Next time we`ll all go again,1
- thank you - I take that as a compliment if I may -,1
I heart you girls!! Let`s hang out soon!,1
I make that same face when I get home and your mom is watching soaps.,0
_O_ASH I do too plus more happy mothers day Sweety,1
why thx! #webdu I was only at the conf on Thurs,0
Today is my Mother`s birthday- Happy Birthday & I love you! She is an angel whom has helped me so much during this time of my life,1
3 margs. Driving home in the rain now,0
what I do now  anyhoo thanks for the *spank* :-O x,1
Just getting back into the swing...Still sore from my surgery  and tired...Coffee time!,-1
I`m not too bad. Just trying to get by so I can live the dream AND rule the world.   Saving up for a super hero costume.,0
Less than 24 hrs until GRADUATION!!! Going out tonight to celebrate,0
Stupid freshmen ruined theatre class.. Now we don`t get to play warm-up games for the rest of the school year,-1
#HappyMothersDay to all the moms out there,1
Happy Mother`s Day to all my twitter moms (including myself),1
happy mommy day!!,1
A friend uses Logic and I must admit I did like it...but I don`t have a Mac,0
Aha! Well I`m from Ashington and going back to my old school in Sept. which will become Northumberland C of E Academy.,0
is very angrrry! my FB account just got deleted- WTF??? all my poems I have ever written are on there,-1
Everyone we have another hater,-1
I saw that!!!!,0
Happy Mothers Day. Take ur mothers into a special place.,1
hopefully im getting my new windows tomorrow. still using my mums lap... birthday tomorrow eve and facebook doesnt work somehow.,0
I`m having no luck either  Doing my nut in! Who are you hoping to see?,-1
my mum was really happy about her pretty small present^^ oh wow tomorrow we can test one of her presents: one of the pasta recepies,1
Again.. check out http://www.myspace.com/therealfunkymonkey  ....these guys rock this one too  ? http://blip.fm/~5jkbc,1
That`s great! I will have to do the same as I was forced to miss it. I had to leave for work.,0
Home Sweet Home by Carrie Underwood makes me sadd,-1
ok.... tx  it`s so worth the wait! lol...***,1
i blame you all!  got it??? good :p she better be in good condition 2! <33 night,0
I miss you too!!,-1
The balmain knockoffs in bebe make me sad.....I want the real deal...these shoes look cheapy cheapy.,-1
Going to the Gold Coast for mothers day lunch,0
My iPod headphones have gone kaput.  Wanted to buy new ones. Should I buy some Bose instead then? Do they work with Apple?,-1
Aww nice,1
he already got a shot at having his own show and didn`t prove himself,0
I love those creditcard-sized memory sticks. And Microsoft keeps sending them to me,1
i cant call  im at work,0
ugggh idk how to do that  but i only wanna stop getting texts from twitterr  -ilsE*,-1
Ouch. Better get used to it. I think 22 to 25 are prime marriage years.,-1
Exactly! Silent treatment is a great torture method,-1
really want to see JB3D.. cant wait for thursday,1
Going to Hong Kong tonight. Hope I can sleep in the airplane. Worth case I have the last G. Musso to read,0
writing a song,0
gl and say hi for me!,0
epic fail with the chocolate fountain that got CLOGGED,-1
rlly dead?  Descanse em paz... #luto #sad #RIP,-1
1.Tiffany is already ten minutes late 2.Reading Flowers in the Attic 3.Late breakfast at Starbucks 4.Listening to Waking up in Vegas,0
Zapatos for trashcan nachos and then an epic night,1
On my way to CP.. Got some work there.,0
Cleaned. Laundry. Nails painted. Productive saturday night,1
It`s freakin` hot and humid today.,-1
Sad face moment of the day,-1
finally home!! tomorrow is day 2 of 'Amazing'.,1
oh great.,1
Yeah daw. Awww...  Wear a mask na!,0
i want more but its just so bittersweet lol,0
cant sleep again! Been up for ages...,0
Really worth watching at the cinema.  Mum really enjoyed it,1
Getting one of the lil GEM`s ears REpierced after work today- definitely dreading it,-1
hi to all twit friends  happy mother`s day to all the beautiful and amazing mothers out there,1
is helping  making a twitter account,1
CLAY AIKEN? GET ME AN AUTOGRAPH!,0
wants see my friends  ;-) http://plurk.com/p/wxnwa,1
ok bye alex have fun today,1
ROFL.. okay I dont know. but Kristin still isnt here,0
Why can`t I buy the Nokia N97?!? Amazon says 'cannot ship to this address.',-1
time for mimi`s,0
loves it that the first Monday of May is a Bank Holiday!  http://plurk.com/p/roxar,1
Just got confirmed that itï¿½s pizza-time with some ex co-workers on friday...looking forward to it,1
please please please please let my match be cancelled today. PLEASE,1
just a concert i can`t go to due to trials,0
If I 'unfollowed' you - its NOT on purpose. Something fishy is going on with my Tweet Deck !! Let me know if I 'unfollowed' you.,-1
Walaikum assalam...  Alhamdulillah... I`m in Chicago the w`end of May 29th... Are you there? Would be nice to meat... Duas!,1
out enjoying the weather before i have to go to work.. last shift with,1
Hope you feel better soon and check out my cool backround on my profile,1
_x_ATL u mean jack barakat`s?! wow so have u ever gone to his house? Hehe i mean ur ssoo lucky to have the address!,1
31 degree centigrade is much hotter than 30 degree centigrade,-1
oooh sounds yummy.  If you get a chance to take some pics  please add them to the website as we don`t have many pies on there,1
yeah- there was definitely a pillow fight.,0
Doing make up for the school musical this week aaah,0
Hott as Africa lol yeah its hot here too and its a big storm here,0
please?,1
Happy Star Wars Day!!!,1
The sun is out here in Melbourne! Happy Mothers Day to all the mums out there,1
You know what they say about great minds...,0
yeah ill be on verizon... so those are my two options right now...,0
Thanks to all who follow me  ... wish ya`ll the best ;),1
they shall win,0
everything is going wrong in my ' happy day',-1
you are a very naughty woman - we sooo have to meet!,0
I need 4 followers to get 100 followers!!  Fallow me!!!  I fallow you back!! ;),0
Good morning World! Happy Star Wars Day! May the 4th be with you!,1
Congratulations Mr. Jay-el and Mrs. Maricar Chu! Wish you all the best in the world!,1
oh how i wish there were chick a filas by me  i`m definently jealous.,-1
_05 I know booskie. HE is everywhere I am. & U too. Thank u for the reassurance! I love u.,1
http://bit.ly/13f5m0  You are not alone in your disbelief but I am quite happy with evolution. It beats the alternatives posited,0
Found out I have to go to the US again in August. Getting tired of transatlantic flights. Not good for my carbon footprint either,-1
voyed on MTV Movie Awards  Mostly on TWILIGHT and SLUMDOG   http://is.gd/wBt6,0
not a lot!! im bored! My names Crissy BTW lol How u doinnnn???,-1
what happened to my real-time feed? Now friend feed is just like the Twitter website,0
working on the climb season 2 episode 5!!,0
just went to the dentist my mouth hurts and I can`t eat until 8,-1
The Northern Clemency.  But I don`t recommend it.  Too much description and not enough action. Too slow,-1
home.Going to be a warm day on top of it. Is it Friday yet?,0
Is anyone else having a bad Friday? Is not a fun day today.,-1
there`s only one more cherry dr. pepper left in the fridge...thank God. im addicted to that stuff but it does sad things to my skin.,0
Home. Don`t think i`ll wake up at 5. :-p I had set an alarm for 6 in the kids` room & forgot to turn it off. I feel bad about that.,-1
Seems I brought a little Sikaflex caulk home with me... in my hair.,0
TODAY WAS SOO FUN!!  happy bday chrissy <3,1
hahahahah!! 04 would be the chief contributors. lol.,0
#snl...you`ve gotten better  keep it up,1
i dont really know..i saw it on the gadget show about something thatmakes messages easier to find or something thank you,0
i have a yucky burn,-1
sounds like you`ve had a nice weekend lady!,1
would get u some if u were here,0
TGIF... this 'short' week has been wayyyyyy too long,-1
_in_NH night bud,0
apparently so!  I`m falling apart in front of my eyes,-1
you deserve so much better... hang in there good things come to those who wait!,1
Its like I had a power nap.,0
Tired beyond reason. I would rather be just about anything else other then tired,-1
He`s a good lad is wore Phil...  known each other for 22 years now... seems like 5 minutes!!  haha   You ok Hayley?,1
good morning twiggas and twitches  http://bbltwt.com/sciif getcha motivation on,1
Speedbumps suck when u gotta piss!!,-1
would that just eat away at your masculinity? What masculinity did you have? :p haha u`d probs beat me tho  haha xo,1
phone was acting crazy today so i missed all my tweeties` updates  but i fixed it,0
At natalies just finished work. Had the most AMAZING peanut butter sandwhich EVER. <3333 I miss your faceeee,0
my pic didn`t work,0
phil! I miss you gracin ya with your presence I haven`t been on much  what`s new?,-1
http://twitpic.com/4wt8a - pretty **** good friday night,1
haha aww ok now back to bionomial expansion  ugh! joy,-1
BREAKING NEWS: GM shares are currently trading below $1.00 at only $.88 per share!!,-1
Getting very frustrated by people who don`t know what they want... can`t wait to go home tonight...,-1
Thanxx for following me,0
time to get ready for work,0
today was interesting...,1
I`ve read about those. They`re cool. You should definitely get one,1
I`m very sorry for the little disturbance at #SAPInsidetrack in Palo Alto! Just went into a debugging session when lines unmuted,-1
3rd day of pain,0
aww poor precious,-1
I LLLOOOVVVEEE ICARLY,1
: wait till the vacation ends! u shud be cycling a lot then!,0
Its over for them,0
WHAT! That`s horrible! To purposely write about it to a bunny is just mean & cruel!    Not to mention just plain tacky....,-1
urban think fail. chai latte is not good there,-1
i think it`s under a honeymoon by the good life -- either that or it`s under a honey moon by joseph arthur.,0
is tanning with emily! too bad its prob gonna rain,-1
@_Esme_Cullen_  I`m taking a million songs from your blip.fm station thing. Sorry,-1
_shields06 good job!  I wish i worked in a zoo,1
That`s better than Missy 8 telling me I should be on The Biggest Loser,1
Trying to sell my GM stock,0
The photos are AMAZING! What a GREAT subject & way to get people educated about Darfur! HUGS! U are an inspiring woman!,1
on way to work,0
ok .... Here 409 is a cleaning soln .... Blah.... Over and out,0
Excited for today! But still so much to do,1
Friday night has gone too quickly   My bottle`s gone for tomorrow.. come on Everton,1
read your status update & just wanted 2 b sure I was on your follow list  Hope u r having a wondefl wkend Michael~blessings,1
Sweet booth at Newport... But all the people are outside  http://post.ly/hEb,0
Listening to Someday We`ll Know... It`s raining!!!!,0
Loving my new HR monitor,1
Smile. Everything worked out.,1
thanks  I`m holding my mini laser light thingy lol. How are u?,1
Born and raised in NYC and living in Texas for the past 10 years!  I still miss NY,-1
Mm. Goodnight. Going to play Rock Band 2 `til it`s time to watch SNL with Justin Timberlake.,0
i reckon i could live of yogurt for a week if i had a good selection of flavors,1
alright cool. See you tomorrow  thank you!,1
When it rains it pours. Life sucks,-1
Work in that heat is horrible !,-1
caught me at lunch today... you were correct of he stalking me,1
Whaaaat?!?!?  When did that happen?,0
everyone get #buckonellen one of the topic things!,0
PayPal hates me.  It refuses to let me verify my account.,-1
Morning everyone!!!,0
I Sing Everytime,0
heyyy you  LOL wassup mamas?,0
Enjoyed see`n everyone last night! even tho it was a really bad night financially... Cant wait to kick it again @ the drive -ins!,0
have been to portugal. and spain. and has a sore throat. scary?,-1
Rogï¿½rio Minotouro will fight now!,-1
Its a gorgeous day and I`m going to work allll day  Just gotta keep telling myself its for NYC!!,1
Just ripping here.  That ad buy I was going to speak w/you about looks to be on hold for a bit. Company changed hands. :-/,0
It`s still up the duff boo,0
Bryan hasn`t replied about wingnuts,0
Happy Mother`s Day ~ Did you watch SNL?  If not U missed a hoot with Jimmy Fallon,1
Oooh! goodluck for the rest of them,1
Weather is back to being great! Shame I have to wait in for my delivery,0
almost died. Laptop screen was set to 100% brightness after I reinstalled Windows Vista. Got a headache now  #insanedefaults,1
awww. If I coukd send it from my phone I would. What kind of flair would you like?,-1
loves twitter (Y) 38th post. mwaha  x,1
nice clutch,1
Gone have my ears on it when I am at home ..plenty of painting for you as well,0
Back in Athens! Had great time in Budapest,1
that frenchfry-corndog looks so delish! I WANT!!  Welcome back to Seattle!,1
The 22nd can`t get here fast enough!,-1
Sitting and waiting and hoping this lady would hurry the hell up... I hate moving... It super sucks...,0
Jumped on a train to visit or rescue my mom. Totally forgot my sweatshirt  And forgot to bring my make up! First time ever forgetting :/,-1
No I haven`t made my page yet.  Had to work,0
well gracias  haha and why is that? the plays?,1
yup then we are a day older,0
I`m really full. Had a HUGE breakfast.,0
Bummer... I missed Taylor Swift on the Today show!  Those were my only plans for the day!!!,-1
Well its a good thing ``march`` wasnt very long and i didnt like it...cuz its deleted. Ugh,0
i wish i could find my camera cause i really wanna record some too...,1
I saw the sun..... but then I blink and it was gone,-1
Friday has a whole different meaning when you have to work Saturday and Sunday,0
a bit worried...,-1
YAY to som1 i no on twitter...slowly slowly rest of the grade will come around...hah  i hope ur ready for my constant tweets!!,1
I`m still thinking ... Idk,0
Standing ovation for Wieters. Nobody was sitting down. Insane. Hit into double play though,1
I envy everyone on AOTS...,1
and before i crash Grilled Chicken breast w/ reefried beans  Gnite Twitties,0
Off to class .... Longggg day,-1
my sunburn hurts,-1
I dont get how to use twitterr!,0
I`m always the last one in the office....especially on Friday,0
Happy Mother`s Day to all the Momma`s to be and Mommas currently.  Have a wonderful day!!!,1
WOOOOOOOOOO   are you coming to Nottingham at any point?  lovelovelove<3,1
HAPPY MOTHER`S DAY TO ALL OUR MOMS!,1
What do u see in her that i dont have,-1
Guy coming to see my car is late,0
enjoying my new car,1
I cancelled a run in favour of... staying in. Wish I monies for pubulation tho,1
my sleep pattern is screwed i need to try and stay up 2 midnight so i can get some decent sleep coz i havent slept,1
Jeff was right! Call of Duty pwns. Now i just gotta figure out what to do with this xtra copy of Wolvarine I bought earlier this week.,1
Josh just called me a big bucket of ugly  wish me luck for my audition tweets!,0
_shines92 aww that sucks,-1
back home with my puppyy,0
wow. someone`s proud of me.,1
Stress-free is the way to be,1
Officially drugged up and taking a nap. Allergies ain`t no joke. Never had them this bad since two days ago.,-1
miss your smile,-1
_anstee i hope! its in expo! that would be amazing. im trying so hard to make perfection so it is.,1
u feeling urself so much u cant say hi???  me no likey u,-1
happy mother`s day! I love you mama,1
Its so sad,-1
Going to the courthouse to pay for tags & taxes on all our cars...this is gonna be expensive.,-1
Sooo.....I`m kinda o sick n tired of the bs that guys dish out  !!!!!!!!,-1
i looked for you but couldn`t find you amongst the crowd,0
people are pathetic  how do u know some one is trying?,-1
I wish the sun would come out...I guess it doesn`t matter since I`m at work and can`t enjoy it anyways,-1
love those ****,1
yes indeed                                                                                               here I am again,0
don`t see the link on my web interface,0
Why kiss the feet of the people who kick you when you can be anything that you want to?  morning everyone! Hope you have the best day ever,1
oh em i`m sorry  i wuv you to pieces,-1
that`s so weird seeing your MySpace page without me there! Had to delete my page though.,-1
recovering from being sick ... anyone want to bring me soup?,1
Dude you are awesome,1
wo coffiees to go pleaz!!,0
i hate the biatches of this world,-1
my teeth and head hurts,-1
This is the last time to get it right...  hello loves....,1
had an awsome salad! I recommend getting the Spicey buffalo chicken salad!,1
This is what I have to give a 7 day old baby  poor thing  http://yfrog.com/6pwwlj,-1
I kinda want to smack that darn skeleton though.,-1
What happened? I`m afraid I missed a large part of the story,-1
after I said hi how are you she did at double take & left. **** it I should have let her look around first,-1
Just back from graduation.  Two more doctors in the family now,1
reaaaallly bored,-1
dude!!! wtf!! I text you this morning so that you can take care of me! so uncool..... it`s confirmed... you hate me,-1
this sux but took like 4 minutes. going to sleep finally  http://img36.imageshack.us/img36/4603/iprevailedsig.png,-1
Off to school so tired didnt hear the 10 texts i had last night lol !! Still tired but i love Jesus Christ,0
_Uh_Knee,0
I know how you feel.  Takes far too much time out of my life!,0
Thanks!,1
Thank you. I needed that,1
ooo enjoy  and thanks for looking out for ours,1
im gone miss ya`ll Lol.don laugh im serious.its bittersweet. lookin forward 2goin home but cant wait till nx semester!,-1
Why doesn`t Twitter extend the number limit a littttttle bit? Until 160 atleast?,0
Dangit...cuz of this weather the house painting is going to be dragged out till next week.,-1
I expected it to be warm as usual and now I`m stuck wearing a sun dress on a cold day,-1
had an amazing time dancing to DJ Dan at Ruby Skye tonight. And I`m still looking for that roommate in SF if you know anybody!,1
very impressed,1
yaaaaaay i get to see you too   looking forward to cupcakes and fun.,1
Finally get to lay down for a bit i have a major headache,-1
_peter let`s smoke and watched dazed and confused. that`s a perfect pizza movie too,1
Officially out of my apt  Learned some stuff about the crazy neighbors that used to live across the hall....scary!,-1
wow i just slept till 2pm..again... good job me,1
Wallace and Gromit is on bbc1,0
_Roy i tell them it`s facebook minus everything but the status updates.,0
Reds win! Great end to a great day,1
=o YOU SAW FLEETWOOD MAC! I`m insanely jealous. I don`t have enough money to buy tickets.  I think I`ll never see them. =(,-1
Printing from Opera gives me a much better result (but printing to PDF it names it _stdin_.pdf) - always gotta compromise,1
Here`s  and  at our evening drink on Thursday night in London.  http://twitpic.com/4wrrp,0
HaPPy MothErS Day!!! Feliz Dia deLAS MAdres  mine is already in Heaven.. =( Miss you...,1
New pickkshaa! If it`s really big then it looks MILKY!  YAAAY!,1
Pretty happy with how things have changed over the past 2 months...definitely for the best,0
I concur with ! It`s priority on today`s to do list  http://twitter.com/karasw/status/1695368792,1
macbook dying. switching to iphone.,-1
needs to see a band live.. **** Blink for not coming to the UK this year!  ..anyone wanna go see Billy Bragg or Colin Blunstone with me?,0
don`t get impatient! for what? you have already sinned: strawberries with milk and sugar,-1
Ugh! I have to beat this stupid song to get to the next  rude!,-1
gmail,0
I`m trying really hard not to hate you.,-1
michael scholfield is no more. He is dead. I am sorry,-1
Umm..ok..just don`t start cats on fire..  ...promise,-1
omg i was so nervous last block. i had my speech and i almost puked. it was horrible.... i bet i got a bad grade on it....,-1
isnt going to the movies!! i got grounded,-1
listens to MSI and bakes banana bread. How weird is she? Remarkably not so much anymore.,-1
Kyle can make fart noises with his armpit,0
hey mate fancy finden you on hea,0
At t.g.i fridays  With some of my favorite people ever.. We made a reservation for 20 and we have like 50 people here. Hahah,1
I want some ice cream,0
I should be sleep. I have to wake up soooo early,0
I am parked in FS yet no ticket.,0
sunnn finnalllyyy!!  aint slept :| need some sleep,0
my tummy kinda hurts!,-1
haha. Okay.  have fun with that. Haha.,1
Ben I Love yahh babe <333! i miss you hope to see u tomorrow  Mommy i love  you tomorrow happy mothers day! happy mother day to all moms!,1
tried to do something funny on twitter but failed.,-1
its bout smoking weed,0
Carol Vorderman cancelled her interivew with me... so now I have no proof against all you non-believers!,-1
i hate parents,-1
Wow one of the nicest patients I`ve ever had! He`s being deplyod to falouga-Iraq n-week,1
I found out thro mama,0
_ no idea what that means bb,-1
What To Say?,0
last day of classes!!,0
I just heard that Regina girls song @ les deux! And I think u should/have 2 come back 2 mc! I miss u,-1
Good morning to another too late sleeper .  One of my excellent designers is Valerie (see ) picture,1
iced coffee and vanilla ice cream UBER SICK MIX,-1
playing my new ds lite!    Love it!,1
thanks.. that was quick..,1
Ugh RUDE!..,-1
Done! Finally.. Yay.. Now I can relax for.. Well one day ;D haha..,1
I`m bummed that I didn`t get TEDx tickets,-1
Mothers day in 45 minutes west coast time.  Happy Mothers Day to all the mothers out there,0
home from work today.....son is sick,-1
not really in the twitter mood today... i don`t know what to do,0
Assembling/ figuring out this new alarm daddy gave me - SOOO loud  I think I blew out my ear drum,0
me too! Yay he got in. And the other kid who cries a lot,0
can you follow me please?,0
I`m grounded til tomorrow. Sorry to anyone I made plans with.  It`ll have to be tomorrow. (annoyed) http://plurk.com/p/x332r,-1
would like a hug and a kiss from Eric. Long distances really really stink,-1
Not us as far as I know  hee hee. We`re thinking a few more years first .,0
I still want a Smartcar!!! Don`t they have the most wonderful designs ever?,1
IKR?! My mom got it for me a birthday a few years ago. Tis the best,1
morning. hope its a good day despite the revising,1
back to athens. ????? ? ??????,0
Can`t wait to go to bed,1
exhausted and sick... my face is greenish,-1
hey sorry i just got the tweet about the puppy... and someone already got it,-1
Is actually workin the weekend...Not for it,0
ugh some stupid teenagers just showed up. My peaceful time is over,-1
You are always amusing.,1
at a auto shop getting m suv fix ugh more $   http://twitpic.com/66of2,0
I heart Mela so so much cept last time I went they booked us in on the Saturday instead of the Friday and wouldn`t feed us,-1
back home early for once  - wow this thing is getting addictive..................**** u phil XD,1
**** IT!! _____________,-1
Clambering about in crashed cars. Hilarious fun,1
i never knew a dentention was so hard 2 get,-1
Happy Mother`s Day to all the Mothers! Especially mine!  Enjoy ya day mothers!,1
LOL I love my MacBook too. Oh and my iMac. Can`t decide which I love more. OK 24' iMac trumps 13' MacBook,1
oh well   Its great to see the canadian math trades getting bigger though.,1
_ - hey there.    How was your day?,0
Exhausted after coming home from a swim this morning! It`s more tiring than I remember! HAPPY MOTHERS DAY,-1
Good morning  hope u all have a great day,1
I love your show! I`ve subscribed and following your tweets. Can`t wait to see more,1
16lbs is still a huge achievement though,1
Thxx!! I was in the bathroom when you said it..,1
Waiting for tish to get off. Got to drive my moms CRV to pick her up all my myself and duckie. First time,0
Is upset that he didn`t get his 24 fix tonight,-1
is feeling rather lonely and broke...oh wait...I am lonely and broke.,-1
Lan Poker is so much fun!!!!  Someone help me remember ki compre chal raha hai abhi!!!!,1
Here why I like jeans  http://tinyurl.com/csbo8s,0
i know  but the weather`s clearing and suppose to be nice sat and sun,1
Lunch sucked ran out of time  didn`t get anything done,-1
Looking forward to android 1.5 being pushed to the G1 then?,0
Writing some mild and wild articles,0
follow?,0
@__Jazz__  nope. Back to 8weeks .... *sigh*,0
I sound really Brummie lol but most of all I just hate looking at myself!,-1
My Monday has been going extremely well. Not what I expected at all!,1
oooh that`s clever. I bow to your economic wisdom sensei,1
I`m glad that all got cleared up.  I lah you!  Idk why Linda hates me though..,0
My attempts at writing tonight seem to be failing.,-1
Lost at bowling again  why do i suck,-1
i am a bit more curious: how much did you pay for it?,1
i bet they will be great bags! Can`t wait!,1
I LOVE music!!!  I like almost everything!!,1
my HD is full. need to cleanup a lot,0
new golf VI TSi 160HP is fast!,0
awww lol yh it is worth it-  mcfly are worth it 2  eekk,1
oh godddd I coughed up a little bit of taco,-1
Im on my way to brookings,0
at home sick,-1
awwww i have no internet right now....  -drummer boi,-1
happy mom`s day,1
Just read that message about u being at Stephanie`s in Greensboro.....love it! I miss my home!,-1
4 more followers.. follow me and I`ll love you!! *pouts* Please?,1
sorryyy milerz that i can`t vote i would love to vote but it doesn`t works i`m sad  and very frustraded  :@ :@ --__--,-1
They just layed off 23 teachers in the city near me  I wonder if I should be thinking about not going into that jobfield...,0
Worried about our Arabelle. Tweet please. Or text.,-1
dad`s been having fever since last nite and needs 2 bottles of blood trasfusion..loaded 1 today..1 to go tomorrow.,-1
_intruder well said...please take him off my hands..i can`t cope !!!! Set that fox on him,-1
I`m feeling better now that I have something in my tummy,1
hahahha but days off are cool when nothings open  its like isolated and haha cool,1
i`m having a hard time using hulu  have u heard of anyone having problems that uses windows vista?,-1
Babysitting. Text me and keep me company,0
Finally upgraded to Spotify premium - exceeded my threshold of awesomeness some time ago. Now where`s the iPhone app & remote ?,1
Finally got my lil monster off my hands so I could run errands and now I gotta do them in the rain!!!,0
is so gutted she can`t get tickets for pink!,-1
ahhhaaaaa is gunna get straight back on it!,0
no not that expensive  windows or linux,0
listening to jubey snoring on the phone  hehe goodnight,1
did you get my text?,0
_k_renee On a Saturday? Not so cool friend. Same job  Different position! Let me know when your in town again!!! Miss U,-1
thanks  lyxxx,1
maybe she`s funny like a jester,1
happy mother`s day!!!,1
I`m sure you left the audience awestruck Katherine. Looking forward to reading some wonderful reports.,1
had a funny time at neball against PLC  score: 48-3. what a game.,1
Up and packing. Its the last day of youth camp,0
I don`t think I`ll ever have one of those again,0
SEND ME THAT PHOTO MAN  ily favourite,1
Jane is really sad because she probably won`t get perfect on tonight`s quiz without the missing article. Should`ve asked someone for it.,-1
Yayz! Today`s is the day I call and see if I got that job! x3 I ish so happy... even though I slept horribly... So I`m kinda drained...,0
Trying to fix my background,0
why have 3 people stopped following me  is it something I said??,0
I don`t get as much time here either. It`s going to get worse now that the girls r home for summer.  It stinks.,-1
I hate hiccups,-1
I  have a visual.  I`m smiling.    see,1
Ok... No one was interested in my special.   Now the popcorn is stale! What a waste. I`m going to find a homeless person to give it to ...,-1
Finally able to get Flight Control for my Ipod. Best game app! 123  **** choppers lol,1
cool  what did you get?,0
Watching wizard of waverly place,0
Three-quarters through I believe. Will not finish tonight.  I blame errands and a certain loud at a bookstore.,0
lmao i get that alot  haha,1
word to yer mother!!   \m/,0
I wish I could be AT work as opposed to being wit the kids cuz it`s the hardest job eva,-1
i went to the doctor. i hav a virus.,0
shift time  bbye biochem waaaaahhhhhh!! http://plurk.com/p/wxizo,0
junk food and movies in a tshirt and sweats.... the only way tonight would be better is if I had someone to hang with,1
Goddamnit! If we live in an age of constant communication why can`t anyone return a text,-1
I don`t think I`m very well. Just in time for the weekend,-1
Anyone else go train tripping on National Train Day?  http://tinyurl.com/p2l88x  Leave a comment of your adventures on the site.,0
cant sleep  so tired! goodnight... maybe :/,-1
I wish the sun would shine. but it won`t,-1
pleeeeeease pleeeease make me a dj drop,1
I was feeling guilty about buying a luxurious pair of shoes yesterday until my house mate just saw them and got over excited,0
now there`s a fly in my room,0
haha you have a better life than most. we should go get drinks again soon. jury duty has been boring,0
I want to go back to school too *sigh* - but I am too poor,-1
Will we see you guys in the Philippines?  That would be the coolest thing ever! Always wanted to go to one of your concerts!,1
either my inerne is **** or my mind is but i`m pretty sure that it`s the internet,-1
Friends in Ent Industry have said it was really really good.  Hopefully I can convince my wife into a date night  #hhrs,1
Roxie is not feeling very well  http://apps.facebook.com/dogbook/profile/view/6878284,-1
Last day at work...Sick to the bone,-1
Will certainly do that.,0
lol! l love your tweets! Keep them coming,1
srry can`t go paintballing tonight  and there are no good movies out,-1
its too early to be up! wishes i could sleep in today,1
I`m SO jealous! I don`t know when I`ll be able to see Conan.,-1
Boredddddd Follower  Shes AMAZING!!  *Broken*,1
Grrrrrrrr................,0
why does my body decide NOW is a good time to wake up every morning at 8?! Maybe Dean will wait for me in my dreams...,1
home! tonight was so much fun! goodnight twitterbugs!,1
Got Six Feet Under series 1 on DVD,0
I`ve had a sore throat since monday morning ...I`m just sick of it hurtin and I want some freakin sleep!,-1
Not going to the dance recital and now i feel like a piece of **** cuz it cost so much money,-1
_TRUESDALE lmao! you a mess.  Im gonna be in ATL in a few weeks,-1
Two week extension on contract ... I`m ready for it to be done,0
VCenter is screwing up on me today.  More specifically the MSSQL server that it connects to.,-1
My moms calling hospice 4 great gpa  its only a matter of time only God knows.,0
getting bored of walking up and down the stairs,-1
Trying to figure out how this works  ... BOO,0
you`re so lucky. we have 6 weeks until summer,1
Psych has to be better than neuro!  Or at least in a better part of town?  I miss you,-1
How come everyone seems to make so much more money than me.,-1
CONGRATS !! I just KNEW a princess would win!!!   #sigjeans,1
yay but u have no idea what you look like,0
Not yet... sorry,-1
oh good luck on the movie,1
SANJAYA FOREVER! HAHAHAHAHAHA!!!!,0
sorry to hear that. Is is a 365?,-1
Cool rite?,0
i dont noe what to eat for breakfast hmmmmmmm im so hungry,0
why does  never reply to mee  he must really hate me :l,-1
Greys Anatomy is so fuckn awesome atm!!,1
It`s ok now ! I`ve cleared my cache and everything is fine,1
lol! I thought it was pretty funny too!,1
when I tried to go to her`s I got this message 'That page doesn`t exist! ',-1
Why did sound input for my computer stop working?  It`s not the mic or jack (USB webcam mic doesn`t work either) Checked input controls.,-1
that was the class I was keen on. Guess I have to wait for next summer. bummer.,0
Hi : Found you through . i am indeed a pigment of your imagination,0
last day off... back to work tomorrow,0
Can`t figure out how to reply on Tumblr sorry! I don`t get into NYC until 6/4 so I can`t go to any events b4 then,-1
you`re missing the devil wears prada!!!!! sad...,-1
Alcohol makes me tired. And I miss and want him so much. It hurts,-1
For   ? http://blip.fm/~5jbp3,0
is about to eat a hot link torta!!,0
Fantastic experience!,1
boring. i wanna go for taekwando,-1
FINALLY DONE WITH MY PROJECT !  now its 3:12 am  haha goodnights ! <3,1
yummmm make sure u leave some 4 me im home cleaning up working mad hard,-1
No churchill downs for me tomorrow,0
is wondering y Mother Nature is making my life miserable,-1
more seo voodoo  Google has your cache. NOARCHIVE only hides it from users.,0
I miss him soooo much  not gonna see him for 2-3 months,-1
ready for the weekend and sad that I have to be at the office again tomorrow morning,-1
- so sweet  why aren`t you out livin` it up this saturday night?,1
Cause these stupid people dont have my phone and my tummy herts,-1
that sounds great right about now. It`s ridiculously hot in my house,0
girl talk is awesome,1
Aw Yay,1
addict? Me? Okay I admit I need help  BUT... I have been writing hits big bro. I really really have *smile*,1
I wish I could spend my last weekend as a high school student in burbank with everyone and not fly off to dc,1
but mum just burned some bacon... smoke alarm`s a ****,0
Food @ Cheesecake Factory w/ Travis. He lost his passport btwn SD and LV.,-1
good morning tweets,1
Just got off phone with Black Swamp Bird Observatory - No reports of Connecticut Warbler from Metzger or Magee today...,0
Thank you!!,1
Lula is not feeling well.  http://tinyurl.com/m8kcsq,-1
Dreaming about cuddling your lady and waking up alone isn`t fun,-1
i have the adam lambert version of FEELIN GOOD in my head... i miss idol already.,0
http://twitpic.com/67318 - *sniff* i feel so left out!   *grin*,-1
forgot she had a Twitter account.    Happy Mother`s Day!,1
Ok hubby really isnt going to be logging off anytime soon  what to do what to do?,0
FREE UNLIMITED RINGTONES!!! - http://tinyurl.com/freeringring - USA ONLY - Awesome 4 iphone,1
We`ll miss you ...   Those lucky Edmontonians!,-1
Am trying to get through the pilot of the first season of friday night lights. Oh gosh  Pass the tissue...,0
Having fries plus greentea. Mmm  - http://tweet.sg,1
Hey  sorry about your headahce,-1
my followers went from 22 to 20  i`d follow you back but i cant do anything till i get interwebnet! I want more followers. Im interesting!,1
Smiling!  These guys are!    Turn up your speakers and SMILE~life is good! http://www.imtiredonline.com/smile/,1
heyheyheyheyehyeyyyyyyyyyyyyyyyy noo tokio hotel tshirts im friad omg shame,-1
death cab for cutie and slouchy barets  its a good way to start the day.,1
_Rocks Just spurted Fanta out of my mouth laughing at that!,0
I`ve lost my pocket knife  Suggestions for replacing a Ken Onion Chive?,0
That`s why i`ll be sticking to twitter clients.,0
yeah exactly the fans overpower the haters anyday u know wat do wat u wnt i dnt even care anymore i know the truth about them,-1
don`t want to go to work tonight,-1
Done some book signings in Manchester. Nice people up there. Enjoy the week.,1
Girls are confusing.,0
Just checked my bank balance. I spend like a millionaire despite the fact I am nowhere near as rich as one.,0
that`s sad. Trauma... Future serial killer...,-1
Happy mother`s day everyone! still playing pet society!,1
****. It`s raining again,-1
going to london,0
I`m just following you because we`re both wearing Converse,0
I`m saying my goodbye to my car for the next 2 weeks  I`m gonna miss it!!  Its going to come back beautiful though!!,0
You can`t.  My Grandma will probably be on the phone. So get on AIM!,0
im really sleepy and i want to go to bed...but its upstairs and its a mess and i know im gonna have to clean it  nooooo,-1
no so sad about that  i`m from MALTA have you heard about it ?,-1
A Happy Mother`s Day to all moms and soon to be mom`s out there.,1
the globe theatre rocks.......nothing better than romeo & juliet as it was supposed to be watched,1
Stunning weather today/this afternoon/now - couldn`t ask for better!,1
thanks gourmetcook! But cold shower wouldn`t help.,-1
wasn`t much of a debate,-1
'I want you in my mouth and my **** b!tch' mm jeffree rawks,0
I think that`s what`s wrong with me.  Stuffed up and when I breathe in it feels like a sore throat,-1
First Natalie and now little Holly. This is mean,-1
FALL ASLEEP ON ME AGAIN  But I know how it feels now LOL. Drag Me To Hell tonight! Quite excited,1
_58 I also like `Aasman ke paar shaayad`,1
Something strange in the air lately. Been setting everyone on edge. Going to do a good smudging of the house. Good to do those anyway,1
I`m so freaking afraid that once again I`ve managed to stick my foot in my mouth and scare yet another person off . . .,-1
thanks  you`ve been quiet lately!,1
Happy Mommy`s Dad Mommy  watching the football  Yay The Eagles Are WINNINGGGGG  they better keep it up *sigh!,1
just took the Terminator trilogy :-D but what I need is actually TV series and I still can`t find anything tempting,-1
I kinda forgot how much I love the darkness,0
im trying to fix myself really but i need to stop cutting myself,-1
MORNING!!! Hope you all have a lovely holiday Monday whatever you are goin to be up to!,1
Round two of Vega: Vanilla Chai flavor.  Just realized that I have only 45 days left,0
new neighbors are moving in.... off to give my brazil presentation that i shouldve given on wed!!! but some people went overtime,0
good morning from Lincolnshire. I could use some exercise also,1
Hey Tom. Have your plans to make an concert in Denmark this year?  please reply ****,1
just found out my friend`s dad passed away yesterday,-1
Well im hving another one today yey,0
and Boat is dining Bones in Peru - double,0
Happy Mother`s Day to all Mums on Twitter,1
i dont feel very good,-1
Sitting by myself. Everyone took the good seats.,1
I feel really bad for female racoons with abusive racoon husbands... when you always have black eyes- no one can help,-1
jungle book 2 is sooooo cute.. i have nothing to eat or drink,1
watching Star Trek and next to watch it at the movie theater `cause the movie is really worth it...,1
and it never arrived. have to wait until Monday now,-1
Please read my blog http://amandallynn.blogspot.com/ I`m not having the best day,-1
I know!! our cats could be family  mikesh is so cute!!,1
Hate I am going to miss the tweet up this weekend,-1
I don`t wanna be single the rest of my life,1
Scrub and moisturize... doesnt even sounds like `showering`... maybe u should be inclined to follow me en. rephael,0
he he! I will send it thru anurag,0
ummm. Idk. Courtney`s date is hooking us up.,0
May the 4th be with me today as I round off the weekend with one more session - happy 4th y`all from the Fintster,1
Pineapple rocks bud,1
Had a long day at work. Stood home. Now sleeping to have another long day at work tomorrow & happy mothers day to all mothers,1
Lol yes she was.  I totally agree with your blog as well!,1
apparently!  Haven`t tried the site tho. Maybe will get better results.,1
hut myself in the face with a hammer earlier by accident  obviously it hurts.,-1
oh! so this could well be your last post!,0
not helping!,-1
_bum lol *30 minutes slow* in a sec  i was just having fun tearing down old posters and putting up new ones,1
Saw the new Star Trek movie the other day. I strongly recommend it!,1
on the way to kuya jordan`s house for an O`s sleepover  !,0
can`t figure out at what time(french hour) the new moon trailer will be up since I can`t watch the MTV movie Awards from Paris... ?,0
That`s just how babies are  Their little rhythms are still in sinc with when they were inutero.,0
pacquiao fight was fun at home wif fam and melissa sat.    today was a mission to ikea. srsly 4 different freeways to ge to burbank.,1
any gear you don`t use anymore and want to throw away?,0
pandora is blocked at my work  bummed,-1
life is so boring without you,-1
Yup I stayed until the very very end  Exciting!,1
Is watching Bruce almighty,0
_aka_Rowan he could be talking to me  (he`s probably not though ;) ),-1
I am soooo saying this phrase now 'Stop be so false' thanks to some  'hater'/yoda person!  Goodnight and stop be so false!!,0
aw. wasn`**** sad?! give ginger a little pat on the head for me!  mwah!,-1
Finally reunited with my Hunny bunny_0802 I have him for a few days b4 he leaves me again for another week away @ work  night!,1
Missing my morning work out cause my bench press is back in Jakarta  goodluck diga! Test will be easy peasy! Hehehe,1
Okay. I`m all out of ideas,0
OMG - the M&Ms in my pantry are calling my name. I`ve been ignoring them all day. It is driving me completely insane. Too many calories,-1
up and at work im ina good mood,1
_bach Thank you for YOUR positive energy + contributions here!,1
gaahhhh! i want my #comet09 stream back...,-1
in class sick and hungry,-1
Just got Dailybooth and not sure what to do. It`s confusing!,-1
I have to go to work now.,0
- I`m not letting Reach sink. Thats for sure. I`m still presenting and joint HON! Owens Mon 8pm-10pm & I`m Sat 2pm-4pm,0
CongratulationS. Great funky site! U did it waaw,1
How much longer is the NKOTB Block Party? Love it! I need to go to bed so just wondering what time it`s over..LOL..thanks!,1
Charley horses in both legs all night. What the ****?,-1
Lol Only if you make me that cookie.  I`ll hit you up.,-1
-- Omg I can`t believe jay leno is going off the air  I HATE CONAN O`BRIAN,-1
My husband is loosing his GOVERMENT job due to downsizing-he is looking for a new job but can`t find one in our small town,-1
Happy Mother`s Day Mom! I love You!,1
UGH! I have GOT TO STOP biting my nails  grrrrr,-1
Twenty minutes on a **** call you would think that the person would mention there is already a trouble ticket investigating the issue,-1
Weekends are Great....if you don`t have to work them.,1
haha so your having father daugter bonding time? Lol anyways I g2g work get on msn later I`ll be bored  x,0
me.  confused about a guy...he`s great but why am I pushing him away?,0
working on short story...totally loving one of my secondary characters,1
you`re in London?! Wow! I`m near there,1
Aw. Torn ace of hearts  #Hunchback,-1
sitting at home...need to be pricing the garage sale items...but i have no help so its boring by myself,-1
Don`t we all!,0
At pool in Orlando got new kicks  going to seaworld tommrow miss my best friend,-1
sorry to tweet about BGT but poor wonderful crazy weird Greg  so not fair. the silly little girl is never going to cope. urgh. NOT FAIR.,-1
im home alone in the house and imma scared  x,-1
loving that spring definitely seems to be here now,1
@ the San Antonio Missions game waitressing. Not a huge crowd.  Meaning a slow game.,0
cheese and onion! or as my father says `cheese and minging`,0
thank/ u guys so so much for helping me out on the followers thing! but im probably not gonna win cause i dont have 100 followers yet!,1
seriously getting hurt.... 4 days before nationals.. what a joke,-1
Chemistry is not fun..,-1
I hate you,-1
i feel really weird,-1
geez why do u have to be SO obvious?,0
woke up way later than I intended to today  Need to start getting to bed before 5 a.m. b/c this will be a bad habit to break later,0
fell asleep with techno songs on shuffle. Loud.  Its been on for hours. Im too lazy to go turn it off. He has like 800,0
have you watched Persepolis? Broken English is also nice for sundays,1
I would if I wasn`t working today.,0
Oh that can`t be nice,-1
Not quite sure what ace of cakes is or are. Gosh I`m tired. Loved bride wars. Fun night.,0
My whole immediate will be in the same city until some point tomorrow afternoon. This is monumental,1
I know... just when I was starting to think this break-up was gonna have me up all night tossin and turnin.. no ma`am!,0
I don`t want to sit at home on prom night. Someone hang out with me,-1
Watched Kunguma poovum konjuma puravum... Liked it very much!  excellent cinematography!!!,1
HAPPY MOTHER`S DAY TO ALL THE WONDERFUL MOTHERS IN THE WORLD!!! myself included...,1
oh ... you`ve been superseeded?  not good enough,-1
never noticed that before but you`re right! guess that`s because my heart is always dreaming of travel...,0
Finally home after a big of travelling!! ahhhhhh now time to realx!!,1
Already know I`m gonna miss josh next week.. My mom needs more surgery.. Work sucks.. Not a good day. Oh and my tum tum hurts,-1
Yikes. That poor girl on BGT. That was quite hard to watch,-1
er yea am i doubly awesome now?,1
omg... i want full JB- hey baby song,0
my dog ran awayyy,-1
mozart`s requiem!,0
Just got it a few hours ago! So not yet!,0
THANKS,1
_ A blouse! ahahaha I gave her money and she went to get it!  Where`s your mom??,0
enjoying my coffee with this super delicious cookie,-1
yay!,1
Healthy Wishes. I may just start saying that.,1
nice weather..looks like its going to rain here in # Delhi.,1
whoops...  not  in my last tweet,-1
is busy creating a new logo for my  site,0
is satisfied with her FP`09 review,1
If my phone dies I will die too!,-1
I follow u lol,0
is chatting with Willy Valdez about comics,0
I knew it! I use to love that show too  Happy weekend to you too!,1
My last blog http://blog.spiritualsmarts.com/2009/1560/ is being published on Web Digest Weekly next issue!!,0
sitting in bed thinking,0
_Claire its sunny here  I will send some over to you,0
_z i cant even think about anything that smells like alochol  lol,0
Wanna go out,0
Goodnight all,1
: Lol it went okay! As far as I can tell . But then I had to do a test today for geo and I was all zoned out and got like 65%,1
You can save it for next time!!   ? http://blip.fm/~5z2sv,0
aww tessy wanna hug?,1
http://onoir.com try to go if you can. I tell everyone who goes to Montreal to check it out. Even people who live there,0
Rachael makes me want to cry,-1
Know what would be great? For my shoulder to stop hurting so I can sleep normal again.  I just want/need a few solid hours of good sleep.,0
i just had pasta  from pizzahut.,0
Got it! Your in the rundown.,0
ui. where arre you going to study?,0
I`am back to Tweetie 1.1.1.,0
GOOD MORNING!!,1
says again.. happy mothers day to all your moms  http://plurk.com/p/svdsh,1
Thank you all once more for all your lovely birthday messages,1
sorry you didn`t make it  Good luck next time though!,1
All of a sudden I`m craving broccoli and cheese soup really bad...  oh the hunger,-1
wtf pogs are back too?,-1
On train with at least two gaggles of teenagers sitting & the commuters squished standing in the back...at least the teenagers let me sit,0
I fell for Austin Taura Hanafiah even morreee! Shoott!!!  A guy shouldn`t look that yumm! Hahaha...,1
such a terrible day  only six now...,-1
What brings you to our fair Island today?,0
I`m writing more fanfic.,0
I missed you today...I know you must feel very tired. I will give you a massage tonight,-1
The stratus is going bye bye today  i loved that car in high school #fb,1
I`m absolutely jealous as hell of Brenda,-1
and the grease drip pan doubles as a butter dish (in a pinch),0
Welcome to Twitter  I hoped it wouldn`t be long before you saw the light and joined us!,1
Wonderful weekend  I love my family  & friends because they are awesome. Happy Mothers day to all the mommies <3,1
I`m havin the stupid stomach pain again & again... Today is my outing with SPH frenz & my stomach nvr fails to dissappoint me. Haiz,-1
OCHH ive got blister on my foot over the sun today its soo sore  i supose yas dnt care hah just thaught i tweet it anyways,-1
I was gonna go for aiden but I had a girl so I went with scarlet,0
unusual for them,0
Just saw Star Trek. I am not a hardcore fan or anything but it was really good! Get at it,1
I really like pink after I saw her live while in the new T-MOBILE Advert,1
is incredibly worried about Stanley...,-1
ive burned like a ginger kid in the sun. now my arms are red,-1
Summer Glau to appear in Dollhouse next year http://tinyurl.com/mnrezc... I still can`t believe they won`t renew TSCC,-1
It is going to be a beautiful day!,1
when we were poor and lived in Germany it was our favourite cheap Saturday. Now we have one 20min away.,1
my music collection will be coming up to 250gb soon.  haha,0
Why do people have 2 be so deceitful and unreal?  But my love for Steve Jones and Channing Tatum has been renewed lol...their soo nice,0
Getting ready for our annual old boys hockey competition  let`s bring down the students!,0
_Zol I would like to make a comment about the password but I can`t on this medium,0
my blog is now updated,0
liz just left  aww it was so good to see her.,1
It wasn`t a good day ..,-1
what happened? who`s the jerk!?,-1
Chick at coles hit on me. Haha Ran into cousin,0
have you read Angels & Demons? What do you think of it if you have? oh and beautiful sunny weather here in Provence.,1
mine too <3,1
@_writersblock_ I`m sure you are.    Toasties wasn`t far behind.,0
nope  don`t think I will. Thnx for asking lol I will be fine,1
Yes. when I was talking to you...,0
Sitting waiting for dough to rise. There`s something about it that calms me down. Maybe the knowledge that I`ll have cinnamon rolls soon,1
Watching French Open tennis - sad to see Venus make an early exit this morning!,-1
finally got home and get to sleep! had a great time with  and friends!,1
well she likes it so i call it a SUCCESS,1
i waited too long to buy pink tickets!  now we`re going to be in nose bleed!!  how sad  we`re taking binoculars...,-1
you? hungover? never  I am not hungover & I don`t know how. I think it may be my new superpower. Is la Whalen at home? ****,0
misses her phone... having no service sucks,-1
IM SOWWIE I WAS A LIL LATE  LOL it looked good though ;),0
Twittering while my hair dries - just washed it in Macadamia and Orange Shampoo - smells gorgeous,1
Adventures with jamie and bethhh,0
Sick daddy  send prayer his way,-1
pffftt! You know how I like to stay busy!  I`m Awesome (and sober...dang)! How are you??,1
Bro. Martin!! I need you to repent!! Pam said we were going to get to meet you last wknd...,-1
feels ****! and feet are aching  need my beeeeeddddddd!!!,-1
wut itell u yesterday lol,0
Is really sad that shes missing critical mass,-1
hired all the smart monkeys for e-mail marketing...,0
ehhh no. just a check up. I have a dentist app next week though. getting my molar pulled/root canal.,0
happy mother`s day everyone,1
first time,0
_1   is leavin bc of racists *starts cryin*,-1
I love catching people singing in their cars. Even better if they`re dancing,1
social was fun. Swam in the water in my boxers,1
whats going on tonight?!?!?! lets partyyyyy!,1
He was my reason for even going too haha.  Shaun of the Dead was too epic haha,1
i help represent high profile actors for their tv/film/theatre careers so get free tix.. but not for Jersey Boys..,0
Well I can tell you I didn`t marry my like. Maybe that`s why I`m stuck in situations like I am now,-1
South Philly - Passyunk Square Area! Closer to two street.,0
I wish I had company,-1
don`t you procrastinate!   (like I do...),0
got my cable set up! WIN!  got my lock put on my door! WIN! feeling a tad neglected... FAIL.,0
I don`t know! She never answered me,0
Boo for being at work during #beatwittyparty but at least you`re still here!,0
Office til around 6 today. Good day yesterday...I have a BSc now,1
Good Luck!!!  keep rockin!,1
just hanging around the house. Thank god its friday. With nina &  later and working on a global project,1
still sick  thinking about naming the puppy june,-1
Oh yea! I didn`t think it was open yet! They took over Ben & Jerry`s.  I loved that place.,1
night night twits! im so glad I will be waking up to a saturday off work!! printer has broke though,0
yeah,0
i guessed my leg havent healed from the old injuries  but i can still run though and kick ball! haha. but will sometimes fell a sharp pain,0
watching the simpsons,0
i have tried the Teriyaki - no cookie tho!  we got (non winning) Pop-tarts with it.  All was great!,1
jip i have a good one,1
I will! promise to bring me back something from the moon?,0
Oh yeaah.  we`ll still be bffs  aha _marie.,1
finally Mike0hh`s birthday <3 can`t wait to **** ruin it,-1
Yes - it`s an article I wrote on my blog a while ago.,0
that party was a great time  just got `paranoid` by  as a ringtone! yay,1
Just took a shower.We`re gonna go to Church.Time to thank Him for my mother.,1
I do the same thing to my parents and my best friend too,0
are you TINK`N the people on the street in NY waiting 4 friday are crazy? Brooke,0
early morning golf on a sunny day,0
wah....American Chocolate Cheese Cake for my chweet mummy ! muaxxx,1
I already know what happens on Supernatural.,0
I dont like this random gloomy weather,-1
_ i guess we will wait & see..,0
baaaaaaaah!!!! there`s a MEGA cockroach in the kitchen and i have no one to kill it!  heeeeelp me!!!! haha my retarded cats are no help!,-1
Yes. Nag twitter. HAHA  Thanks. LM.,1
Tiesto in Vicky Park - how excellent,1
ok i got you! Knight!,0
i`m with you in this.  i`ve always have prob prioritizing myself ahead of him.,0
pulled up @ walmart aunt got out went in I fell asleep 2 hours later.... were r you?!  lol,0
how sad! are you saying that I`m fat?  *tears*,-1
My dad just told me that he wants to put me up for sale on craigslist,-1
need to cheer up!,0
had best get revising over da weekend got an exam on Monday for 2 hours!!!!!!!,0
fml my work uniform is on the washing line,-1
yeah they r. im going to their concert at the end of the month,0
Bah I don`t think `s FB fan page will get to 7500,-1
Oh man. I have been sick all night. I feel awful.,-1
the pictures tells me me that u were surrounded by adorable children!  hehe,1
http://twitpic.com/2zemt - aww *-* she has very cute smile,1
I`m jealous. I have so let it slip what with the baby and all. Not sure I could even do a half right now,-1
I am so happy. Keve is here for early Mother`s day. Let`s be quiet. He drove all night and is sleeping.,1
the justice left when DJ Talent was voted off (N),0
good luck C have funn!,1
Is constantly listening to the  song Fly with Me...b/c it`s the cutest song...'Peter Pan & Wendy turned out fine',1
just woke up...dont want to go into work at 4,-1
Something like that happened to me once: We closed the side door too hard and the engine locked up,-1
totally! except we can`t ride on the sidewalk like when we were kids.  a lot more safe than on the road with crazy drivers.,0
I used to love you lol...so awesome...I knew you`d have an 'experience' last night,1
You guys can make it through!,0
careless,-1
We were all set to get a room last Saturday! I can`t apologise enough for missing out Deccy,-1
Eating an apple... for once in my life!!! Thought you would like to know,0
' ...not academically of course. ' I miss him already,-1
uhh I wish someone would include me in their follow friday - would be great to get more followers,1
You said you effed up your nose!,-1
Wow - that`s one deep sleep!  Wish I could sleep like that -one little noise and I`m awake,1
everyone loves u sarah not just the tweeters! the today show couldnt stop raving about your beautifulness...,1
_SUPRNATURAL  ok thanx very much u can send me the answer by private mail if u like but would be sooo cool wish i was in birmingham,1
You forgot moi  #twpp,0
up at 4:30am west coast time..gettin ready to catch my flight back home..soooo excited to go back to my two fav boyzzzz  puppy n BF,1
going to bed soon,0
actually was planning on working @ w12th but alas meetings kaiboshed that plan,0
aleesha`s piggy died  she can`t catch a **** break man,-1
i don`t have any excuse other than night shifts! we got our orphan lambs from a local farmer so we cheated,-1
Sometimes black girls just piss me off like a ****!,-1
I`ll be back home on Monday.,0
has a face mask on. hehe,0
Alternate name for a 'Bacon Mary'... A 'Bloody Piggy!' ;) (I have to give my boyfriend credit for that idea!),1
Same  also trying to get my house ready to sell... I can`t believe how much **** I own !,-1
Moment over.... fly now in car,0
ive got a headache now,-1
is sitting at home wishing that i didnt have to work today. ask for it off and still have to work,0
my pooooor baby (my dog chachi)  she had surgery todayyyyy,-1
Thanks for the song! Youï¿½re awesome.  I can sing along all day!,1
At home alone with not much to do,0
#myweawkness chocolate...i can`t say no,-1
I made my parents add u guys on the family myspace...they were impressed by the song.,1
wats gooood !! miss yall already,-1
Next song to be axed by me Ombra mai fï¿½ -ï¿½ Largo ï¿½ Hï¿½ndel,0
yea tre hood claim thats atl theme song which it aint!! lol  but its a youtube vid. that i posted yesterday,0
loving Mondays for so many reasons!,1
is live on danny noriega`s stickam. he said hey to me  i luv him!!!,1
I want some grape juice.,0
i didnt get the msg!! :`( but i bought princess,-1
Right on! Pull up a chair and welcome,1
Going to the alley tonite..Happy Birthday prima,1
That storm seems to be coming my way,0
Work out. Now actual work,0
Tonight is the last Jay Leno late nigt show,0
About to make **** happen  *Pu+ !+ 0n M3*,0
It does it sometimes - it should come back ;) And the car thing sucks - I feel all anxious and yucky now,-1
is up and ready,0
Gonna have to have arthroscopy to repair my knee,-1
now we are also on twitter  follow us to know the latest!,0
A Banana and 2 cups of Coffee...Not a so Healthy Breakfast!,-1
misses  so much,-1
_w thank you..,1
Work has really sucked the past 2 days & now my 11:00 meeting on Mon got rescheduled to 9 am! That`s just plain evil...i need a new job!!,-1
Trying to figure out how to use Twitter.......I`m old,0
mmm nandos is good (y) and topshop rules i am actually devastated that i cant come to to london show 'm8' bailed out,-1
happy mothers day ang,1
hates typing on a mac. wishing that i`ll be done my english essay soon.  sleeeepy,-1
ehhehehe thanks,1
i don`t know !!,0
Happy Star Wars Day? OHHHH...now I get it. May the 4th be with you.  love it. (and mondays). (sorry again) #starwarsday,0
That`s true.  It still sucks though `cause I was all 'LOLOL I AM SO ORIGINAL--ohshit' so. But yeah. Thanks!,0
hehehehe oh i love the Purate ENglish sooo much,1
- we wouldn`t miss it for the world!  ICCVB meetings  Mon-Wed....  the fun is just beginning,1
: yes!,0
I KNOW I`m so excited for them!,1
heyy i finally got one too  oh and good luck on your finals today,1
AH! STEPH TWEETS!,0
i can`t find my woody and buzz toys  but i`ve got my bullseye teddy!  do you have toy story toys? 8-),0
how`s the translation going?,0
just ran some ACCELA unit tests for the first time in about 2 years... and they failed,-1
Baby was not herself after recieving vaccines,0
_GiiGgl3z lmao ight im dun wit the faces lmao id rather see urs tho  lol,0
seen loads of new photos and stuff of new moon and cant wait  lol (L) Taylor lautner lol   takes his shirt off 3 times yum =]... lol,1
congratulations!,1
I wanna come!!! How come u didn`t invite me!,0
awwww how cute its a pUG,1
Been working so hard - its a drag not having time to tweet.!,-1
at least you get to watch Lost on the way,0
Is going to sleep. Good night everyone!!,1
thanks buddi and it`s no problem  your my friend  yah i should post more pics of London! nothing much really u?,0
not Pimm`s in a can?,0
AHHH you follow the dark side too..  night,0
Gonna read a story bout adam lambert online then bed. Nighty night,0
dev.java.net : the slowest website,-1
yay! your face is back,1
shut up fool ....where you been at??? i dontlike the fact that you keep abandoning me,-1
lmao - That would have taken me at least a week!,0
going to watch some tv now - crazy night out - up at 7am for work tomorrow  I`ll live somehow! At least it means I finish early!,0
I also have a brain tumor called Jeffery.,-1
still page one on Google   still cant quite believe it   not spent a cent to get to page One..... Wow what next...Mmmmmm,0
Doing a mass cleanout of my room before rearranging it. Just sent mother out to buy me a bin and a bookshelf since mine sucks. Bad mood,-1
peace & quiet.  Enjoy it while it lasts!,1
Woke up at 7:50 then fell back to sleep. Woke up at 8:50 and back to sleep again. Woke up at 9:50 and I`m staying awake! MORNING!,0
Want to learn how to make flowers????,0
watching two of my patients die tonight has put me in a funk. one was young.,-1
Congratulations to Manny 'Pacman' Pacquiao! You`ve made every Filipino proud of being a Filipino!,1
ummmm i have no idea what im doing but my friend is pissed off at me now and i dont know why she hates me so much I NEED HELP BRITNEY plz,-1
ima goodgirl I`m not down with takin advantage,1
my ipod died  not running until it is charged.,-1
... i have phone calls like that often .. different subject - same result of feeling beaten to pulp and left for dead,0
Beautiful day on Ocracoke just hope the thunderstorms stay away this afternoon...it`s not looking good,-1
had my lip pierced for about 30 minutes.  and then it died.,0
tut tut. Isn`t charging just fun. Thr new palm pre charging platform looks nifty tho.,1
Craving munchkins so bad.,-1
Equations and graphs,0
Making pork stir-fry and brown rice for dinner.,0
so jealous,-1
im only on 1800  lol,0
Who`d have thought Wallace & Gromit and the team behind Monkey Island could have combined so disastrously?,-1
Nice start to the holiday!,1
K now I`m really going to bed even tho I ain`t tired  night! <3,0
up late last night  .... Oracle from 8 to 4:30,0
Loads of Beard papas have disappeared in the UK too,-1
Someone just admitted to having a crush on me.. That`s cool,1
mum just made me cry coz she said something so sweet to me  i love her so much! MUMS ARE THE BEST!,1
Wrapped up some html/java work now spending the night dabbling in some flash intros,0
grr...everytime he gets a new girlfriend..I`m at the bottom of the totem pole,-1
that`s bad as it affects all the languages that run on the JVM. Too bad!,-1
eating ice cream and then getting ready for graduation.,0
still trying to get better  had to get mommaz lovin..headed to her house.. ahhhhhh i so hate this feelin!,-1
he was always a bit smug as a whistle-blower. The 9-11 denial stuff is pretty spectacular too,1
my back hurts  have a heating pad on it... stupid ladder y did you have to collapse and make me fall on my back/bum???,-1
Yep that one works. I LOVE Potbelly but I can`t get it in AZ  Have to wait for my Chi-town trips,0
nice to meet ya!,1
http://twitpic.com/67fcj - what i have to resort to wearing today cause i haven`t finished my laundry. lol.,1
2 hours 3 mins left.....THE PRESSURE!!!! We need to hurry  #48hours,-1
is in mourning that he is having to miss the homesssssskooooler fair today!!!,-1
Been working lots of overtime this week. Only just realized I booked a half day tomorrow so this week will just break even,-1
_roe oh well.  I`ve never seen him do anything before so I`m not gonna say anything.,0
hale yeahhh that`s the coolest part about it ;) hahaha. And I can match grieco!,1
waiting around for boyfriend. then off to queens. ... looks like it`s going to pour here in dt bklyn. umbrellaless,0
I`m really mad at the world today. Today is just a sucky day.,-1
_gd whoaa kinda hard :O that one that you think will be interesting enough to tell,0
Oh..I`m so borin`.. why not play the computer?? My mom`s say: because your makin` task..!!,-1
Yeah. About **** time. My film SLR just sits there quietly being ignored. It`s time to step up!,-1
working @ the preschool....waiting on the kiddies to get here.....making dunkin donuts coffee,0
its cuz you love me. dont make me sad,0
Thanks for trying! Done just that and no good  If I can`t fathom it I`ll take it to Apple Store. Sigh...,1
So I get up early and I feel good about the day. I walk to work and I`m feeling alright. But guess what... I don`t work today.,1
stopped for coffee at Maryland rest area; so did at least five entire middle schools; just my luck,0
I could have! I had extra tickets. Plus we had two Twitter Giveaways  We`ll get you next time.,0
omg evie. we have to do our plan for hot 30 tomorrow night,0
it`s not working here,-1
haha that photo is too funny! I hope he wasn`t disturbed by passengers too much during the flight,1
just got home from the last day of school.  graduation tomorrow.,0
wishing i had marvelous misadventures of flap jack on DVD,0
Good Morning,1
Can`t sleep. **** morning will come to soon. Have to rest! It will be a new day. A perfect day to start new changes,0
i wish someone would inspire me with some sexy time right now ugh but thats not gonna happen...  ugh,0
so i have like no more friends it`s kinda sad,-1
owww i think i tore something in my leg,-1
_Yours13 I`m not at home with my cats right now!,0
god opened the clouds and said i hate you josh,-1
It`s fun,1
_Girl OOC sorry we keep missing each other...,-1
my body is aching. I can barely move...but its worth it to be champs,-1
Why can`t i find any jewellry for my dressssss?,-1
why are plane tickets so expensive,-1
http://twitpic.com/4j585 - Guess I need to get me an iPhone now for sure!!!  It looks bad ****!!,-1
Dun wanna travel all the way there for lunch now. But yeah i have been there. Nice place. Missing Shan-e-Punjab though...,0
where is the rain please come out,0
dang ya`ll mothers day already. goodnight twitter world. i start shooting monday.,0
at school right now,0
Just got back from 5km run!  It was really good!,1
definitely dont be offended. im messing around with various twitter apps and strange things keep happening.,-1
is it a worldwide number? caause for some reason my phone wont dial the number,0
I read 'The Picture of Dorian Gray' by Oscar Wilde (on english). It`s not easy for me but I try to make out,0
Is working all weekend,0
are u planning on doing cardio for 1.5 hrs? If so that`s very reasonable  whatcha do last night?,1
so Roman is now on pain killers and some LQ meds. Thanks Jess for agreeing to go get him yogurt before you go out!,0
so how`s the new gphone?! I guess I should have signed up to go to google io after all,0
Made so many new friends on Twitter around USA. Another bike across USA trip would be amazing to see people!,1
rain,0
'No more sorrow'! by: Linkin Park....,0
Saw James carville in the store today. His head is really that bald,0
wish  was coming too  I guess we can make time for you though if we have to ;),1
I`m starting to feel depressed with this hurricane talk... I`m on the front lines down here!,-1
We`ll miss you  #Sixx?,-1
_lord Can`t we just all get along?,-1
Well - looks like Hurdle is out.,0
this is my second to last biology and the first time that i have ever been on time. Haha.,0
On the way to sthlm - it will maybe be a movie   // cool http://gykd.net,0
going to the memorial for the guy in my grade that died.,0
hey Chelsea!  Is Your Arm hurtig from the vaccines we had todayyy?  loveeya,0
I GOT UR BACK @ BABY!! much love to ya!,1
hmmmm.... i wonder how she my number @-),0
Thanks Synn!,1
I can`t believe how tired I am right now... I don`t know if I can go out tonight...   Exhaaaausted!!,-1
Good Luck.. mine 3rd day today !,1
hahaha i was like :O DOUGIE THATS HARSH!!! are you happy he replied?,0
I really really like the song Love Story by Taylor Swift,1
Thats awesome!!  Good idea!!,1
Your Highness...........................crystalmarieDONTluvSpiteAnymore,0
Done a bump out and now back in bed seemingly unable to muster the energy to get up again  Sundays are great.,0
My dad is taking me to school & picking me up tomoz. Plus I have drama almost all day. Score bludge day,-1
time for work!,0
9 days  I`m about ready to visit Torchwood and see if they`ve heard anything,1
Yes sir...I just acquired a Master of Arts in Christian Ministry-a loooooong journey completed today...so thankful!,1
i wish the birthday massacre would come to australia  i think they said they`re thinking about it though!!,1
After hearing susan boyle sing she came off as the most beautiful person i`d ever seen. i feel bad for my first impression though,0
im sadd sancha  june 18 for me is a fail  its gonna be you and chini ((((((,-1
I wanna talk to Mitchel Mussoooooo,0
my son got stung by a bug for the first time  his little finger is slightly swollen.,-1
you Wish that would have been your tweet after you followed me.,0
Stupid red hair is too difficult on the upkeep. Re-dyed it a more manageable brown-red. Boo,-1
congrats!,1
yeah ... he was 0-3 and SCOREless tonight,-1
no im not  cries LOL,-1
off to my cousins confirmation + confirmation party,1
so great to hear from u again today! U r the best! Cannot wait to see u on the cruise!!! <3 Cindy with the sign,1
idk if i could.  it would cost me soo much there.,-1
Kimberlee Hatch!!!!!!! I miss you,-1
it doesn`t feel like a friday,0
Just rang the irish one. Drunk. Must confiscate phone.  hate him lots.,-1
I just texted you but I hope you know you are my favorite,1
Thanks for sharing it. Anything about COFFEE is good. I`m a big FAN!!! Can`t live w/o it.,1
Perfect! Thank you.  <3<3,1
*fretful look* Okay. But I think it`s mumbling something. It`s a bit muffled under the hat but it sounds like 'I need Lactose'.,0
so far surprisingly good responses. My dad offered to airbrush the old logo on the wall..but I think that might be overkill,1
Is relaxing in bed for a while before I go to sleep. It was nice to get out of my house for a while tonight,1
just finished baking some cinnamon rolls   soooo yummy!,1
yeahh! Ryland was amazing xD BUT I DIDN`T GET A HUG OFF HIM booo  Suarez seemed a bit off tbh..but I think he`d just woken up,1
yup,0
U r welcome pal  u truly deserve 2 be followed,1
Can`t wait to see you on December in Switzerland for a third rendez-vous  Great show ! You are just amazing  ... Enjoy in OZ,1
_mraz http://twitpic.com/4iq19 - popcorn crazy dude and still adorable,1
Happy Mothers day to all you Mums out there,1
Oh God bless you,1
But yeah...I`m sad about my 'Ravenclaw' account. I love that account to bits.,0
i decided that myspacee is wayy better,1
but I don`t want to hurt you,1
I`m up way to early today!  Work later.,0
I think that mowing the lawn should not be allowed to be done by teenagers. It sucks! Well off to mow.,-1
We drove  summahkayy,0
getting dinner ready not much going on in my life it seems,-1
and again - You`re welcome!,1
my hair hurts,-1
Came from Greenbelt & Power,0
When God created man i also believed he created a million people to get on ya **** for a laff,-1
First steps on Twitter. Just checking,0
Fighting a migraine   Medication is almost working.,1
today was a lovely day! I had fun with  and  this evening!,1
Anotha day of work  not lookin forward i hate closin fri,-1
He needs to go back to his Scotty. That is what he was using when he won last year,1
$RZ Hope so.  Time will tell.  Good luck   $$,1
Ooohhh  well you could always borrow and burn buddy. Lol,1
HAPPY MOTHERS DAY to everyone lucky enough to be a mommy. extra special happy to  who became a mommy 2day,1
poor wavves. had a meltdown in barcelona. drummer walked out. shoes were thrown. hands in face.,0
We all need that simple reminder-thx!,1
Wishing all the mommies out there a very happy day!!!,1
got 34/40 for exam 1... percentage doesnt look good.,1
Bye!! Great meeting you!,1
So Bored. Firday Evening And Nothing To Do,-1
I did wake up but i appear to have missed you by not much!,-1
http://tinyurl.com/d7tb38 Nice Photoshop Effects,1
Got tired of the kitchen being uninhabital so swept and mopped the floor when its dry I`ll do the work tops,-1
glad u liked post  looking at the back end now...the sub 2 your blog is automatic. send url and i`ll verify.,1
I wasn`t near him.,0
Just getting an additional free day,0
is feeling sad... for some reason..  http://plurk.com/p/wxji3,-1
Joined you on facebook!,0
hahah I`ll try,0
Ugh..  this sucks.,-1
*old me`s dead and gone*,-1
I don`t feel good.  .My throat hurts!!!!,-1
you called me? didn`t get that.  nest time for sure. maybe i`ll come to LA soon. i hella wana go to Disneyland.,0
i dont evn talk 2 him no more. it was a huge mistake. i shoulda listened 2 her. i kno she`s disappointed in me.,-1
try direct message to me here on twitter,0
sorry i couldn`t fit hal`s name,-1
omg 44 tweets till 8k  and only about 90 tweets difference btween b and comedyqueen,0
OR... Something to do with all the Red Bull?  Hmmm. You think maybe?,0
I hate how MS makes me feel. I can`t control my legs 2nite & am in too much pain - it`s driving me crazy  Anyone else get those moments?!!,-1
I just watched my favorite movie 'A Walk to Remember' its so romantic and sad i just love it,0
Cruising 'Serious Eats NY' does not bode well for a future in GA. Missing NYC gastronomical tour..  http://newyork.seriouseats.com/,-1
Got my braces tightened today. Then I got McDonalds! HAHA  Sport tomorrow yay yay yay! Netball tryouts.. wish me luck to make the team! :l,1
As predicted i feel lyk ****  gahh i hate bein ill!! At wrk tweet lata ****,-1
hello thereeeeeee,0
movie out today but i cant go see it,-1
there`s not many things better than sleeping with my windows open,1
Hellooooooo... Whats the scene people !!!,-1
OOh but you soon get to meet the dung mice!!,0
you wanna know what`s worse... my coworker just brewed a fresh cup of coffee and all I can think about is bacon,-1
god assignments are stressful ! but its finished now lol and im off to bedd,-1
happy mothers day to all motherssss!  <3333,1
Happy Bank Holiday,1
it`s ok lol  I think we might do the same dates.,1
Hi  Im Better... Drinking Hot Tea With honey ^^ ... Thanks... Take Care Plis,1
gonna go outside with my daddy... gonna take a ride with his new triumph!,0
congratulation  about the icehockey victory against switzerland..,1
People are just pisssing me offf. Ugh,-1
lol yep  tell rhonda i said happy mother`s day!,1
I`m going home now. Have you seen my new twitter design? Quite....heavenly isn`****?,1
Something 2 get your attention 2 get Sexify My Love played http://twitpic.com/67i82 What? It worked last time! No $ 2 bribe,0
_Trainr Thanks for the link.  It made me smile,1
very much much much mash!!!! more please,1
a chilled day  party tomorrow.,0
Just heard a single i had been waiting MONTHS to hear....and...im disappointed.,-1
She could spend the rest of the night in her room.  At least ONE of you could be happy with a glass of wine.    #surlytween,1
man u know things get very interesting sometimes lolll....im just 2 **** good,1
is it a test to gauge audience reaction? who ARE you?!,0
ur moving to leeds?? wut are u doing up there? work? ur just a jetsetter..i wanna move to England too,0
totally forgot she had soccer today. ugh  today was actually good too...,-1
Itsurely will dear . in posted a presentation on Swine flu yest and it got 500 downloads in just a day!!i feels great,1
i have to work tonight.  *M*,0
would like to swap...i`m sitting with 3 grumpies,1
WELL one is a muscle relaxant and the other is an narcotic If your still not getting help i dunno what to say  moist heat?!,0
calling debby ryan!,0
yeah i did  i remember it na....... i did watch it before ),0
cop me some,0
likes patricia`s dress,1
Doin the **** Thing Here at the Crib..Bout to Watch Star Trek... Yup,0
watching SNL   yay for  hosting!  I love him,1
Boring? What?! Ugh!!!  come back to of then!,-1
Sorry I didn`t go  Jesus wasn`t feeling it. And you know I can`t see it with out my best bud. Well that movie anyways,-1
it was nice to meet you tonight & thanks!!,1
http://twitpic.com/4ws8w - Look who I brought home,0
I`m feeling so frustrated...I just can`t get things to work!!,-1
Omg i just seen the sun and the moon in the same place  this disproves my theory that they are the same person,-1
Am listening to Darren Hayes`s Spin. Am talkin to my wacky friend who`s going insane. I ain`t at all tired and I`m messed up bout things.,-1
Ugh soooo much work to do today while trying to make the 6:10 train to the game... looking like a 4-5 hour Sunday at the office.,-1
DANG i want to be on the beach late at night. that`s the best. the sound of waves and the breeze!!hope you are well!,1
I`m enjoying this Sunday very much. No parents. No revision. Just like any other Sunday,1
. I want all the soldiers to come home so we don`t have to hear about anymore being killed.,1
bahahaha. I love Gabriel - absolutely **** hilarious!!!,1
watching the games and making some popcornss!,0
did crossfit running today...agitated my right leg,-1
_emo_zac and a good morning from france to my zaccie,1
Sittting in my seat watching the tyra show,0
I honestly feel like I`m not healing or getting any better. This is not good,-1
am alive   but at work   finish at 1300   sun is out,0
You`re in Miami right? I don`t see a hand delivery in your near future unfortunately,-1
Happy Mothers Day!!!!,1
nursing my scratches and bumps from Festivus mud wrestling. I swear there`s still dirt in my hair but a good time was had by all,-1
to cold for the beach  sucky.,0
What`s up yall! I made it an early night!  I think ima bout to take a shower and chill witcha! Did I miss anything?,1
yea i`m gonna need to put the blunt down,-1
Go girl!! Start your day out right...gotta love that!,1
no new tubas until  4th  of july weekend,0
happy mothers day,1
rat run steve irwin way to avoid long delays on bruce highway,-1
Ugh. Waiting for a visitors pass to get on post.  taking FOREVER!,-1
i wish you still loved me,1
is very upset to see carys and donna go today    miss you both hugely already!!! (Yes ok its only been like 3 hours) haaa..waaaah,-1
I`m a Metsies fan also! Boo Hoo,1
studying for my exam tomorrow @ 2 & packin up!,0
GOODNiGHT...HAPPY MOTHERS DAY TO ALL THE MAMi`S ON TWiTTER,1
i will do that..,0
tolddd you there was thunder! ew now it`s all rainy D: i`m scared!,-1
Bored to tears without my boys! They are at their dad`s for a week,-1
the no tweeting guilt trip didn`t stop you huh?  I felt so bad!,-1
yer it is...poor little ****  but she well doesnt deserve the stick off everyone! cowell once again going against producer,-1
hoping i didn`t fail english. that would just be sad,1
thirty minutes turned into three hours. oops,-1
get back to tokyo man..we miss you.,-1
_127 poor baby  you need some aloe. Nope sorry no hints,-1
Sorry to hear that Carol.,-1
is soooo hungry right now! Why is it not lunch time!,-1
STOOOOPIT! STOOOPIT GIRL!  That used to be my bro`s rendition of 'Stop It girl'.,0
You gave me the inspiration for my last update.,1
_ yeah,0
_RachineA oh so you said you good-byes and hugs  my dad left around 4 in the morning so I woke up to an empty house i`m pretty scared.,-1
_Heidi_V  Thank you pretty lady.,1
The arrival of cargo Red G5 to Toronto has been postponed til tomorrow afternoon.  gonna miss my lil bro`s bday...he`s been waiting 4 me!,-1
going out to see star trek   be back in a while,0
Needs a new phone,0
sux gabe just told me to go to the afterparty and I have ID that works but I can`t go,0
wheres the music mannnn!!?? my inbox is still empty,-1
Sweet! I`m a Jaycee one-letter-er I think. Just D!,1
so....i`m guessing no BGN?,0
PeeWee is napping on the couch.  http://apps.facebook.com/dogbook/profile/view/5608012,0
Is with our dog at the doggy park!,0
Well it almost was a good day... Guess I just retry tomorrow,1
YAY!!! I`m glad that I`m not the only one who is about to sign away their soul to Twitter and Facebook!  welcome! ****,1
Early(ish) night tonight - I`m doing overtime at work tomorrow again  boo for working on a Saturday!,-1
Went and saw Fighting last night with the best friend. It wasn`t all that great but Channing Tatum is amazing!,0
Ugh. Going to skool,0
5 seasons that`s it? Sorry just noticed in ur previous update. My sis isn`t gonna be happy,-1
playing Wii!,0
getting my new cellphone on wednesday! the LG Voyager! its soo sweet! i can`t wait that long though,1
im going to work,0
Musashi`s? Has a great rep. Or did you go to Kitaro,1
Okayyy  you can read it to me cause then I`ll feel special haha.,1
good weekend,1
you are a slow answerer!,-1
Unfortunately not,-1
i want so bad to go to the mcfly`s concert  anybody up to go with me?,1
off to work..,0
'Mamma Who Bore Me' hat es mir echt angetan.  90210 lï¿½sst grï¿½ï¿½en. ^^,0
I dont know what to have for lunch today and its so darn cold today,0
1:36 AM screw it im going to bed... one love,0
at the R&R fashion show with kacie,0
That`s not how we share links on Twitter  Yours is http://bit.ly/QljYb and you can view your stats at http://bit.ly/info/QljYb,0
had a great session canvassing in the sun... but now is miserable cus i have no1 to go to the pub with,0
is this a new album?? about bloody time too!!,0
oh i see   so what are you having today?? hehe,0
my n95 hacked  no signing needed.. thx OPDA,0
classic SNL digital short tonight! Be my mother lover  ha ha... too good!,1
likes the smell of the roast in the oven mmmmmm must have dips and sakatas to tide me over till the roast is cooked,1
so this my last week of school then finals yesss,0
Morning babe!  I plan on overdoing it today! lol Hope you do rest & put your feet up! xxxx,1
Nice idea for a M-I-L gift. Did you crochet it? Good idea about looking online.  There are Youtube videos showing lefty crochet.,1
you are just wrong!!! Now you`ve come to brag with a full belly??? Smh ...,-1
i miss dooooooodddddiiiieeee,-1
Bad Day. History Test Tommorrow. And I want to go out in the sun and play..,-1
no I wish. Just a van that comes round. We missed him,-1
to my pretty lady  HAPPY MOTHER`S DAY!!! She`s the mother of my future son-in-laws,1
_d Wish Leigh a Happy Mother`s Day for me! It`s midnight in NY,1
very cute kitty,1
Massive morning.. I`m stuffed now,0
I so wish I could go to your blogging bootcamp in Knoxville this coming week! I`m so close but yet so far.,0
I know! I`m so slow its horrible. DON`T TELL ON ME!,-1
? what is this? is everyone abandoning me?        ;-),0
Im salaried so I don`t make any more or less no matter how many hrs I work.  Comes with the territory I suppose.,0
fed up of pain now,-1
SIGH  How are you?,-1
HD full again...  http://plurk.com/p/x2eb3,0
Is the Bee to Busy to talk to his buddy on Yahoo?,0
Algebra test in three hours!,0
X-men movie was pretty good. Kinda predictable @ points but good action sequences,1
Waiting on laundry to finish so I can go HOME. Think I`ll do my nails while I wait,0
_Dreaming what?! miley`s gonna quit hannah montana?...i don`t wanna believe it!,-1
Do you guys like fish sticks?,0
American trade journalists ask PRs `how are you` almost 100% of the time; UK journalists? Erm...not so much   How come?,0
really hopes her car`s illness is not terminal...,-1
loool sheridan ive got swine flu but im still coming into skl tomorrow same way  hehe,0
I can`t believe how fast this week has gone by,0
Not a good start to the day left my money at home . So i`ll hot a day me looking for free carparks,-1
yay! you should do it. just think about the animals and it`s not as hard,1
brought the SF fog to LA,0
Boognish wishes Clemmie would be nice to me  http://apps.facebook.com/catbook/profile/view/6831309,1
I wish I could afford to attend those benefits.,-1
_y time really flies my frd..how`s you love-hunting mission going? abt time to bring the sexy 'yu yung' jacket out,0
OMG disco is PACKED!!!,0
think so but my boss is in Switzerland all week. going when she returns  ira gonna be awesome,1
ooh which two books did you buy?,0
_Janeway OOC: Goodnight,1
So treat your Mom`s like Queen`s cuz they are,1
Would you believe that I`m done with homework for the rest of my life?,0
says good evening  http://plurk.com/p/rqh8l,1
Im.in.the.room Im.watching.the.HANNAHmovie.withMOM.She.said.this.film.very.great.,1
I am finally on a roll... now time to stop.   Is it weird when you love what you do?,0
...as well as bell hooks Teaching to Transgress.  Sometimes I miss teaching & messing with bad system.,-1
AGAIN AGAIN.,0
have fun on flashy fed hill..im sure you`re imported cheeto eating **** will fit in lol,1
aww bless her  give her a chance ..,1
: to triste,-1
Hmm... the new sports catalog and card jitsu updates are not appearing for me,0
love Dawn of the Replicants! love music monday!,1
_galore aaaw too bad .. i`m in a good mood to phone with someone  lol,0
I am at my grandparents place,0
giving myself a manicure + pedicure  ahhh how i`ve missed you nice pretty nails...,1
I just told the people that matters the most to me to just leave me alone... I **** up again.,-1
l need some more aussies !,0
just finished Wander Girl for the nth time-- Hilda Gallares is truly a kindred soul.,1
Hey there! What`s up?!,0
its cool.  Im glad everyone had a nice date night.  Maybe one day ill get one too.,1
http://twitpic.com/4wrxq - whens your little gingg getting twitter ? from g + j,0
what kind of food Celli? I`m following you now,0
I listen it right now - so much fun!!!  No I just have to get it somehow,1
awake and ready to learn a little more,0
ohh kayy fasho if u go tonight have fun for me,1
Happy Mama`s day to all mothers,1
stranded @ delhi Airport  flight delayed,-1
Hugs to you for not being able to shag Crush anymore  x,1
internet billing with fee of 30% and only in 13 countries and a setup cost of 5000 for usa alone,0
My heart has been beating irregularly ever since last night. I don`t want to explode or implode,0
Same to you!,0
So sorry  Definitely getting it out this weekend.,-1
Getting ready for an early night tweeps!   Have a great one every 1,1
Back to work,0
try being my height in small cars  not much fun specially on bumbpy country roads! haha,-1
Enjoying the happiness of this special day. Another day that I can make the best one of my life,1
Design galore! Yayyyyyyy  progress beyond my imagination. Now...to get my flattie to sort out the Internet to send orders out!,1
ME! I wanted to go.,0
imm tired of callin  && hearin other convos  i wanaa call himm!!,-1
So jealous im not at asylum right now,-1
I hate today.,-1
wowzers! thanks! bang bang misses you on the dance floor,0
Never been to the USA before  It would be great to the cruise/tour next year. Whatever it is its gonna be a blast,1
i have no idea what im doing and i am completely lost.,-1
just a question.. are you guys liek famous or anything ? haha and MILEY FOLLOWED YOU LUCKKYY ! im so jealous,0
Theres nothing like your own pillow.,0
Collabro w/JPhlip called 'California' was another hot one.,0
_Johnson: have a good night,1
oops too late,-1
#amtarot Thank you so much!,1
My laptop grew speakers. Now I can watch Charlie with the sound on,0
hanging out at school... last day for seniors,0
heard of. And you`re the first to mention him to me!,0
Brownie sundaes at Five and Dumpster. Blood Bros on iTunes. Palm Reader was closed  Fun at the 371 anyway.,0
But but I dun wanna,0
stoped broadcasting on blogtv coz they all left  and was on my own and one one came any way xD,-1
Definitely! I have usually found that critics know virtually nothing of what constitutes a good movie. Rarely am I wrong.,-1
SCENE **** AT 4AM IS ALWAYS THE ****,-1
- thats my hair guys. oh dip i gotta go!  on-ee two minits leff . . .,0
The mission to Wales to find the worlds greatest welsh cake with  was a success - as none are better than my nan`s,1
WHO IS SAYING ALL THIS...are you ignoring me *frowns*,-1
why doesnt he want me anymore,-1
Massive headache,-1
feel dpressed,-1
How I Met Your Mother? Best show ever,1
my stomach is bleh!,-1
Morning...I woke up to watch  on the Today show. You rocked it girl. Wish I could have been there. So close but so far away,0
is on the phone,0
_lu I must be getting old and bent: that is the second thing you`ve said in the last couple of days that has not really been a turnon,-1
my love!!! We still havn`t done lunch together like we said we would.. I miss you my friend,0
My throat is on fire,0
i have three hours to do my hair. and it STILL won`t be straight,-1
Ohhhhh Barcalona. Please dont ruin this  #bgt,1
welcome aboard my friend... the fans are gonna LOVE ya here,1
If only we could ever actually be allowed to stay here and do that,0
listening to varsity fanclub,0
one last stop in Chicago before going back to Miami,0
sweet dreams!,1
taking sad to a whole new level,-1
finally leavin tha studio.Made some really really good music! Very pleased wit tha turnout  !,1
learning french  funy school-day today  don`t be mad about english :*:*,0
you don`t love me anymore!,-1
Yay playing a show tonight! Boo it`s gonna soggy and I`m at work right before playing,0
I spell my name alyson too! Aly for short! We spell it the best,1
Starting out  bday bash with a Blue Moon  - Photo: http://bkite.com/07k6X,0
i`ve been eating cheetos all morning..,0
am sitting in the library with eyes half closed cause havent slept in a while coz of exams,0
Jimmy Eat World`s initials are JEW....new favorite band,1
My back is soooooo hurting.,-1
One good deed deserves another. I hope to help someone else some day,1
do it and I`ll give you the first hug,1
I think my wireless router is dieing,-1
oh and #antiboyle didn`t work out either  never too much of a bad thing eh uk eh,-1
Do you not like turtles?,0
maybe one day I can be on your favorite producers list  lol,1
Where did I leave my Citeh jersey?,0
yea yea  im about to torture myself by doing a stanky leg marathon..ima do the dance for hrs til I can`t no mo,-1
Just got back.,0
all you have to do is have your boyfriend say something for me so i can hear his accent.,0
ME TOO! hehe i hate colds. totaly annoying...,-1
'I will stumble.. I will fall down... But I will not be moved  ',0
woken up by mum. work,0
Shots suuuuck!  im done  no more vacines!,-1
vocï¿½ que sumiu forever do msn.,0
the grates & children collide tonight,0
Just woke from the longest sleep in months-so nice! Now to get some work done so i`m prepped for next wk & free for K coming home tonight,1
nope i cant figure out how to get the updates on my blackberry. . . i need to go running too,0
Ahhh Music to my ears!,0
No worries,1
Welcome home!  Glad you made it home safe!,1
****! tying run is on 2nd!  let`s hold em` Raiders!,-1
I`m so mad I cant go to that...you`re like an hour away from me.,-1
_baby  your not talking about your obsession with me right???,0
I just spent 2 hours looking for a blog topic and ended up inventing my own.  grrrr    http://bit.ly/QRz6y,-1
UP is the saddest movie i`ve ever seen,-1
_MJA ..I don`t know who gon do the yelling & cussing for upgrades when u go.,0
SON! WTF?? She just bit holes in the **** bread!!! Who does that?? Why has God forsaken me?? why?,-1
Wishing I could see N*E*R*D headline @ Fest at DePaul tonight,0
Problems seem to be fixed now! Thank you!,1
my fav CD,1
http://twitpic.com/4wf30 - EEEEEEEEEEE!!!!! IT CAME!!!!,1
no its pre made jelly and its for me and bradie,0
Wishes you hadn`t teased me with movie night,1
I miss my water cuz my well went dry,-1
so bored...miss everybody already,-1
this week has been awful.,-1
Happy Mothers Day  All my love,1
Brake time!! Nothing for lunch. Tonite.,0
Watching Everything Is Illuminated  and dreaaaming<3,1
YAY jack won. but downer i`ve just remembered its friday meaning i have work tomorrow,1
Happy mothers day to all the mommies,1
help!!,0
Iï¿½m good. Wanna get out of the office....,1
Go for it! Chinese sounds yum!,1
Good morning to the world. Hope everyone is ok,1
Oh great Tampa people - anybody in the area know someone who works for the Jain Society of Tampa Bay? None of their phone #`s work.,-1
ooh how is Milan? i could do with a holiday! Bfoyf is off to Geneva today visiting fam so ive got a weekend on my own,0
binstruct suffers from an update of the mib package... and the developer of that package is on holidays,-1
i can`t sleep.  amp.,-1
aww  cant wait till u get 2 Sydney ;D i missed out on tickets tho.. :O ****,0
is hoping that she left her bb at home and didn`t lose it on the Metro,1
workin a long day today... hopefully i can make some good tips,1
I fee your pain its lady Ga Ga and It will drive you insane oh dear God her songs are in my head,-1
follow her shes lonelyyyy,0
Off to bed. Only one more day left at school before i get to go on holidays. Yay!! Finally. I am getting sick of school... LOL!,0
MCM is still my next main event.  I`ll be happy to get back running soon.  Still run-less for 10 days.,1
hi everybody! i`m having my lunch break at work and enjoying a nice cup of coffee!,1
yo u can`t love 1 twin and not the other lol,1
Not a problem at all sis - respect due,1
lohang: is listening to music. really happy about !librefm #audacious combination  here`s my profile http://is.. http://tinyurl.com/r5o3zj,1
NO WAY MAN! i like 21 year olds,0
Noooooo worst news ever today my tattoo artist is moving omg what am I going to do!?!?!?!?,-1
I wish I was going to see      today!! I`m sad I dont,-1
Ugh. I`m so tired. Waitin for the bus.  good morning!,-1
Lucy has an upset tummy and sore leg  http://apps.facebook.com/dogbook/profile/view/182397,-1
Finally i have finished my tec recipe card and i feel somewhat accomplished,1
it`s definitely worth it; art not withstanding  I hate moving; and hate packing even more..,-1
Dinner and A Movie with the Hubby,0
You`re watching Firepro0f?,0
i cantttt.  my grandparents are here.,-1
New day in new home   happy mom day 2 me!,1
is it bad that I sort of want her to miss me?  I know I will be missing her.,-1
that would be awesome  lol,1
is nto milk deffo!,0
http://goingtorain.com/ - about as precise as any other weather report,1
~ Happy Star Wars Day.every one ~  ...may the fourth be with you!,1
Missed you last night hon,-1
he`s outta the ofc til Monday ::GRAND:: kinda bummed me out but b/c I was genuinely sick there`s nuthin I can do about it  -->,-1
is it weird that i really want a harry potter bed spread and pillows???? i wish i could find one that wasn`t gryffindor,-1
I`m not giving up http://bit.ly/SnjEn,1
same,0
Just planted flovers in the school garden with my 3 yr old...VERY MUCKY but GREAT FUN,1
_hansen Darn - I just realised 'pull the other one' would have been a *far* better response to your name suggestion,1
saying goodbye to Papa....,-1
make a prank call for me,0
#BGT That poor kid,-1
Good morning my little twitternut squashes   How are you all today? whats the weather like where you are?,1
Good morning! I certainly did,0
_a_michael CUTE  thanks for sharing! AND PLEASE Direct Message ME before you go to bed James ;) ;) you know you want to!,1
_Duerden JealousMUCH..I want to be outttt  Not stuck in revising. You better have green dragon in my honour lol,0
I wanna Karaoke!  Instead...I get to go to work  Lameness,-1
Omg! My dad called me a johny come lately haha because I`m slow  haha,0
Why am I so tired?????? Whyyyyy make it stop. Merm is not going to be fun tonight.,-1
Then me disliking you is a rumor!  cyndi! What made it look like i didn`t like you?,-1
I took my ring out...,0
Thanks madam.. you`re lucky coz you had a wonderful dog.. and sooo cute...,1
happy mothers day to you as well!,1
Tooth ache...but still sipping lol at the fam. Partyyyy,0
Uh.... what does that mean?,0
monday at the school  gosshhh what I`ve been waiting for,1
*taps shoulder* forgotten,0
is playing around && having fun with little kids right now  hahahahaha,1
_ ay beezy! finally lol its time to hookah so get off twiiter...love ya,1
Shopped til i dropped....come bac sunshine i miss u,-1
Morning! Bank Holiday Monday and the sun has gone - typical! Hospital for knee at 2:30 and then training at 6. Another  bust day,0
i am so jealous!!,-1
I just lost my favorite pen  good thing I have a back up =D,-1
Listening to dashboard confessional & counting down the days until the  concert on May 16th with,0
Driving to work running late like always..... No time for starbucks,0
Damnit all. That sucks.  You were one of the ones I thought I`d drag back lol,-1
better safe than sorry!  Glad everything is okay.,1
HAPPY MOTHERS DAY TO ALL THE MOTHERS IN THE WORLD ESPECIALLY THE TWEETER MOMS,1
my 6th wedding anniversary today... so lucky to have such a gorgeous wife,1
I`m so glad my concert is still a week away...I`m getting so sick and I need the time to recover!! My lungs hurt so bad right now,0
They are unloading a Leopard Tank just next to my office window. Hope I didn`t piss off anyone,1
_Music I was not hugged,-1
i sorry sweetpea... almost over with!,-1
That wouldn`t have happened if Ravit hadn`t asked me. I met her thru a Twitter friend in CT. Love social media that way.,1
can i have some followers :` ( ... i`m so sad...    NOW THAT I`M LOSING HOPE -pressure,-1
jealous  it looks like schindler`s list in toronto,-1
@_Bella_Cullen13 posted and its good,1
got my car back and excited/sad for the going away party I`m attending tonight. Dani is going back to Brazil...,0
is sitting thru the boring bits in Titanic waiting for the good bit to start in couple of hours,0
WOW. My teacher just called me a skunk cuz of my hair,1
tonight in party w/ my girls (minus vita),1
Hi Sharon Missed you on our x factor last year!!  Come Back!! x,1
oh suuuuuuuure...rub it in why don`t ya!!!!!!!!! LOL Enjoy!,1
Heading into Glasgow for a rehearsal for my upcoming show,0
Thanks for the info,1
... and itï¿½s FFA *evil grin* but Iï¿½m so busy at work today I wonï¿½t get anything done,-1
anytime. I aim to please.,1
my birthday is in 2 days,0
_nyc hey sweetie. Cnt go fri  but thnks so much,1
Thanks for making me laugh,1
Buongiorno !!! woke up and of for my Italian lunch,0
sheboygan / teekay / other kids / fight / angus / ryan / mall / mcdonalds / high / party / beer pong / drink / drive home. fun night,1
Ozzy isn`t following you yet,0
Happy Star Wars Day! .... May the 4th Be with You!,1
follow me!,0
i had a new friend who called himself shame.,-1
Today was fun  <333,1
is gonna have an irish wedding,0
It`s a lie just like the restaraunt named 'Garfields'... he is nowhere to be found,-1
Its a Bank Holiday!..... If you`re happy and you know it CLAP YOUR HANDS!,1
1 month 3 wks till the big day!   ~CSH,0
read twilight and new moon keen to read eclipse and breaking dawn hmm twilight was better then new moon but there still awesome,1
Agreed! Though Eclipse apps hinder collecting the heap dump by catching OOME. Had to muck about in JConsole,1
Yeah I`m kinda glad I did stay home,1
today i salute all mothers and honour the feminine....and now its time for a beer,1
just got home! not wanting to read the last chaper of breaking dawn cause i dont want it to be over,-1
Is it possible to pass out he your laying down? Bed soon if i can sleep <3,0
Omg! Really? I just ran into a wall,0
Money Laundering tip 5 - Sell the business or constructed hotel etc and take possession of your now clean money,0
is saddened by Husker Access...no internet!,-1
I like your new profile pic. Very cute,1
Booo. Finally I could get back on here. My Internet went out,0
won`t be going to the Oxford Internet Institute Summer Doctoral Programme in Brisbane: lack of funding,-1
Had the best night I`ve had in a while.,1
Thanks! We`re almost there,1
You`re not singing in the rain?,0
naisee. is it bad that i can see lens flares all arond me while listening to it? XD cant really catch what they`re saying tho,0
Waiting for the dang pizza to cook. It`s almost 9 and we still have not eaten wifey fail. Did I mention I feel like ****,-1
thank for Thinking of us and caring,1
installed ubuntu 9.04 on my office lap! yaaaaaaaaaaaay!   'install under windows' feature rocks!! #awesome #ubuntu #excited,1
Ah that would explain the italian colouring,0
awwww  bew! you wont be here at all this summer?,0
It`s gloomy as hell outside today.,-1
I suppose it has a certain 80`s charm. I`d personally hold out for the motorola 8 track phone. I like my phones chunky,0
is it in crowntown? i think i may just meet you there? let me get ready and ill let you know,0
new project @ work,0
_J think so.. although think i am being ignored! not a good day,-1
buy yay for your shoot...hope it goes well!  What is it for?,1
whats wrong with my flickr  http://www.flickr.com/photos/frenchtoastcake/ my quilt top photo only shows when you click on it! SAD STORY!!!,-1
Everyone`s talking about the goodies at #BEA09.  I wanna be there.,1
Just woke up and saw that the sun isn`t out  I need to start waking up early,0
Erm yeah watch as it sways and collapses into the river below lol.  Next time you are here we shall have to drag you there,-1
i`m soooo tired i have to study for all of my subjects ..... history is gonna be SO hard!!!! >.< help me!,-1
_Phelps hello michael  have a nice day,1
doesn`t sound so great at all  http://is.gd/JslB #palmpre,-1
Just chillin`.. I`m a bit bored boohoo  !,0
it was just areply on you facebook status that you were a little upset,0
to save my heart I think Imma let go! I can see myself getting hurt with you!,-1
_Ky_Monkey Hope u have an amazing day today Monkey! U deserve it!  No cheating on DEW & looking at THE PICTURE! lol Happy Bday! <3,1
You just noticed this about girls?  Welcome to adulthood!,0
@_supernatural_ http://twitpic.com/66l83 - i liked old ruby best.,1
aww me sry  that was me yesterday ....,-1
I hate that place!,-1
sorry guys i didn`t sign in for a while  sorry every1,-1
Open office 'writer' is weird. I need Word to open word documents correctly,-1
I Want To Go See Up. But I Don`t Want To Go With My Mom And Brother.,-1
it took me months to understand your avatar,0
i hope it doesnt rain tonight tomorrow my fam. comes to visit swimming pool and carne asada  if it rains the pool is going to be dirty,1
Happy Mother`s day to all the mom`s out there in twitter-land!,1
i lost a follower,-1
I just single handedly killed 4 flies and a crane fly with my hairbrush!! I`m gonna go disinfect it now...but bugs beware!!,0
Got three shots today.   I can`t lift my arms...,0
soooo fed up with this,-1
I was thinking there should be a thumbs down button for Cry me a river.,-1
Spend a great time with family and friends. Thanks you guys,1
=O you need to ask him something? Lmao I love him too,1
Bai KT and I have decided that at my Disney wedding we will have a parade and a mushroom trampoline float that KT and Bai will jump on,0
my stomach feels like it`s touching the ground..i`m SO full,-1
_JessicaB_**** yip.....aw gonna miss them on bb,-1
thank you isay  kamusta ang bulacan historical gimmick at ang gilmore shopping trip?,1
At home now. Feeling very tired. I want to take a nap but I can`t.,-1
Better than what I did to my MacBook keyboard yesterday! (Spilled a whole cup of hot chocolate on it.),-1
ended up face to face with a bear on 181 driving home this evening.  Sadly he took off into the woods before i hauled out my cameraphone,-1
Wish I brought some warmer clothes. It`s chilly here.  only negative thing about the trip (& the no sun which is connected to chilliness),-1
so how is the most wonderful mommy in the world doing?,1
editing pictures,0
i wish i were hanging out with kobe right now,1
ya i can never watch any of them :l,0
I wish I was laying in the sand listening to the waves crash against the shore!!!,1
me toooooo! Thank u,1
getting rained out @ the devon horse show.  *head desk*,0
With My Boy Still  He`s everything to me,0
I keep on falling asleep when I`m suppose to be awake. I miss my babyy..,-1
Hates that my a.c doesn`t work! Its so hot,-1
oo noo thats not good,-1
yep  which sucks because i thought somewhere it said it was..,-1
heyy nat! twitter twitter twitter. you`ll get used to it hahaha  love youuuuuuuuuuu,1
ughh...i dont feel good,-1
not sure i can make it,0
nice! it`s days like today I wish we had a garden,1
Your such a riot!!    You go girl!!,-1
youre very welcome....you deserve it!!,1
totally agree,1
_BHB I went to that concert and I remember Derek and Mark were hosting! I miss seeing BHB  at the grove.,-1
whenever it rains it`s so hard to get motivated,-1
i could really fancy a nap right now but i am at work at 7am and i feel that if i nap now i am wasting my evening,0
I`ll believe it when I see it,1
but i love your haaaaair!,1
so much for an amazing day...some pervert just ruined it,-1
Your missing qualifying  I think David Reutimann is leading with a 22.96 ....,-1
i am seeing you in sydney in 12 days for the third time,0
Honestly at home alone,1
you should do an # for the safesex topic,0
I had fun this summer,1
i cooked breakfast for my mom  HAPPY,1
Socksy`s just plucky and independent to Caspar`s lazy and attention seeking,-1
_Schools haha funny cause i blame  and  for me not going to bed  its a vicious circle,0
Good morning to all- and welcome new followers!,1
_Monstr  u may try Prism http://prism.mozilla.com/,0
Lovin` your performance on snl tonight... so **** funny!!!,1
thx girl! I just now woke up! I cnt believe I`m sick!! Now I have a fever... Wish I could pound nyquil  This sucks.,-1
not a fan,-1
Dosen`t Want To Go To Work Tomorrow,-1
Got to reconnect with some dear friends tonight.  I am so lucky to have so many great people in my life.  I am blessed,1
Happy Friday. Just pulled some yummy radishes out of the garden. Hope the strawberries turn out. Still no blooms.,0
who knows  It makes me sad  lol,-1
everything is your fault moxy...everything.   x,-1
OK. Happy to hear that you are feeling fine,1
Happy Birthday and cheers to PAO!!,1
I`ve thought about it several times . got a few good friends there!,1
thanks  this one will be a hit.  has been a patron since 2001,1
I don`t want to apply for jobs!!!,0
Is it possible to a have phobia of phobias? Afraid to look at list.,-1
i have to tell you that i accidentally screwed up the layout of the lautner_daily community,-1
i wish i was going to be with my ST girls tomorrow,1
found rollo! and got happy  hmmm.. guess i really do need to be inserted back into the matrix 0_o,1
even though everyone wanted to do a newish song and our teacher agreed :S old grumpy doesn`t like us happy  haha,-1
I`m going to go check out DJ Volt.,0
Walking from Teignmouth to Dawlish   http://twitpic.com/4jf4k,0
this phyllis hyman unsung story is so SAD,-1
blogging..it`s my new passion,1
Depends on what they want for it....I`ve become poor again,-1
Nope probably revision  Hbu? x,0
Dad just gave me his old BlackBerry. Not that old... But it doesn`t even have a scroll ball. I want that Bold.,-1
Thanks to all my new followers!,1
Man with a kickin` top hat just left. Invited me to blues jams session put on by street musicians. HarpmanHatter.,1
hates these khaki pants! project to do todayy,-1
getting ready for summy yummy cocoa crispies,0
Mean people suck.,-1
Surely you knew this before hand? A good book or a hand held has to be essential. Just no PSPs unless you have a charger.,0
haha. I know. And then I need a new car too. Oh ps I got a speeding ticket.,0
Are you guys gonna get the metal detector from the Brickmans? I saw Chad ask Davey on FB. Sorry `bout your ring,-1
Sum1 plz cheer me up,0
You cna get em for about ï¿½17 but I`ve got one for ï¿½27 which is Asus same as lappie,0
On the way to see my grandparents,0
Can`t seem to find the new Mountain Dew Throwback in 12 packs....only in 1 liter bottles,0
oof. perhaps it`s time to start a #moronmonday shout-out meme,0
thanks!!  my friends and I went and watched movies and ate chocolate chip pancakes at one of my friends` house. it was fabulous!,1
What a great night.,1
pilot to co-pilot baby we burnin` up   /i cannot stress how much this line works.,-1
Is at a photoshoot.,0
Thank you!  Tomorrow is my b-day too! I tease my Mom and tell her I was her Mother`s Day gift.,1
ya could hit me up on aim or here cause i am mad bored nuttin 2 do,-1
did you get fired?  *hugs*,0
offically in DC .....  missing my numero uno,-1
is feeling very happy despite the amount of work that i need to do today!!! Happy times,1
thanks I`ll check it out! i`ll be staying a Thursday night though,1
I have a stomach ache... Totally sucks,-1
Almost lunch time,0
_bbcrew dude im sleepy and went to bed as soon as i got home.  whhaacck.,0
the trailer has been removed  i have a look and see if i can find it somewhere,0
Oh cool! When is Alpha 1.18 coming out? Auto-connect was the feature I wanted to request,1
thanks for trying,1
thats my moan for the day,0
is sad yo hear about Ashleycat,-1
Why am I posting so late? Just got back from seeing Star Trek. It was so awesome,1
I really wish i would hear from josh,0
Why doesn`t McDonald`s make PINEAPPLE pies?,0
You have a DM amigui,0
So.. finally finished setting up my  account. Will switch from  during this week,0
smH daTs whacK,0
Good morning everyone i hope you all have a great day  even though  it is Monday keep on smiling,1
I really want a Shish kebab... Going to have to settle for toast,0
shes so cute when shes sleepy,1
Hi everybody! Sorry for the long listening. Iwas too busy.,-1
Feel like death  evil headache and need to pack and drive to parents. Bum.,-1
Feeling pretty tired and lonely,-1
sigh..... exams aint no wer neaaarr finished!! i have 3 next week...  bin stressd... and i aint guna b bak till end june!,-1
At work  oh no it`s the first day of monthly visitor ahhhhhh,0
meeee too. i am listening to sad music and missing you.  ps - http://www.daytrotter.com/,-1
- Woo! Great subject for this month. Now I can use my sparklers,1
fun day with boo. short but fun,1
_ricardo road movies indies rule  haha,0
Been helping ex-student with Uni assignment via Skype .... gotta love a connected world. Now sudying `game design`. Even better.,1
Same here - coffee is the lifeline to all things good,1
**** I hate this weather this **** sucks! I wanted to go out tonight but not n no mess like this,-1
what happened? I thought you were coming back today....,0
rsvp-ed qiuqiu`s wedding invitation,0
haha calm down. Youll get ur shades. I`m still sick tho. So I`ll prolly knockout after,-1
Done some positive affirmation now back to the Japanese yay for bank holiday Monday,1
just got home and  i got to freakkin clen,0
chillaxing really  Yeah man hehe,1
No dice...I searched it in the 'Help' area...just a problem some people have.  It would have been hot...oh well,0
14 more days with slow internet,-1
I just wish  would send a bruh a DM `I won`t be on til` so I don`t waste my erection on a bot,0
Thanks Elaine. I`m clipping reviews for her scrapbook.,1
Photovia secondstar05) i dreamt i was doing spells from harry potter yesterday night lol  i loved it. http://tumblr.com/xyt1qynya,1
maxxie and anwar. ep 5? i think. i am up to that one next.,0
Everyone is here. We`re off to party now,0
This is great curl-up-in-a-ball-and-read later. I wish I had a book.,1
Wife & I split duties tonight.Wife headed to OSU for daughter`s ath trng rcption. I`m at son #1`s school paper banquet.Can`t make both.,0
mad the rain got me...now i cant go see jaiden   *|)|/-\|\|/-\*,-1
Got back from a week of jamming in the French city of Meyrueis. Feel hella replenished,0
_crisis deathmatch? I don`t have that game. Plus.... I`m not really good at any games  lol,-1
http://twitpic.com/67wb4 - Gotta a show on Monday at 9.... hopefully my head will be better by then....,1
Just discovered your `Band from TV`... you guys are really good! Love the music,1
Sent u a few DM`s..Hollaback,0
I watched it all online. http://www.musicistheheartofoursoul.com/search/label/Niptuck has the last 8 episodes of S5,0
on my way,0
_ I had curry shrimp yesterday lol I love seafood,1
at the taste a addison w/ her fav. ppl,0
Ugh i can`t sleep and it`s reallyy gettin to me gahif pisses me off so bad sometimes. Atleast i know who my friends are,-1
Sinse i had dis thing..not 1 reply not 1 message. Nuffin! pshh who cares..i know im special  X,0
Greg:Showing my friends AudioBoo http://audioboo.fm/ Everyone seems 2 love it. Ta for the headzup bro. So need 2 get iPhone. Roll on June,1
Thanks for that,1
I want to party down!,0
Startin to get a head ache!!!! Uuuggghh!!!,-1
I think they are disgusting,-1
_lipz I don`t know  I haven`t heard from Lorraine recently.,0
_Bill2030 And good morning to you too.,1
I love the sunshine and the happiness it brings,1
I wish I could get my nails done  stupid job,-1
Dude... That sucks! Why would they tow it from your own space?,-1
This weekend I started a 'Healthy Lifeestyle' - not Diet!     Let`s see how it goes - will keep ya posted on my progress.,1
Godawful hangover today. Worth it tho,0
feeling like I`m gonna fall asleep any time now but I can`t.,-1
my film didn`t come out  the camera was broken. lamesauce.,-1
i have a fever,-1
with harry.. baked. love you cassie.. BUT YOU`RE NOT ONLINE!?,1
I`m wondering how big the rumored new `large screen` Kindle will be - http://is.gd/wyFI -and when we can start seeing K12 textbooks on it,0
Making a birthday song to a special person!!,0
oh I love oreos!! U can`t get many varieties in the uk,1
oh no! I just crashed my ball pump,-1
australian hardcore/metalcore scene is amazing right now. look up third strike and chelsea smile. AND BMTH IN 7 DAYS,1
Trued a rim!  I`m getting good at this! o_O,1
Already misses the Dunhams.,-1
this darn cold just keeps getting worse  i bought some hayfever pills just to try out maybe i`ve had that all along,-1
I havent ben on here n a while...  sorry but im bac now so hit me hup,-1
Oh no!  Nighty night.,0
EXACTLY!!,0
See you later lovely ladies.  Be Good & I love you millions  ****,1
_music_news Thanks,1
going to work soon and so excited!  ugh id rather pluck my fingernails off,1
I really want to go to milwaukee but my sis doesn`t want to  well she won`t tell me,-1
I dont think he`s ganna text me.,0
pups I would LOVE to..BUTT I will be saving lives Saturday night  although I know I am missing a BLAST,1
tis` cool..I still stand by my former proclamation! I`m just stubborn that way! #rebellioustwitwhoknowsacoolcatcook lol,0
I have Vampire Knight  music!!!  I feel very special..,1
fiiiinaaalllyyy home after driving all day. speeding ticket. torential rains. ... fun times,1
I only have one day left in school  My 16th is approaching,0
i love them,1
Me too I need the sudden urge to do it. Missing the Diplomat title,-1
Cuba trip booked,0
about to rehearse...starving!!!,-1
I`m entering a two month study/exam period.  Which is awesome. - See you on the flip side,1
missing my bffls! missing my friday night dates!  hot dogs for dinner then who knows what the evening holds!,-1
mcfly gig last nightt omg it was amazin didnt sit down through the whole thing  mcfly did you see me and ma best mate we were in tutus,1
Have spent half of the day troubleshooting something that wasn`t even within my control. Clusters doesn`t always mean high availability.,0
i really should be in a bad mood. but.,0
What happened to the warm?  I will commence pouting until it returns READYSETGO,0
good!  now let`s go get this done..... www.HennesseyBlack.com,1
_Henrie haha i WISH i coudl meet you.. you should stop by seattle some time  home of the STARBUKS ;) I LOVE YOU DAVID!!,1
Sucky Sucky homework,-1
All new implementation of test discovery for unittest. This time in a loader. Good start I think.   http://twurl.nl/nz8f4y,1
You know your neck is jacked up when you are forced to pay for parking bc you can`t turn you head to parallel park in the free spaces...,-1
aw man im sorry! I have logical reasoning I promise! I had to study in order to tutor my new student! 4give me,-1
will do! Tell my mommy I said the same n I love her mucho mucho!,1
First time in my live that i got a little pop up on the taskbar saying that one of my files was corrupt and I needed to run chkdisk,0
Ok so Jeff looks like he has a black eye!!,0
OK - I`m out of here for now. Just popped in to say Hi and check on things. I`ll probably head to the guttah later on tonight,0
Just found out one of my ankles is swollen...eeks now it hurts,-1
hope you have a good flight,1
Unfortunately for us it looks like there are NO funny people on twitter  Should we move to FB or start our own...flitter,-1
Me too. I found out about it a little late and couldn`t afford it,-1
Missing nathan and the bccg already. And my best friends that tried to visit me   Heading back tomorrow afternoon.,-1
thanks for the message - just worked out how to see them and reply!,1
Dave i ask you for 'The Fix' by JK!!! and send HI to my sister Lisette and me ( Alejandra ) from Mexico!!!!!,0
today has been the longest day EVER! going to sleep.. beach bound tomorrow  good night twitter,0
still on the train goin 2 the southside!,0
May we be humble but Bold for Christ!  lisa..,0
2002 - the TSX is nice just cuz it`s a new car- handles nice but doesn`t have the horses of the TL-S,1
Wish you were doing one in San Francisco!,0
im slightly over it dont feel like today much at all,0
Don`t know what the heck to do with the space of time between now and BGT    Bored.,-1
All I want to do is sit back & relax for a little while. How can that be this difficult?!,0
There`s loads of highly qualified stuff  and loads STILL using snail mail.,-1
The frank black (and his wifey) show was aaaaaaaaaamazing  sd trip is made!,1
@_enzo blech... thats a fail when you`re receiving dollars. I quoted a job in USD last month. i`m getting paid now = major losses,-1
Working out and watching snl,0
well paisley has one of those cone things around her head...SO funny but I feel bad for her,0
my gut feel says its gonna be a boy ababa,0
'The weather outside is weather' hahah made me feel better,1
ahh I hate being sick  Watching atonement! and sleeping,-1
I REALLY wish I was spoiled!,-1
Four hour baseball game. At least the Crew spent much of it making the Cubbies look bad.,-1
: have fun focus grouping! i have no participants as of yet..,1
ha english portfolio!!! i finally finshed you  annnd you! comm final. youre half done! whoa 6:44am time for sleeps. night,0
_mar_mey I want cake  is it chocolate!??,0
on my way home from ny...then sleeping,0
this will make you feel better. Will down a cocktail or 2 in your honour. Now get retorting  http://twitpic.com/4j91r,1
No one loves me  Brittany forgot my flowers...,-1
oh dear.. u serious? so how does one prevent bites??  I`m so itchy its distracting while editing.. *sigh*,-1
Jennnnnn richhhh wast to the ed,0
thanks   got a hold of someone there who knew their stuff..at last!,1
may the 4th be with you,1
thanks 4 the folow,1
just got home from dinner and am really really full. my mom said my dad bought me a sony a200k? holyyyyyyy,1
Love it! You look fabulous and it was so nice to learn something new about you,1
green computing http://bit.ly/8gb8R,0
Till then ..Ice Cream!,0
And U are doing Brilliantly sweetie!!!   Blessings and Joy to you!!!,1
http://twitpic.com/4ukqe - haha cute and beautiful  U R cool Miley.^^,1
Obviously not too bad,-1
I was awake until 12:45am then my mum turned the internet off so i couldnt watch the  live chat i was ccrying i was sad,-1
On way to Birmingham.. Sewing in the van. Punk.,0
#test SEO SMO marketing  try it,0
Friday Night and working,0
I had the worst dream ever: the Lakers were losing 11 : ZIP  & Courney Cox had a mohawk wtf.,-1
Ahh dang of course it had to do that  She better e-mail you back fast!,-1
well uhm i guess u pretty do now dont u? lol but it still sounded good,1
I`m so stupid! It`s Star Wars Day!!! May the 4th be with you!!!,0
too late!  already finished the chapter and posted it!,0
Proudly watching my film  http://bit.ly/dP2Uh,1
Well best of luck,1
Sunday my last day at apple but I won`t be in. Come kick it with me at El FAROLITO 4817 mission street @ 730pm,1
I`ve got 18 yr @ home & 26 out the house & they`re always here! AND they bring FRIENDS! WHY?  Hope you have a blessed Day!,1
if you need to talk or vent let me know,0
Aaaaw no!  Are the windows open and that?,-1
thank you! need to pass my test first,1
Kinda bummed that I`m gonna miss `s return to BG. Now I`ll never know what it`s like to make love to _gunn.,-1
sounds like a great idea.  wish I could make it,1
Happy Mothers Day  Breakfast With The Fam <33,1
this day has beasted me.,-1
'I`m giving up on you. I don`t care how you mess up your life now.'... :`(,-1
third driving lesson then back to the office,0
I didn`t get the job  but I will keep applying to other school.....I do want to teach!!!,0
http://twitpic.com/4ja12 - we were bored,-1
go to bed mister! u need your beauty sleep,0
Reading and taking notes but undertanding none of it  ... HELP!,-1
pebbles thrown at windows should get *someones* attention,0
@_erica I know right,0
tried  to sleep but i cant bout 2 call tisha,-1
thanks!,1
I alreay feel the hang over. Soooo worth it,1
Goin to the mall and gonna see the movie ghost of gfs past i hope its good and top it all im goin alone  but ilook cute and feel good ^^,1
My right ear`s been blocked up today  bit like when you`ve got water in it. Any idea`s 2 clear it? don`t like putting liquid in,-1
ahhhh it won`t let me watch the video on my phone,0
i know my mom is going up there monday with me to get it changed. i`m so upset,-1
what is it? i cant get onto bebo on this one!,0
Not feelin right. Hope the feeling passes. Stupid stomach.,-1
in that case.. that`s a stupid move  I thought they were being B-A,-1
well dnt really knw wot to do stay wit some 1 who doesnt want 2 b wiv me or move home to rents after 4yr of bein away,-1
How long before the Frisbee Golfer 'accidentally' catches one in the back of the head from his friend,-1
good morning - thank you for my hot cup of tea,1
Fiona is sad because there wasn`t enought room in Megan`s suitcase for her  http://apps.facebook.com/dogbook/profile/view/5163602,0
start work 2 moro at 6:30.  not looking forward to it,0
low low low low low low low low low.............................,0
finally getting sleepy right when the sky brightens ... figures! G`nimorning,1
Can`t wait 2 hand in work tomorrow then im practically finished for the year  yay!!!!!!!,0
Someone just bought the domain i planned on buying yesterday ****,-1
imagine i would say'bitch!' lol if i were ma d! haha but im not cuz ur cool,1
Then you should check out http://twittersucks.com and connect with other tweeple who hate twitter,0
i`m looking forward to the joy of the f1.... hoping its another disaterous race for ferrari and button gets another well deserved win,0
won`t need my hugs anymore,-1
_cupcakes that busy wowsa .. okay my pizzas gonna be a while  sorry..,-1
gaah rain for tomorrow,-1
**** that is awful... could not believe it at first... so sad,-1
: I love camp fires  I just wish the kids would try a bit harder to sing along,0
homework,0
A pues bien small world small world. yo amo a la chiquita esa. she is such a great friend.,1
Kakabalik lang from Tarlac. Good aftie.,1
my monitor won`t turn on. This can only be the work of my mother.,-1
warm and wet  spent the day carpet cleaning the yacht,0
Going to bed watching a bit of qi. Wake up tomorrow to face the start of my last summer in bath. Bit gutted atm to be home,-1
At tempe marketplace waiting to see Star Trek.,0
i mean we mite do sumthn.... what u doin hope i get 2 c u b4 u head bak,0
check out this funny movie  http://tinyurl.com/d3qwar,1
I may have to take a trip in to the loft to get the fans down...its like being in spain!! Except without a pool to cool down in  xxxxxxxx,0
The sun is not cool,-1
I`m not sure why walking around in barnes and noble comforts me so much. O well now I`m off to work,1
_ebru thank you for the link...very cool...see you on monday!!!,1
Added 3 more spots in Memphis today and visited 2.  Needed a Hot Dog icon for a new restaurant so had to settle for a Hamburger,0
First ever dropped call on my mobile. On a call to  no less! ( being charged for data even though I have a data pack  ),-1
thanks!! Yes!! A lot!,1
you`re in harlem? where? im so jealous right now! i miss living in nyc!,-1
Happy Star Wars Day everyone! May the 4th be with you,1
_sara I`m sitting in the bus to dublin And listen tokio hotel-reden.And i must laugh.you know why,1
doing the andy dance  the one on fonzie gomez show ;) haha,0
2 days without sleep and now a migraine. I thought life postR01 was meant to be relaxing,-1
My sleeping beauties  I love my grads!! http://twitpic.com/4we5w,1
OK guess I need to do actual work now.  How long until 5 pm? Oh no. I may have to ditch early.,-1
morrisons here i come!,0
I know  It **** sucks. anyway you can get a fake id or something?,-1
its been clownin since it got flooded in htown in april. Got it repaired or so I thought.,0
Eating at Zippys with candace!,0
Damm servers still down  i need to hit 80 before all the koxpers pass me,-1
I just wanna be happy,1
Don`t worry. You`ll be 38 soon,-1
Is getting upset at work cus bindz and j are being bullies  and they won`t let me go duty free shopping!,-1
_ What did he say about it?? Gosh! I missed the yesterday live chat.. I was at bed.. sick,-1
- all is fine  thanks! you guys dont have any quakes there?,1
It`s too nice to be inside,1
i like this Dr. Seuss quote - ï¿½You know you`re in love when you can`t fall asleep because reality is finally better than your dreams.' -,1
Lies...lies...lies....you just cant avoid to lie about practically...EVERYTHING!,-1
Cool. Cant wait for dustbin baby,1
im glad you got on twitter. I love you baby,1
the last time pankraz. why do they have to got the same name ?!?!,0
If EVERYONE constantly retweeted that it would make it!,0
YAY! GO TAYLOR SWIFT!! come to australia again!!!,1
i wasn`t able to go the conference.so I didn`t get the outline.. however I have been doing my own & it`s coming along.,0
i know i was wrong. maybe i shouldnt did all of those **** things like that,-1
omg you`ve never seen `the Ring` its a creppy **** movie,-1
never thought my daughter would want to borrow my clothes... even less that she would suggest that i borrow hers... luckily it didnt fit,0
I have no Minstrels   I might have to grab some from the petrol station before I head back to work.  They are delicious!,1
http://bit.ly/qiPUU  Jon 4 Lakers Video Blackberry,0
Well hello twitters,1
I hate the fact that I`m 4.5 hours away from you tonight and tomorrow we`ll be 1946 miles apart  I wish you were here (,-1
it is ****...u have dissappointed me that past few days,-1
About to go eat breakfast at jay jays cafe with my one and only,0
i have a song suggestion. anything from the veronicas first album - the secret life of...  that would be a good choice,1
so where r u spinning now that the Hookah is R.I.P.?,-1
seriously bored without anyone to talk to... but not tired enough for sleep,-1
Off To Do Pilates Now! Tweet Y`all Soon!,0
Fell off the wagon and had a Maccy`s!!,0
I know  haha night,0
CHILLAXIN AT WORK...MAN I SCREWED UP,-1
@_hayles yer there must be-not sure tho-caught it off my brother but got it worse,-1
Can`t I mix and match  Dumb drive in!,-1
I have ants in my apartment,0
I know Buffie. I am sitting in my office instead of going to see Ms. Kane. Major bummer,-1
depressed that both of those are already out but yours isnt. I want your book!!,0
online! www.dujourmag.com/subscribe,0
I love colorful horsies!,1
Because I love my job,1
One is not supposed to have a headache on a Friday. That`s just not right.,-1
Up already  Nooooooo!,-1
Oh gosh I hope so. How fun!,1
Way too many people indeed... I only recognize the Chinese guy... LOL,1
Good morning world.,1
Lots of things Nico. Gud news: I have a job Bad news: Its in the middle of nowhere. Got my phone 4 twitter but cnt play videos.,0
it was Lies. and my fav song is not alone from room on the 3rd floor,0
Happy Mother`s Day to all the mothers,1
I heard your moving to Sydney next year im not happy,-1
Your youtube account is down.,-1
Thanks hon!! Project Bra starts today!,1
of course,0
http://twitpic.com/4jbba - ohhh someone likes to play with their food.... heehee,1
oh the noon? I don`t know if I can make that one...I only get 30 min for lunch,-1
I am soo happy! Thank you baby for the best 1095 days of my life,1
It was a lovely attempt at poetry!,1
I know its a Block Party but would love to hear a DH original if you get a chance,1
I`m no longer a sophomore.  Junior year is bringing new things. I`ll be on 24/7 now. Hit me up and check out  http://bit.ly/esGIQ,0
Hurray for old friends with beer and lady friends!!!!,1
sneezing frequently,0
Had fun early night Vegas because Pool tomorrow,1
_OTTAWA have fun!,1
Thanks for Following,1
Quick thoughts. Tired. Happy. Satisfied. Entertained. Excited. Oh... and a bit in love,0
night boyssss,0
Damnit. I have run out of candy coated books.,-1
Now i feel really really bad...sorry,-1
i love you more than you`ll ever know.,1
i really miss my satan kitty,-1
Just saw it tonight as well... Great movie!!  Hope you`re well mate! Cheers E,1
Just like the old days  drinkin at the old spot .,0
had a good day but im now skint again,0
I gots the sniffles,0
is goin out  to  dinner!,0
yeah I kno...I`m tryna change it bac but its not lettin meeee,0
Hi-5 to ALL my friends and ummm thanks for the follow and enjoy the ride IF I make too many trips (I will) for u and u gotta go i get it,1
i hope i can find a store to take us,0
http://twitpic.com/4wkzi - before prom. this is when all the chaos began,-1
Go Canada they made Nikkie Payne #1 comic well she is soo yeah but she is only funny to pervs or teens or people in my family,1
_Bayliss Naww... when should we go on mega scotter?,0
Ok that **** duet was hysterical LOL,1
_henrie  Can you do a shoutout to holland please ? You got a lot of fans here!,1
Thanks! My mom`s seed is larger and already cracked (and planted). I hope Avalina isn`t a dud!,-1
nt online today & mayb whole of next week  if u havent voted pls do: http://bit.ly/hHigd,0
All alone at home.....,0
when u get a chance can u post a video of tinkerbell saying peekaboo i kinda wana hear him say it,0
_sb I killed my furby tooo,-1
went to bestbuy today and found that they had pretty much ever HP except the one i wanted to look at,1
LOL  I know what ya mean. Watching everyone else act a fool is much better the  not remembering acting a fool yourself,1
I forget you`re from Venezuela! Talking with you is like with my classmates.,0
started a great mother`s day season!,1
Poor Johnny is sick   Looks like he`ll be going to the vet tomorrow,-1
i haven`t got a text back!  sod her i looks fabulous!,1
SBS 2003 or SBS 2008! Damned if you do and damned if you don`t!  Fun times at GCH!,0
School can blow me. He looks nice today thoughh.,1
*sigh* i always disappoint people who get in my way...  everyone .. i`m OUT.. i might disappoint everyone else here..,-1
Grass mowed. I can haz playtime now? No?  says we have errands to run,0
im soooo loney,-1
great show,1
aww preciate the loves hunnie,1
_09  ii No!  GRR   oooh Aiden Lol   x,0
omg!!! mcdonalds combo and wendys sundae = puke material,-1
Morning...tired should i excercise or jus relax need to catch up on sleep..Ladies would you like to see Shemar Moore @ Embassy? Hit me up,0
i`m so sick   bad throat and the WORST toothache.  good thing i work in a pharmacy.  load me up with drugs!!,-1
At my rehearsal...gonna miss the game  please keep me updated! Go Nuggets!,-1
Today is my last official day of Uni! No more balancing uni work with music!!!! Til october atleast,0
I am going to see how long I can do this for.,0
Ah! Just remembered some (hopefully good) news is coming (hopefully soon) from someone I know... once again may the *happydance* commence,1
Yesterday was the 1 year anniversary of the best day ever! YAY MCR!!!!,1
i know. i need to get their cd somewhere.. hopefully they sell it here in finland.,1
Ugh! I can`t access through my mobile web!,-1
is sitting in her nan`s bathroom dying her hair for the x factor auditions tomorrow,0
one week till exam block,0
texting,0
happy to b home .. then my mind wanders an I can`t sleep,1
Had an awesome lunch with the family & now dinner with the in-laws,1
no class the next two days...but work  everyday from today til next wednesday  so sad,-1
_tifullyTragic ... in London last night so give it a few hours & I`m sure a few will appear,0
Yes! Join us! All we require is a cupcake donation...,0
Wish you both a very Happy and Fabulous Mother`s Day!,1
wondering what on earth is this new tools for,1
_babsi there`s a manual process... but it`s taking 4ever on my outlook database... pffff. crappy msft product,-1
I wonder if I should put a bet on Cubs winning world series in 2015 due to BTTF II. I`d love it if it actually happens.  Me = geek,1
I miss all you OK girls.    Happy Mother`s Day to all y`all.,0
the exact one i was thinking of  the bestttt.,1
'coomee to ja-maiii-cah an feel alllll right!!' hahaha,1
I`m not! They frighten me to death............I just like to see all the boys in their leathers!  ;) We go every year. Brilliant atmos!,-1
time to leave a passive agressive note to the owners.  It`s not the dog`s fault... it`s their **** owners,-1
dude i tried!! it wouldn`t load!,-1
_daarling haha yah it`s walking distance from my house  Mission Tiki Drive-In haha every summer we go like every weekend,0
Can`t wait for  live! It`s ages away but still I should do a  and plan what I`m going to wear lol,1
10 more minutes and i never have this class again. Its kinda sad cause this class is so fun,0
; Another friday night cancel.  probably movies with just Ashley.,0
I am totally knackered and back in the meeting,-1
aaawww  no worries fresh start to work on growing it out again,1
you`ll be fine  don`t worry ... good luck again,1
better go and put my clothes on guys.. even if P.J`s are warm and moveable,0
glad you liked the gmail add-on too. We visual people like the asthetics to be right don`t we.,1
is watching movies,0
thought Yes Man was good  had a blast with old friends tonight and heard some great music,1
The exception for a short dude: Larenz fineass Tate yum,0
why am i so tired?,-1
I don`t know what this is all about  but I`m goin to sleep,0
Listening to Miley Cyrus Breakout CD ! love it!,1
UUUUUGH!!! I HATE I MISSED  INTERVIEW!!! I WASNT AT HOME!!! DARN!!!,-1
http://twitpic.com/4wdui - She`s so festive aint` she hehe,1
God bless that oh-so-sexy rahul picture,1
broken my leg  comment me please,-1
i hope you feel better,1
yea i know right! i love that song!,1
i wanna good breakfast with   school is wiggity whack!,1
My sunburn itches  ouch,-1
Joe and I loveee you.,1
leather jackets=uncomfortable....not my thing,-1
Finished with MTML assignment  But didn`t like it at all. Feels like I missed lotsa points but the word limit is 2500. Hmmpph!,0
Na my friend.. why? you ask  is it my great physique lol,0
i want so bad to go to the mcfly`s concert,1
now the pic wont load up on twitter,-1
Happy mothers day to all the mums!,1
Mmmmmm I love curry. Don`t have an Oregan though.,1
hahahah of course  they have such a nasty display picture :`),-1
Going to see Angels and Demons tonight. It better not scare me!!,0
that plain sux. kinda like cheers goin off the air.,0
But I have to cause I missed a lot of classes,-1
Gratiss,0
hey girl i just sent ya a message on Myspace,0
Washing The Dishes :S iTs So hard 2 be Me,-1
He`s my boxing trainer. Although I think the bruise came from me hitting myself on something. Ow,-1
Wow slept in with no dolidh here to wake me up,0
Watching Battlestar Galactica Season 1...Yeah you read it right!,1
Awww I wonder when ima get married. Shawna and Damon are so cute,1
i hate it. it should just be english all day everyday,-1
mmm but nothing i can do. lucky ive got great friends like u to cheer me up,1
I`ve always said to PD that I wanted a kitchen like yours...I just wouldn`t know what to do with it,0
_Kill_Boy I know the feeling,-1
You cant put off age but you can put off grumpiness,0
... schedule says 10:30 class? I will be late for 10  #campjitterbug,0
I really hope so,1
Happy Mothers Day Everybody!!!!!!,1
Watching George Lopez. Went to my school and played some basketball. Today was pretty nice. And HOT!,1
yeah I didn`t realize how bad it all was till now,-1
Oh and Cali plans are a GO! I might get to see DA too and she`s my hero and rocks my socks,1
ahhh...Lily`s new kitten just took a giant wet stinky **** on me,-1
Done studying bout the earth,0
Eli in the ER  they pricked his finger for blood sugar and he was trying not to cry http://twitpic.com/67z2q,-1
Enjoying d view @ sg flyer,1
home from school now. watching that `70 show,0
that is a good pic  All the guys looked good yesterday tho..don`t ya think?,1
Oh no.... Trouble in paradice,-1
just listened to Domination by Pantera on Grooveshark: http://tinysong.com/36pz,0
there was a mix up with my dentist appt this afternoon. so they rescheduled me for tomorrow @ 9am.,0
New To twitter,0
holy cute! Dexter has already lost his kitten face  gettin a chunky butt since we got back from qld too haha,1
ugh!!! i hate my life! no one is hiring! *sigh* stupid economy.... stupid bush,-1
Unfortunately I`m not  - someone`s squatting on that,-1
i was in chiangmai for a month last year during loy krathong. best festival ever.,1
happy 1 year! <3,1
I smell cake but I don`t see any cake on the oven!,0
To eat or not to eat? Its gonna be my last meal for the next 2 weeks.,0
Margaritas with my Momo. I`ve missed her.,-1
feeling better - did nothing yesterday but lay around.   hate i missed the youth leader polar bear swim   gotta love youth!,0
watching hoping for haley,1
TINK! (whatever the **** it means!!) from your JKUK girls! Show us some love! ;)  ****,1
Watching 5 children and it.  i really should be studying. I`ll start soon :[,-1
Meant to ask how did the other night go? Did you enjoy the fight...did yas have an all-nighter?,1
My uncle isn`t coming after all,0
ohhh. hm. I don`t want to screw mine up,0
No more spending the day chatting with Steve on the computer   Now what I am I going to do at work?,0
this weekend was a very relaxing one.. i was at my cousin`s place and watch a tv series 'Tru Calling' really cool,1
unfortunately noy   my life suck this year.,-1
it`s realy boo0o0o0o00oring ..my book is on the side & i`m not studyin for sure...,-1
i think its like 1million degrees here <3,0
Reached Bangalore!! Now gotta hunt for rooms,0
I can`t believe you tweeted that. It was our special moment,-1
Aww thanks jon that`s very thoughtful...u know how to make the ladies feel special,1
No surprise there. They probably don`t know themselves where it is,0
Happy Star Wars Day everyone! May the 4th be with you all  ****,1
Gave my mommy her Mother`s Day present. Tickets to Aerosmith (her favorite band everr.) Yay for a good reaction.,1
Do you think the bead crumb navigation will return to the new Fusion studios? I really miss that at the top of each item.,-1
I skip school way too often  I`m rather proud actually.,1
yeah quite a few kids in my school got swine flu. they only close down the school if its 30 kids or more,0
I was only @ Cambie just slightly before the event then had to leave  Waiting for feedback though; I`ll keep u posted!,0
is drinking. Yay!,1
ugh... I know the economy is depressing...,-1
Liam peed in the potty!!,-1
Listing to a sad song  so i am sad too,-1
YES. i am thinking of staying in the office until it`s slightly less RIDICULOUSLY HOT,-1
you are very welcome,1
I may have come down with something; we`re almost out of tissues!    this is not a good season  http://tinyurl.com/nccqya,-1
Am busy yes...But then always am. Hope you had a great time traveling.  Where did you go?  Welcome back!,1
Environmental project,0
b/c you catnapped...cats always have weird dreams,-1
Very early and I am actually just going back for a little more rest ..... talk  with you a little later ....,0
My vibe is currently downed.  The only thing amusing me is my Joker shirt. *Looks down and pokes shirt* I want a peanut butter sandwich...,0
What happened?!,0
Why do weddings on TV make me cry? Is it just my inner desire to be eternally happy and start the rest of my life??,1
I need to memorize julius caesar lines,1
back to the lovely land of the north,1
im going to miss khyy so much,-1
deff workin this weekened,0
New word of the day: 'Whoore lure' yes... A new word for cologne. Thanks Mike Harding,1
it would be so fun.  too much to do.  not enough time or money.,0
Morning all - happy Star Wars day - May the 4th be with you!,1
funeral at 2.  today is going to be bad.,-1
absolutely nothin,0
haha I just playing,0
cooked my own Lunch todayy  Givin` my mum a relaxin` dayy.,0
just looked at your hotel web site..what a place   but they do massage  and thats my job..  lol  lol,0
.. these holidays are soo boring..,-1
is sad cuz my mommy leaves to indy today,-1
morning  football today! thinking of learning some Applescript,0
Had a little fight with My Best Friend   What should I Do?!?,0
yup - working away hard! Busy busy busy,-1
out shopping....,0
awlll mann  we should meet up this summa or something!,0
I get bit by ticks all the time  I eat a ton of garlic in the summer to keep them and mosquitoes away! boo >:O,-1
A VERY HAPPY MOTHER`S DAY TO ALL MOTHERS OUT THERE! Mamma Mia - Abba   ? http://blip.fm/~5z5uw,1
second song is coming along nicley,1
today will be productive: gym now....lots and lots of writing later,0
I WANT YOU ALL HERE WITH ME TOO! Ya`l shoulve gone with RM!,0
_michele but sometimes not having to say nice things all the time is kinda fun  *teehee*and now I`ll put this back on as well *halo*,0
WHY CANT I FIND IT!!!,-1
just got home from school and from the wake of my friend`s father.  so tired..,-1
thanks again for coming out to support us  you rock!,1
Mortified. could lose my job,-1
_tah oh no.  *hugs*,0
is bored at work,-1
I corrected myself,1
Your not alone,0
wow its follow friday and i havent tweeted... Fail. And nobody has followed me today  dble fail. *suicide*,-1
I love to jazzercise with Mrs. Underwood. I wish she was my chaperone.,1
What was the compiment? I`m glad you`re having a good time.,1
is sick and it doesn`t seem like i`m getting better,-1
yeah & when it goes wrong it`s the worst feeling ever,-1
_Cullen oh really!!! i`ve already put all the pics up!! sorry!!   http://twitpic.com/61oj0,-1
She! Maybe that was our first mistake.  Not everyone is as cool as   (brown nose moment),-1
I must admit when i first saw that name posted i thought it was an exploit attempt,-1
I`ll probably have better photos up later today. Took some picks with my big camera too. Camera phone = blury camera,0
http://twitpic.com/67kvt - my bestie leah  havent seen her in so long,0
On my way to LA. Running a little bit late,-1
just got back from my grandparents suprise 60th anniversary party...it was sooooo much fun!!!,1
is sooo stressed about everything I have to do,-1
not my groom!  think i`ll die an old maid! lol,-1
you can do it,1
Eminem 3AM ... Freaking Awsome!!! ... Im Going Back Too... Seams Like Something big is inside me... and no...is not a Alien,1
at panera for lunch  byyy myself  aww,-1
LOL!!! I`m going to see it maybe today,0
directing a theatre play,0
word?? ima be there this summer....just move back with me  lol,0
headache  wanna see my Julie,-1
thank you! It`s sunny outside so that`s a good start,1
i have a feeling today is going to be amazing,1
UP was awesome! Everyone should go see it.  But the stupid theatre didn`t show the Pixar short film.,0
says gots my mom a digital picture frame bout to scan pics of her wedding n all that mushy stuff  http://plurk.com/p/su3eq,0
Ohhh  only a bit of time left to have an account on the forums.. I do hope I get to be a leader some day :/,1
reminds me of the weather a month ago it was horrible  I hope all is well hugs,0
Good BUT it`s supposed to storm later,0
i feel like taking a day off but cannot afford it  looking forward to the dfb cup final tmrw night though. go werder!!!,0
hey  sending some Florida sunshine your way  Supertramp ï¿½ It`s Raining Again ï¿½  you m... ? http://blip.fm/~5jucn,0
http://twitpic.com/67w20 - Jordan baby was talking to me!!!! I wish I coulda met you!! ugh,1
Scared  waiting for the call,-1
come and save me from my packing please?!,0
Love **** Magix it`s cool!!... great rhythm!!!,1
Don`t count on it,-1
another purse? Need to see photos.,0
why do i even bother anymore? Everyone is makin me feel like im a waste of space,-1
why are you sad?,-1
is now on twitter.....,0
Didn`t get to go wakeboarding  but i`ll be good cause i`m having a lush night!,1
you`re so far,0
_sl happy sunday to you to,1
its Monday and all is good,1
Just realized it is friday and b/c of a party I don`t get to go racing.,0
A year from now is graduation....i am pretty sure i`m not ready for it!?!?!?,-1
Hoping that this will just heal on it`s own because anything I put on it just makes it worse. Owww,0
Heading out to do a relay in the Belfast marathon,0
Ouchies. Sorry to hear it  Are you going to get it checked out?,-1
Working at hop city. Gotta miss baseball,-1
the kid that got a second chance shudnt have. mowgli didnt. gutted,-1
: AWW! Thank you honey.. Didja get mommy a daddy?,1
lets hope retirment is not cancelled for any reason,1
each day is a new beginning,1
Football session after this.fun,1
Im @ the dentist  ....scary people here...,-1
) I can relate to the frustration.I ruined my wp blog many times during updates.They warn you a few times.'back the ^$!@# up',-1
i miss rich,-1
Taking my brother to the airport  Then gym.,0
is getting her hair did shortly! and hoping everything is going well for her friend currently getting surgery!,1
I just signed up for Japanese 123 at Clark College... it will be a night class with Kamei-sensei... only two days a week  KUSO!,0
I called but you didnt answer,0
Have to keep bumping the mouse so my computer doesn`t go to sleep. No Internet access  No files to work on. Slowest Friday eeeeevvveeerrrr,-1
missing ontario..,0
Can I get some gd news for gods sake,-1
I want someone to come over so i can take pictures but no one can,-1
nooooooo  sue is retiring  no no no no!,-1
@_Mintyfresh Thanks very much!!,1
I`ve just realised. I won`t be able to talk to any of you crazy cats on Sunday. Is sad now.,0
I knew my mom loved flowers and she loves the Rieger Begonia so... hanging basket seemed perfect,1
Just realized I hold a membership in the gym - saw my bank statement,0
Yeah. It`s sad.,-1
is working 4 to close,0
its my last friday of my high school years!,0
In a period of exams days are for study and nights for study and sleep... no funny time...,-1
Ok.....Twitter is not near as exciting as I thought it would be!,-1
Since the demise of Woolworths it isn`t easy to find reasonably priced pick n mix anywhere,-1
I need to sleep for a whole day to recover from this birthday!! I`m getting so old!!,0
Hey where my left ****? She never respond bacc..,-1
based on the similarity between 'May the 4th be with you' and 'May the force be with you' today it`s the 'Star Wars Day',0
He`s off!,0
I have a headache. And I have nobody to keep me company.   _wants.to.be.a.kidd.again<3,-1
wassup m8 ... bad day not good,-1
hmmmmï¿½being home isn`t *all* great  http://u.nu/8m68,1
I can`t wait to see UP! How dare  have a 'real' job. Probably going to have to wait until tomorrow.,0
Listening to have heart. Aka i took over carlys last.fm      its 4am need to be up in 4 hours.  Looooong day tomorrow,-1
now my heart isnt cold  but im still missing you.,-1
I missed one,-1
_22 ok so I`m having a complete insomniac moment. It`s 6am(almost) and I`m STILL awake. I hate when I can`t stop thinking!  mornin!,1
coool thanks a lot  ****,1
trying to win tickets! com`on dc101...,0
You have to come to Chile... with AC/DC would be fine,0
_marie1 hey beautiful whats up?,1
is tired on her friendster account.,-1
Caught in a herd of somalions,0
probably why he`s still married to Joan perhaps?,0
that and being so careless with her vocals.,-1
likes being friends but it hurts when u love your friend but the feelings arent the same. trying to sleep. has to really try to give up.,0
@__emilyy you guys are the bomb haha,0
samberg and timberlake collaboration; **** in a box,0
Oh tonight... Looking forward to it,1
Bleah a tad tipsy and too many cup cakes. Maddies birthday tomorrow + family party,0
Wow... my god the whole UI is sooo much snappier. It`s more responsive than TweetDeck now!  Tweets feel like IMs lol,0
I don`t see why not,0
I`m still working.,0
is sooo close to finishing her exams  role on monday and i will have my life back.,1
can`t go to bed  An am sooooo tired!!!,-1
Great cover  ? http://blip.fm/~5jq9o,1
off to work! missing out on all the sunshine!,-1
Life can get soo Dull sometimes what do you do when u have no 1 around  x,-1
Major Fail. Since you asked,-1
Off To The Movies With Abby (Who I Have Not Seen In FOREVER) To See Star Trek. L8er Twitter Folk,0
Never made it to the gym so will be doing my blowout sans thong wearing company. Phew! But bummer on missing workout,-1
has found a free wifi point ... and it`s sunny,1
_Jo my mask is non-existent at the mo  Charis didn`t send me one & I haven`t been bothered to make one! I`m wearing boy clothes!,1
HOMELESS afterJune 1st.......,-1
that sucks - I`m still hungry and sucked down my food.,-1
_carter the video is private,0
I saw you started following me -  Welcome - what do you do in AKL and for whom?,1
Brent Cross? wow! I live very close from there!,1
Here at work still feeling the pain for my friend wish I had a magic wand to erase all the madness,-1
_bishop  sez need to get u to look at my flights again  will email ur work tonite,0
HAPPY B-DAY SHARON,1
heyy are you ok...? i know it sucks having her in you dorm... but i assure you it will be ok,0
#Volvicchallenge Tesco dropped off my 14 bottles today  Props for doing so on a Bank Holiday,0
And trash repops.  Getting it tomorrow night I suppose.,0
Happy mother`s day to all mothers here!,1
Looking forward to the new week with the presentation of my book in a store in Dillingen today and some interesting sales seminars,1
don`t worry  just sleep.,1
Drinking and smoking is very bad.---but im grown tho,-1
Yeah the spammers are discriminating: none of the females  are part of the target group apparently,-1
say a hi to me tom  please please,0
The Disney Store is not treating me to well with hours  I realy want to go on 6/13. I willdo anythig to go to the show ;-),1
I have a farmers sunburn! Ahhhh!,-1
Whats up today..? missed the #coffeeclub that day,-1
morning michelle  how`s the oatmeal ?,0
im still melting and im in the house in the shade  its not fair.,-1
So it`s Friday... I have to keep reminding myself since every day seems the same,0
man I can cut my hair now. I mean not with cory.  procuts here I come.,0
HIII!!!!  i`ve missed you  just bored....what about u?,-1
I am slowly getting angry at this Jon and Kate Plus 8 thing,-1
going through security already miss my baby.,-1
going to bed. night,0
its mothers day,0
lmao boss ross don`t come on out here  I love that man he was the truth,1
who watched X-men origins: wolverine? i totally loved it! haha,1
last real seventh hour,0
i was invited to one on the beach but it was too short notice i mean why the hell tell you 2hrs before?? really?,0
http://twitpic.com/6698b - Clean,0
is wishing good night everybody,1
he`s pretty cute.,1
is feeling so giddy and wanna go home.,-1
My poor andrew just had 2 of his wisdom teeth removed.  i wish he`ll get better fast.,1
_Stack i wish i could go to both but i don`t think i`ll be allowed :p either way with two shows going your bound to get a ticket,0
Sports Bar Shatranjanpoli Rest Ph 26498457 All Sports Bar Andheri W 26733333 Dont know whether that helps. Google ki jai ho,0
the idiom?? doesn`t ring a bell eh? hahaha. y`are really thinking of food?! nope. actually in the bathroom. teehee,0
sorry my friend ... but  is paying the mortgage!,-1
dad`s posting got postponed ONE HOUR before he was meant to leave. either going to afganistan or NOWHERE. i`m sorta happy  but he`s gutted,0
did you watch it?,0
can`t believe he has to wait till October to see 'Up!' when Americans get to see it this weekend.,-1
I wish the photos on your site were bigger,-1
1 John is an amazing book. Just what I needed to brighten my mood.,1
shweeeeet!,1
im sad about missing out on the opportunity to be in valencia`s new video.,-1
trying to find some friends and not having any luck,-1
I tried that pincode... and it says it is expired... you only just put it up.,0
Need dayquil,0
That`s the song I mean,0
animating an ad for work. One of my favorite things to do. So much so that I`m doing it on a saturday night for fun!,1
Off to bed I go to dream of a world where Wal-Mart and Liquor stores all get blown up,-1
My grandparents cat may die... I love that cat. I swear if he goes... / / /,0
you got it all done?? even the labs? thats all i have left to do. and i cant figure it out. FML,-1
i`ve got nothing witty to tweet,1
You win ... SIGH Rakeem,1
I`m with you...been up till 5-6 for the last few nights...,1
I`m thirsty in the middle of the night and get to the fridge only to find my Brand New bottle of Cran-Cherry juice gone....  FML moment!!,1
YAY! My temperature went down!  I can have dinner with the family tonight.,0
Go to Campos on Missendon Road in Newtown. Ask for Ben. And discover how great coffee can be,1
It does! Lol but i have none,1
I think my phone has officially bit the dust.,-1
On runway 2 hours,0
And this is what happens when Swine Flu gets to all of us.  http://tinyurl.com/55hq2o,0
Back in a mo. Cover Girls hubby on fb chat. She not seen him for 5 months,0
right guys i have to go,0
I`m exhausted  new song 'one day' on myspace check out http://www.myspace.com/tannajoy,-1
My ipod has taken it`s last breath... Im truly devastated. I have lost my public transportation companion,-1
happy mother`s day  & later on i can`t wait to see _day26 in concert. lol. well ima see all of day 26 but i like him the most ;D,1
Starting class. Today we start MediSoft.,0
has a sore throat,-1
hiii im on my ipod...i cant fall asleep,0
Lol..Wat was Vibes doin on Atlantic? & where`s ur shirt in your twitter pic? lol,1
mcfonalds roulette i i lose. they forgot mygrilled snack wrap,-1
stuck in stupid Jeuno with flag up.  Wish I was in Windy fishing,-1
she is all grown up,0
Happy monday  up and about going to tavares today. Hope everyone has a blessed day!,1
sickkkkk.  GET ME OUT OF THIS HOUSE! need to get active. whats going down? Celina havin a party? hit me uhpp!,-1
_II It`s foggy here,0
Meee tooooooo..... And its bad.. when I`m bored... I eat.. lol,-1
Watched Australia last night and got to say bloody fantastic film with the added bonus of Hugh Jackman  definitely a got to see movie.,1
Had an awesome pedicure today!!,1
I want it BACK NOW!: http://bit.ly/PP1WZ,0
how come when i straighten my hair it has to sprinkle,0
The seat was a nice place to go,1
NiGHT NiGHT MY TWiTTER LOVES ON THE PHONE THEN SLEEP,1
Microsoft Announced Windows 7 Release Candidate. Download available tomorrow,0
ATL to NJ....almost home,0
god bless u and I hope the rest of your weekend is joyfull,1
that sucks!  put some britney on!,-1
what`s that? The sun? No sign here,0
it was AMAZING!!! Had the best time  hope you had a good weekend too.,1
because the one I was having at that moment woke me up.,0
Muay Thai was awesome. I`m gonna be sore in the morning! I feel like being bad and eating junk tho,0
It wouldn`t let me download it cos it said I`m the UK. I had a little cry.,-1
I want to hang out and play!  But I can`t.  Fiddle Faddle on my workload!,-1
OMGZZZ i just realised homer simspon aint real :O  haha !,0
congrats ya ran,1
lost my game  by 3 POINTS!!!!!,-1
it can only get better.,1
a great song by East Clubbers,-1
Sunrise by Blvd East is awesome. Now to get some sleep. YAY!!,1
oh I am so sure they do get everything. They live their like celebrities,1
FB is boring   and i wanna sing RIGHT NOW..! *-*,-1
I am very sad because I have gone on the show McFly fan I am of them!,-1
Happy nurses week! It`s our first one as rn`s,1
Good Morning Tweeties,1
I have to work tomorrow too sheli,0
welcome home babe!,1
I`m SO thinking about skippin out to NY in the morning. . . but all of my plans were for tonight  well . . . most of them anyway.,1
i want to experience snow  we don`t have snow here and it sucks,-1
sitting in the car with my cat. he keeps meowing and i feel so bad,-1
http://twitpic.com/4jg09 - looks exactly like I do when I get that GH guitar in my hand,0
Yes!! i has 100 minutes of Sims 2 plus Seasons  ) fun fun expansions,1
_Melbourne Sounds good! Say hi if you run into me there! I`m always always having coffee there,1
19 years for Phil Spector  http://bit.ly/199ZWD,0
I`m probably going to be doing the same thing,0
On my way to work wish I had more days off,1
**** you rhinitis! boohooo my poor nose,-1
Just tried to sign up for  but apparently Knoxville is not a big enough city  Will Knox ever be on the list?,0
Tryin to figure out how to direct message and is gettin frustrated,-1
i miss you tooooo  you arent too far! *A*,-1
no #thedailyshow this week,0
a bedtime story pls....,0
_surprises unfortunately yes,-1
Eating.,0
http://twitpic.com/4jkes -   Here`s your follower count.,0
Kicking Back In The Holidays  No More School for a whiles,0
Good Luck,1
I`ve gotten a cold every time I`ve flown somewhere 6+ hrs away in the past year.  Hope to be back in the pool/on the bike next week.,0
Had a good end to a busy day and now I`m off to bed with a full belly of sushi,1
the low point: a poor pigeon outside my building isn`t capable of flying. It`s just wandering up and down the sidewalk. so sad,-1
#followfriday     follow these ppl ... they are interesting ..  doesnt tweet much though,1
aww i hope it does fly by because JT episodes are usually really good (and it`s early but so far this ep hassn`t disappointed),1
How does this Follow Friday thing work?  I don`t have any real followers,0
Burnt the **** out of my hand today.,-1
Yes! Haha and then when he impaled himself with the crossed keys!  Love Scottish-trying-to-be-Irish Ewan McGregor,1
PArts of me are starting to feel the effects of over tanning,-1
yes........there are many cool things americans cannot watch,1
It`s natsmith88 last Friday today,0
Willie is pouting because Grandma didn`t put any treats on my food  http://apps.facebook.com/dogbook/profile/view/6877293,-1
hahahaha omg you win the internetz today!  'Why are you trying to turn me into Zac Efron?' hahaha,1
I KNOW! I love Nicholas Braun & I think he`ll make an okay Cameron but I don`t wanna see it either,1
So are you going to watch Star trek or Wolverine..? I bet you are going to watch both  Right?,0
i wish i could meet you once  do u think this will happen someday? :`(,-1
Is waiting for Foreigner start,0
BUT THEY ARE EXPENSIVE.,-1
MY best `thing` on the planet,1
Favorite little cartoon movie in the world,1
Very bad things.......I need to stop thinking!,-1
_star v. good. i thought you were registered na?,1
Apperently ea knows my copy of the sims 3 is not legit and is upset,-1
Tyler Perry is Hilarious! I think I will.  I`m off to bed though so I tweet ya in the morning. Goodnight!,1
waiting for someone`s SMS. it`s been weeks and nearly a month  :?,0
Well I asked you a few days ago and you said money was the only thing holding you back Saturday or something,0
http://twitpic.com/66st1 - please let me freee... I can`t watch you **** for much loongerrr!,0
Why isnt my internet working,-1
Dï¿½jï¿½ vu!!! Changing out of my GQ outfit,0
watching supernatural  those boys can hunt me any day <3 haha,0
In hysterics at Yaas` email <3 Am writing a speech for Speakers` and doing Food Technology...**** it`s good to be off school on a Monday,1
Wishing the rain would stay away for a while so that I can go to the pool,1
Oh! Good idea about putting them on ice cream,1
I am sad because I broke my super-awesome giant paper clip I was using for my Italy notes,-1
- thanks!  it`ll be great    ... and even better as soon as I get that wallet in my grubby little hands!  lol,1
Thanx love,1
This GAR keeps going out - 3rd relight,0
NICE TO TWEET U,1
whatsoever do you mean by `how I get down` lol I`m always sober,1
I`m not ditchin i`m barfin so sorry guys  ESOTSM;,-1
cool  that`s good. You back on trains for a while?,1
chillin an havin a drink,0
I soo wanna eat McDonalds Fries,0
Fb I hate when I try & support my local bookstore & they never have what I need,-1
thanks joeman!,1
im so hungry and i have nothing to eat,-1
just watching hollyoaks omg,0
It feels like its nine and not one. Guess what? I love making money,1
You too sweetie,1
may the 4th be with you,0
vmware fusion seems getting slower and slower,0
ALL white shoes make me cringe  . White shoes give me pause.,-1
haha. It does have a nice ring to it (: Lets get used to that. ok! iloveyoutoo.,1
hahaha we just won`t tell him will we?,0
Blocked the acct for one of my most hated sports teams. That felt really good.,1
have no line bi-focals for over 3 yrs now. End up taking glasses off to read close up.,0
LOL watching Big Bang Theory latest episode,0
still at home goodness,1
listening to the new demo! This song is going to be fantastic once its done!,1
So much to tell-Only blip is her immune system hasn`t recovered-not yet a newborns. Give it 6 more months.  But that`s nothing.,-1
last drops of the thesis... God let it end today.,0
_EaredPages Yay!  I can`t wait to come in the bookstore and gets some new books,1
ugh back in reno,-1
my heart sings,1
what are u doing now ??,0
Whats is up with me! I am spilling everything,-1
_**** not as yet... i would just like to know if its okay for your mum before ask my mumm  hopefuly there gonna tell us soon!!!,1
waaa the octo drive and i can`t go for it,-1
Missing  from BKK na.,-1
Congrats ...so proud of you girl,1
need more songs to download. suggestions? ill take anything,0
man that sucks.,-1
****. I got a math test today.,-1
A movie`s worst fate used to be 'Straight to DVD'. Now it is 'Straight to DivX' or 'Straight to Internet',-1
i DO THAT ALL THE TIME.. NO BIGGIE,0
Wahoo! Thanks for the mention to others!,1
i love it when justin timberlake hosts snl; hilarious,1
_Kid congrats; im still jobless,0
Is sad clint hurdle got released. I liked him,0
i have to study :O talk to you later  ****,0
I gave him your kiss. Being a flirt of course he liked them,1
I want Dec to be my dad,0
On the set of Chuck Bass` New York Palace Hotel. Too bad they weren`t filming today.   http://twitpic.com/67nht,-1
i like it and all butttt your not going to have it at the august 7th concert which hurts my feelers,0
Oh no! My kindergarten teacher died  Mrs. Collinson always remembered every student she ever had. Loved that lady.,1
i miss oklahomaaaaa  listening to citizen cope til i pass out.,-1
i can`t go tonight   *Cait*,0
The thought of splitting the estate is depressing of course! (KIDDING!) I don`t like the thought of my parents dying,0
miss u m8   we NEED tae have a catch up n that,-1
elliott claims steak and shake has been doing this for months...not exciting anymore...,-1
Excited to see the girls today;  its boring at work without you,0
Doesnt feel good!  but I cant miss work tomorrow!,-1
Fallen in love with enter shikari again. Might go for a walk with the lady later.  now though,1
yummy yummy ice creammm  i hate heels &whoever made this pair.,0
is that teh part where hes liek feeling the girl. i feel sooo soooory for her,-1
at YVR.... Fog delay is in SFO so we can`t leave yet,0
lmao I`ve never met anyone who liked caramel this much,0
Working 12 hours saturday and sunday  atleast i`ll have my phone to keep me company..,0
Restoring new iTouch 2.  Excited to use it. Yeeeeeeeee. Goodbye iTouch 1.,1
i love you <3  host me lmao,1
I nvr wanted May to come to an end,1
so I`ve organised a day of indulgence & luxury for her. A pamper day  fingers crossed she likes the surprise..,1
I need a job to keep me above waters...thought I had one but apparently its 'Casual' so now on the search again,0
getting ready for work. boohoohoo i dont wanna go to work!,-1
_addict yeah like super short  I guess I`ll just have to hold my breath till Sunday.,0
_ci ewww poor you  wish you all the best! thank God there is Rolland Garros this month isn`t?! ;P,0
Happy Mother`s Day to both of yall.  from me and my boys...,1
Download speeds are now unlimited until further notice,0
i hate rain and people.,-1
Could be useful  13 Tutorials & Resources for a Perfect Twitter Background http://tinyurl.com/dl2upx #design,1
easties you can go there anytime,0
Sorrry  I`m ready to leave.,-1
ReTweeting`s my favorite.    #palin,1
*whew* Ok good.I really don`t want that too happen. All my friends loved it. Can`t wait to talk about it monday in class.,0
going to bed. good night everyone! i love you all (or should i say good morning?)  sweet dreams,1
I was in there earlier I`m not at home  I`m ok my iPod!,1
I missed out on carrot cake last night.  Hope you had fun .,0
happy early mothers day!!!!,1
Yay for having a giant headache  stupid glasses.,-1
yes ma`am u do have a pretty smile. but you also won`t eat chipotle with me.,0
my iMac`s died  keeps cutting out for no reason. Anyone recommend a good mac place for service / parts? Think I need a new power supply,-1
yep. gotta go  man! i`ll ttyl . . . eventually . . . sometime . . . in the future . . . hopefully . . . soon. ~ ~ ~,1
Man i cant belive that you did what you did? Everything does not look as good as it is..,-1
follow friday: following more people then followers  follow me? woot #followfriday,0
no happy hour for me today,1
Yum. Thanks.  Just getting dressed and waiting for my washing to finish so I can hang it up.  I`ll text you when I set off,1
The Hangover: That movie is gonna be hilarious. wish i could see it with the crew,1
Someone keyed my car.,-1
is getting ready for an awesome service!  - http://tweet.sg,1
I decided you should help me make my first solo album,1
aw  were sad you had to leave tokyo. come back.please,-1
Havin a bad weed first wisdom teeth then ran out of weed now I might be getting sick . . . if only i had more weed,-1
says Goodmorning.  http://plurk.com/p/x2bm1,0
Broke the laptop again...,0
Just checked email and got a follower withb same name as me living in Oz. Welcome on board my alrer ego,0
madd bored,-1
saw the deforestation.so not surprised of bad back but  moan back at you.lol,-1
So nice how Natalie taught Jameson 'why'!!!,1
Will arrive tomorrow morning at 7  #early,0
E3? Nice! I wish i could go! make sure to take tons of pictures!!!,1
been there!  need somewhere NEW,0
http://twitpic.com/4i3g6 - i love that game  xxxx,1
they were actually there omg apparently a relative of marc went to my school lol,0
lmfaaoooo i just watched the Pink video....you know me to well i love it...soooo me lol,1
__ Aww bless her. She`s one of my faves,1
is so bored...,-1
Finally got all 7 overdue books out of the little room and into my now overstuffed back pack!,0
so i`m screwed,-1
_club wished I could have been there last night. Sounds like it was rocking! Can`t wait to see pix or vids,1
dared to go back and look at that vid I made - I may take it down,0
I need a wardrobe intervention,0
i`m soooooo sleeeeepy!!! the last day o` school was today....sniffle....,-1
Kat Stewart did a great job with a great character not that I watched #underbelly in Victoria,1
I know right...,0
has woken up feeling a little special...i dont thing drink the bar dry is on the cards. when i finally sober up its home time i think,1
mmmmm my hair smells guuud.  the wonders of 'pantien' ;D,1
Word. Yayy twitter after dark lol.,1
I`m so getting the cold,0
wassup with u this morning.,0
_sm I`ll have a look. Do you live in the centre of Glasgow? I was born on Bellshill & grew up in Bothwell. I miss Tunnocks pies,-1
I Wish i was still in Cornwall - i miss my auntie`s dogs,-1
Where is my bestie when i need him,-1
I would advise watching it in the cinema. I am sure the effects are worth it. Unless you have a monster TV at home,1
toodaayy!,0
congradts on ur show  Even tho i wasnt there lol,1
http://twitpic.com/67di2 - This is what I meant when I said my skin is terrible. Plus sunburnt chest.,-1
i still DON`T have the internet @ home  ****,-1
I`d love to!!,1
http://tr.im/kXCL `Immigrant hid passport in pants` What a genius.,1
Scary guy on colbert...,-1
Hahah. Love them!,1
Archie Proposes Veronica in the Latest Archie`s Comic. The Longest known Love Triangle is coming to an End. Poor Betty.,-1
Going to go kennel the dogs and then I am going to watch Goblet of Fire,0
that`s precious,1
is watching 'Sicko' and is utterly digusted with this country...,-1
where did the rain go??,0
Prom`s over. At denny`s now  with katie and kelly<3,0
HAPPY MOTHER`S DAY !!,1
**** it. Totally gutted I decided not to go out tonight. Roni Size is DJing,-1
omg trying to fix pic but its not working!!!! ugh also mom wont let me sleep over sanzz!!!!!  bad day!!!!,-1
is veryyy upset she cant go to hacienda tonight because the stupid nuggets game,-1
_II I have no choice  have to get on it!,0
There!,0
Happy Mother`s Day! It will be a good day,1
i know.. i suck.. i`m a master procrastinator  ... you guys don`t have too much fun without me,-1
haha i see im so bored rite now.. it seems like everyone is headin to vegas this weekend,0
Good morning! I`m just woke up it`s Mother`s Day,1
Ok.. so what do you think of a snapshot befoooore the vid recording on Seesmic so the ladies dont look like freaks? just sayin,-1
have a great camp!!!!! Wish I could be there.,1
recovering from mexican fiesta. Had a bit too much of a good time!,1
being at work while sick blows! kill me. i feel like ****,-1
I want to change my twitter name but I can`t think of anything,0
finally -- someone recognizes my genius,1
well well...so sorry! let`s dance  it`s fabulous hobby,0
_r I can`t get one either because of the dog. I`m pretty sure the bunny wouldn`t survive a struggle with Tom,0
some great stuff on website today,1
i joined this because i think my smith chips invent a flavour competion entry wont be recognised  its  SWEETPOTATOE AND SEASALT  flavour ?,0
Just got out of work,0
Thank you! Tadi jam 12.30pm,1
8 month old African grey parrot  sad sale - Reptile Forums UK http://bit.ly/grrdA,-1
out with  &  i am soooo hungry,-1
Damnit. Sorry to hear dude,-1
?ï¿½ nh?n ???c bonus r?i. Ch?c ch? ?? bï¿½ vï¿½o kho?n unpaid leave,0
DH is just about finished making his giant Trio candy bar. Thank the heavens. His work mates are in for a treat tomorrow!,1
OMG~ that did not sound right...** U Better B Grinning **  thx,0
Has finally taken a shower after much distraction from twitter and the bubble wrap off to read  and drink a smoothie,0
Having trouble syncing my iphone to my work exchange email  help!!!!,-1
....nope.. its for the 1st time we invited her at SSM  and she very graceful accepted it !,1
nah jkin he`s hot! so... bored now,0
http://naturalismo.files.wordpress.com/2008/01/elliott10.jpg my hero,0
baby help me with math,1
WHOO HOO. Congrats on getting under 200lbs,1
Aw i couldn`t see robert before practice. That makes me sad,-1
sowwy. Lover you,1
happy mother`s day to all your mom`s,1
eating truffles  yum!,1
its probable bed time. hugs and kisses  <33,1
sorry but I`m not impressed in the slightest b/c u don`t eat ****..more like saddened and confused,-1
got paid nowhere near as much as she thought she would,0
Tummy hurts,-1
hey you weirdo! haha jk! I love you!,1
Date Like A Man So You Dont Get Played Like A ****,-1
My teeth and my eye hurt   someone make them feel better,0
oh no I hate that,-1
Absolutely! Lookin` forward to it,0
good luck with you finals!!!,1
I dont think my twitpic is working,-1
HMM Gonna go with ran 4 miles and hit the gym... now time to wake the kids up,0
Happy Star Wars day! May the 4th be with you!,1
Bonjour Twitterland !,1
hahaha probably not  sorry. We`ve got some things to do around the house...and then we have to go to Jared`s parents house,1
finished proofing the wedding from March .. now just waiting for export and upload before I can share  Still have 2 more sessions to do!,0
Rain on my parade of beer and fire,0
then u should went to vegas like u did last year  I think this was around the time u killed that animal with ur old car LOL,0
is going home after an awesome time with the peeps,1
Happy Mothers Day to all your moms!,1
time to get to work. i`m already starting the day off bad. missed the UP screening  this morning at the el capitan,-1
supposed to be visiting Austin Sun-Thurs..but not feeling well since vaca.  Would`ve said hello for sure!,-1
hey chocolate chips is good.  i want a snack too but i`m out of snacks.,1
I think they make you turn your phones off  I`ll see what I can do!,0
My sister and I are suppose to be meeting you today in Birmingham.    Please reschedule!!!,0
aw its okay tht happened wid me too..am so glad thts OVER now!am not helpin here am i?!?lol thnx for postin WMIAD  loved it,1
Listening to Hey Zulu - Red n` Meth. Sux to be at work right now,0
I had a great time at the surprise party! We got him good!,1
bahhhh.. cold weather is making my teeth hurt.,-1
so bryan was at the sweet 15 and i didnt think we were gonna talk but towards the end of the night we talked,1
I still have them!! Yay! Gonna eat some now,1
Probably the best birthday I`ve ever had. I got to spend it with all my favorite people.,1
Relaxing with my daughter watching Friends,1
Is revisingg,0
Haha! At the Somerset theatre in Ottawa. I remember that well. The more things change the more they stay the same,1
just clicked on your bio. You`re in Cantazaro!? Have been to Italy several times. But never Calabria!,0
but i went out and bought some nail polish ellen,0
Guess I`m on Twitter now!,0
needs to wash her cats. Uncool.,-1
It`s official nobody is getting a raise this year,-1
I wanted to see the story on ACORN tonight on Glen Beck but I missed it,-1
awww THANK YOU!  you are a great guy too  how`s ur weekend been so far?  hugs ****,1
: heheï¿½I bet you have never looked back!  3 weeks is a long school trip!,1
Haha.. Hey you should check out   Love her/his tweets,1
I feel like I haven`t talked to you in a really really long time.,-1
grumble..weather man.. don`t know wtf they are talkin about.,-1
first trip home since diwali. But before that a couple of days in saddi dilli,0
Norwood house party haaaaaa... Yaaaaaaay (smiles),1
Loving Lego Indiana Jones. A game-researching aracheologist`s dream,1
stupid HIP!! I hate you!! And I can`t even break in my new kicks!!!  GRRRR!,-1
me too dawg  thanks so much!,1
thinks tonight couldn`t have gone more perfect.,1
I`m afraid not much  I just realized the true difficulty of this design. I may cry soon. #idmfinal,-1
the boys didn`t finish their tacos so now I`m eating them happily,1
Twitter has been foking up for me today arg!  1 and 1/2 hours of work till the weekend! Woooooo,-1
i seriously need to live somewhere fabulously queer. i miss being around **** people,-1
Is FINALLY having dinner... At Nishiki Sushi!,0
thanks for the link love yesterday by the way,1
fine! Going to do my big walk today 20 or so miles,1
ughhh rejected from the 09 mediation program. SUCKSSSS.,-1
absolutely gutted that i`m not going to badu tonight.  you guys have fun...! just got home and need to head downtown now. gd this heat!,-1
Enjoying afternoon tea with my friends.. Cake delicacies equal sweet time,1
OMG Ur alive!!! LOL  2day has gone sooo slow  I`m going insane Grrr You doing anything tonight?,0
_leigh u know wut devy dev it sure does suck havin no ID!! My weekends r gone miserable for 3 weeks so drink 4 me plz!!,-1
i always feel last.,0
The Taxi Q at Pelangi was super loooong.. and now I`m getting headaches because of the hot-cold transition,-1
booo Dario let TK get a hair cut,0
My parents wachting tv but it is terrible and there is nothing else  me so sad,-1
Hey Honey  Bunny here  big bunny hugs,1
ugh! looks like it can rain any min now,-1
she will,0
Oh sure . Thx,1
#steel toe boots - Good to hear that you`re comfy. Hopefully they are Kodiak or Terra brand,1
but i did have a really nice smoothy at baulko shops,1
Yes Hindustan Rocks dude! Dunia mein asay koi fusion nehi milegi,1
Oh I`m really tired of these migraines! #Endometriosis & #Fibromyalgia & #Migraines & sleep probs just compoundin ea other since surgery,-1
Yeah that`s me  I used my initials for my Flickr account!,0
I will take a pic for you,0
The hair looks sicckkkk.  Happy mothers day to all the mothers!,0
.ï¿½ï¿½?????ï¿½ï¿½.  i bet. man i wish i coulda went some whr. i didn`t even go out here. i was home all weekend.  nyt life sux here,-1
I love chocolate. Must be PMS,1
Heyya guys! does anyone know how to give formulas to create a sudoku? Please help,0
perez....... The YouTube video isn`t working,0
p.s.  thought you were gonna follow me back on twit-har ?,0
today is a busy day. exhausting!,-1
just tried DMing you but it tried to download some strange file so stopped!  How come no gmail MaccyM?  Missing you  SADS!!,-1
Choir banquet was more than I could`ve ever dreamed.   I`m so happy! Now after party at Lauren`s!!!,1
http://twitpic.com/4nbx4 - great photo! bravi! we are looking forward for the upcoming pilot in Italy too,1
gettin ready to put on a show  ugh i really hope ppl dont comee,-1
can`t wait to november for Jobros concert ! In examination,1
cool! ok yeah see i dont have the old files with separate vocals so im trying to punch em all up as one track(all i can do),0
right.,0
Decided I should study  (finger down throat making gaging noises) Hate MFs!!,-1
*dancing pirouette ballerina HUGS*  Morning my Awesome brudder!,1
audiotistic! sneak your little butt in,0
and the download failed  My phone does not like your phone.,-1
Hitting the docks soon.,0
I want to be like Horatio Caine,0
Math is amazing and hell at the same time  socialily that is the naiv part is fine.,0
i really cant take this.,-1
really thinks wee callum should of got through last night,0
_Rex_513 I`m working all weekend,0
yeah but i missed it 2nite,0
jb are so cute!  lmfao -giggles-,1
Time to reissue all  albums on vinyl!  yesss! that would be fab! fab! fab!,1
What do you mean by your portfolio is sad?  No luck here.  I`ve applied about 30 places so far.,-1
Making my momma a happy mother day card <3 I love my mommy,1
I need a hug  I`m doing my junior cert this week and I`m totally stressed out :`(,-1
Look at this ! http://twitpic.com/4wcqa  I can`t see them at all. What the heck..,-1
thats what andy said a few hours ago....I HOPE THEY ACTUALLY ARE,1
_ai_08  Yeah hopefully but if not then maybe  i can save up and get it for christmas .. we will find out,1
thank you for reading Ohlala,1
I think I might get some of that today.  My throat is killing me! It feels like it`s in my lungs,-1
a headache once again ugh,-1
Humous and Dorito`s.... Oh yes,0
swimming and tanning was heaven! i blasted music while tanning and was in my own world.,1
my tv is so boring,-1
Creased my nikes!!  ohh well... http://twitpic.com/66zfd,-1
I am not a ****! damnit!  [sending you an e-mail right now btw],-1
YES!  I have my e-mail down to one window (most of which are marked for follow-up on Monday).  all the dang paper still here tho,0
with thee ladies getting retarded,-1
no food in the cupboards... sent mum to Tesco,0
cool photo  is that outside your place?,0
well i just got home and its not on till tmw at 530p but with comcast its on right now  but i didnt miss it,1
I wish I could go to the Love Music Hate Racism gig this weekend   I`m not in the right part of the world even,-1
Ha good morning! May the fourth be with you too,1
It`s not as bad if you don`t combine. FX are nice. I like Windows 7 1000x better than Vista so far. To me Vista is Win ME reborn,1
Ken Wilber - Realistic Expectation of Integral Wisdom: http://tinyurl.com/clfzdx ...very interesting.  I don`t mind the video quality.,1
holla happy early mother`s day,1
LUCY IS HATING ON MY GWEG!,-1
not good you`re not comin close to where i love on tour,0
finishing one shift in 37 mins... drive half an hour and start all over again till 1am...and back in @ 11am tomorrow .. and its sunny,0
_Fangirl Won`t let me watch since i`m in the states.  Boo.,-1
Good!! Busy as heck but good. Feeling yucky at the moment.,0
i know  i`m tweeting more now though don`t you worry!! haha i wish i could fly to ohio! i saw beyonce on monday uhmygawddd!,-1
So romantic!!!!I hope you both have an amazing time...and paparazzi don`t follow you!!You need more privacy with Doug  xoxo,1
yeah i did haha 3rd episode is up as well,0
is feeling so bored... i miss school time,-1
Good Morning and Happy Mothers Day everyone,1
sorry  friends - I`m swamped with deadlines right now and we have family visiting to boot! No charades for me.,-1
Your STFU E3 list link is broke,0
yea i just got outta one too....i want him back tho  but i feel the same way...i`m cool on dudes for a lil while,1
I feel slightly sick now  #BGT,-1
Can you talk to my hubby  and convince him that that`s a great present for ALL mommies???,1
say hi to Kimba for me,0
thank`s ... See? now I`m back on smiling,1
So what does that make a queef,0
ERRG I cant believe that i am not working at all next week i think its time to move on from Chick fil A,-1
FAILlllllllll  whenever ur freee then?,-1
bad mood now,-1
haha we had balcony seats  not that great. there`s a giant dragon thing that has glowing red eyes and moves its wings!,-1
http://twitpic.com/4wgoi - At bus boys and poets ordering medici and white chocolate banana bread pudding !!,0
Sadly cannot listen...  *sob*,-1
lol well thank you,1
Just went a bought the bigest redbull i could find. its going to be a long day at the office,-1
lol you always make me happy.  i promise i won`t. lol its only 1 silly. you are up late too my friend,0
good morning twitterworld!  slept too less..,-1
Goodnight lolsz,1
never mind it`s closed  sorry Miley,-1
whyd u feel awful after last night?,-1
in about half a hour i`m going to my english lesson...guess i`ll have to wait...and wait for a couple hours so i`m over with it.(( :S   )),-1
What happened to the weather??,0
i know  its nice haha,1
http://twitpic.com/4jj43 - Me and Ari,0
Now I want ice cream but it`s so expensive.,-1
She has an awsome voice. Bored nothin to do i should really consider  going back to school yeah right i`d rather cry of boredom  forever,0
Good night Erin!  i wouldn`t say that this is early or that you are old.,1
It was my baby bros last time singing in front of his school  im so so proud of him !!! but when did i get old  im only 22!,1
and now its raining,0
Heading downtown! Drinks and dancing!!,1
not doing relay  oh well.,-1
_LeAnn if it makes you feel better im studying on a sat night w/o blackberries,1
Has that sinking feeling that it`s all about to go **** up.....bracing myself for the comedown,-1
okay thank you! i can`t find it,1
very cool,0
Thank God  is a sport and doesnt take offence in my jokes  Unlike the three good friends who have stopped talking to me!,1
live long and prosper !  lol star trek was the best!,1
It`s a really warm day in Seattle! My reeses chocolate is melting!!!,1
happy mothers day to all the beautful mums.,1
Forgot about the traffic  Heading to Foxford in Mayo and the lovely Pontoon tomorrow,1
I`ll use that for my next defense.,0
_Vincent  @ i missed the party!!!!  i bought wine and everything!!!,-1
i didnt get paid this week  roll on tuesday,0
no problem.  i wasn`t really sure what i was doing.  it was some application on the twibe page.,0
I forgot I set my iTunes to display by play count last night. I didn`t understand why Taylor Swift was in front of Belinda. Haha.,0
nah is next week honey ma fault for confusin u,-1
i went to go check my phone for messages. then i remembered i dont have a phone anymore,0
haha this tripped me up once when I was talking to Harvard - I read it as an aussie automatically - came off as an idiot,-1
happy mother`s day to all the moms out there. i hope i never join that crowd,1
It was BuckFast. Brain just went blank,-1
I`m holding Audrey (mine and Erica`s bean bag thing),0
when can i ever do a barre chord???,0
tonight was hilariouss  i loveeee everyone that was theree,1
Cant believe there had been nice weather all day and I was stuck in doors all day,-1
Hi...!!! Who is Mary Poppins???,0
heyy  watching the simpson  with shezza and paula,0
GREG NOOOOO DON LEAVE ME  U SHUD HAVE GONE THROOOOOOOOOOOOOO!!!!!! im gonna find u restaurant don`t worry lol  cry cry cry,-1
bali!! can wait for it,0
oh really? why HELLO there,0
I think I may cry. I just sold my 97 civic. Its no longer mine.,-1
I`m not comfortable with this announcement.,-1
i had navy blue under my black nailpolish for a while and i think it stained my nails a little..,0
is the luckiest girl in the world <3,1
Sitting outside with my laptop  Its kinda nice,1
HAPPY MOTHER`S DAY to ALL MOM`S HERE and to YOUR MOMS too,1
Dinner with the family. Watching wild child in the car,0
Cheers!  I`d like to thank zBrush for making it all possible,1
_sian lol. I don`t have the benefit of Sky+ and hubbie was watching them so had to sit thru it.,0
9100 tweets....just living the rockstar life one tweet at a time.,0
LOL!  Too true,1
_Sunshine  I figured that... But I ended up taking my cousin to work in the Rain anyway...    But hit me up,0
funny you should mention that. I have a full unopened jar of nesscafï¿½ on my cupboard. But no milk,-1
_ yeah sorry i was busy last night  ill try and go next week!,-1
thinks malibu is the drink for me lets all hit the bottle  woop woop ****,1
These girls make me giggle  twinz twinz! Godda hit up the bbq in a few,1
why bother  at celebs? eh? cause it`s almost like talking to them,-1
Its a lovely 58 degrees right now at 7am.  amazing. Enjoy melting vegas. :l,1
silly wendy. You know I don`t speak French  just a few more hours to study before this ride begins!,0
you getting a ton of spam mail into your inbox?? I am too.... driving me insane!!,-1
eeehhh. my right eye`s twitching. gonna go and watch Boystown.  happy birthday!,1
My aim is not working due to network problems,-1
Awww mate. that`s such a shitter,-1
@ borgellaj  you know what? They`re YOUR CATS,0
come back for another year  pllleeeaaasse,0
Looks like I got a defective MacBook,-1
damjust finished watching Prison Break: the final break...omg i dont think i`ve cried so hard for a show..Finally understand the finale,1
oh no fair.... thats in 9 hours,-1
Well it`s friday and usually the start of something awsome...I`m not sure if that`ll be this time around  I gotta shake this,1
Bubbletweet hates me,-1
I really need to invest in an elliptical machine... Running with shin splints sucks!!,-1
I have assignment due by midnight in professional writing class & I really wish I was already done with it Luv writing thought Id like it,1
im very much excited to go back to school,1
Plain White T`s and Sara Bareilles...can life get more amazing,1
yeah it does...i had fun today...i regret not taking that cup now...it was awesome...i must find one just like it now,1
FC is finally up again. it`s about time. i hate that this keeps happening,-1
what a bummer that tomorrow is friday again!,-1
save me--i feel like i`m going crazy.  ? http://blip.fm/~5z193,-1
What kind of help do you need with Machine embroidery?  I may bea able to help,1
ya and i would have gained a few kgs by then.  what are you working on today?,0
is going to relax and chill out tonight ... back to work tomorrow after a week off ... least I had a fun time with the girlfriend ...,1
My TI89 died. I don`t know why.,-1
aww i feel so bad for Holly,-1
I know... he`s mad at us... :`(,-1
Pats in philly at 2 am. I love it. Mmm cheesesteak.  Miss my boyfriend   but I love vacation.,0
_Cat  we all know and yes dont remind me im so effin jealous  **** aust some times,-1
Your cave? Does it have an espresso machine?,0
Aniya666 yours wasn`t there,0
its ok..i was kinda feeling ignored anyway  And its sunday arvo 330pm. Going out for Lunch & WINE!,-1
No one`s coming in,0
Bummer- that is a bad experience.,-1
Sooo SAD I will miss you here in San Diego!!!,-1
starting phase 1 of operation 'be productive'- pack clothes. can`t find pink tank top!! oh no!!!,-1
wants to hang out with friends SOON!,1
That`s great news,1
AWWWW  we`re gonna miss you!,-1
going to watch boy in the striped pj`s hope i don`t cry,1
ahh yes the obligations of a vampire kept me away from twitter.but now i`m back & will try 2 update as much as possible.i lost a donor,-1
is at her nan`s house eating fish and chips and watching Top Gear. Good times.,1
i wonder if there is a life after Alzheimer`s caring. beyond despair. poverty sux but commerce is futile. there is no description. mommy,-1
I love ! Thank you SO much for saying 'hi to Jenn & Laura' yesterday in Arcadia! My friend Shannon surprised me w/the vid,1
and  great seein you guys today!!! you look so happy  love it!! lets hang out soon!! love yall!,1
I wish I could go. See ya at Warped for sure tho!,1
Mummy and Nathan not in today! On My Todd!,0
wishing you all a happy monday and a wonderful start to this week ! Make it a good one,1
Yorks V Lancs on the telly. Not going too well for Yorkshire.,-1
http://twitpic.com/4qpzx - i love you guys  you`re the best,1
You`re welcome and thanks for inviting us to talk. #48hoursnz is like becoming a parent. No one can really prepare you for it,1
Happy Mother`s Day mommy and grandma haha  ily,1
i think i have a fever,0
it would hurt only when you touch it or when it gets hit. But when you don`**** won`t  but after a month it wouldn`t hurt na!,-1
_I Yeah poor Yao! Hope u had fun looking at the Lakers JerseyZ haha! Enjoy ur time buddy !,1
macs ftw btw. .just because.. and if you`re still using the grandaddy pc`s you lost at life.. jp  (..not really..),0
Hope everything ok! Can burr fix this?,1
i have become my mothers slave.,-1
*sad face* project-m keeps crashing my itunes,-1
enjoy NOLA definitely one of my favorite cities in the world. Please have a beignet with chocolate for me,1
work soonnnnnn  it`s looking rly dead today...,-1
_Tech_Update Do you know your Nutty Newsire twitterfeed ones are coming through w/o links? I can`t be lazy without the links...LOL,0
just got up and updated my ipod,0
I need to be sleeping.. But i`m not even tired..,0
Have to go to work  typical sunshine and deep sleep; stupid friday.,-1
night 5 not talking to my victor  i`m so bored at night now. grrrr i hate this ****,-1
just called me a cheeseburglar. He made me sad,-1
Waking up early to go to the gym,0
My lower-left molar stings whenever it comes into contact with sugar of any sort,0
i want 2 but i dinna hink it`ll get shown in elgin n got nae1 2 go with(n),0
will continue my dramathon! episode 14 here i come!,0
The chicken noodle soup I made for lunch to feel better just burned my tongue . . .not a good day.,-1
http://twitpic.com/4jg09 - haha she looks a little like u charlie lol,1
hip hop is alive & well in nashville tn!,0
she could have been a lost dog  poor girl,-1
On my way to see diplo with my girl kathryn at smartbar!,0
Coffee didn`t turn out good tiday but excellent!,0
Hell yeah Kellynn got a Twitter. Finally.,0
Just saw a male Baltimore oriole at our suet feeder and something enjoyed a lot of thistle from our new thistle feeder early this a.m.,0
7.53.  7 minutes till 8. This is not my best day.  I`m late for class again.,-1
8:30PM... it has just hit me i have school tomorrow :O ahaha! I`ll stay on til 9 i think  ****,-1
has just bought attics to eden by madina lake  it`s totally AMAZING,1
wish i could  want to stay and play with u guys and enjoy a block party for once,1
and again http://twitpic.com/4wp8l,0
what fun!  I got retweeted by a bot,1
Heading to the U of Utah hospital. Have a great day everyone,1
Neither could i! And i looked on ebay and it was like 250 euro for two!!!! but i doubt my parents would fork that amount out,-1
there was like no1 there n tha DJ comp was hella wack... no gud DJs  but got in free so its all gud,0
installed the iNav iBlue v2 Theme...gives a fresh feel    http://twitpic.com/4jfg4,1
has decided NOT TO GO TO UNI TODAY!  http://plurk.com/p/su0yr,0
Everything,0
it was amazing,1
Dropped off Baby A for her 1st day in the Toddler Room this AM.  She`s officially a toddler.  Growing up way too fast,0
Another interview... Please somebody hire me?! But I`m late,-1
is in the costume shop cleaning and STARVING. Bring me food???,-1
just got outta work.  ....... Frankie`s house.,0
Is losing money in Vegas...,-1
happy mother`s day to your moms,1
lol thats the highlight,1
Going to see my grandad today  <3,0
Thinking of summer,0
justin timberlake + snl = awesome ... dude should just become a regular,1
T-bone`s gone to sleep... Think we`re gonna join him,0
trying to work...,0
i tried listenin to music 4 half an hour! Tried readin a really boring book-still wide awake!,-1
http://tinyurl.com/q3u32x isn`t that the podcasting gear you got in for bit-tech?,0
LOL yeah  I forgot about your TweetDeck statuses! So funny,1
www.WhisperGifts.com for bridal registry  dm me for a free premium account.,0
Just found a tink cover for a wii remote but the people i know dont have a wii  fail,-1
wants to feel better,1
He doesn`t need the shirt for that Jane...we just had to suffer another two old eps tonight,-1
haha what`s up Matt ?,1
Here`s a big moan for Dave Leyrock... IM UP IN 8HRS!  pity me! Coloursfest ahoy xo,-1
its brokey,0
Doh. In a rush to get to the Puma Open and I just got pulled over. So sad.,-1
hey u know the sub on digg I said I needed help on soon? well it`s up now n wud love it if u could digg it pls  Kaushik,0
this is a travesty,-1
hahaha my boyfriend! yeah he looked so different there... but he`s so cute... i so want to watch the movie...,1
_girl - Bummer...mail came but package didn`t,-1
Peace! Good morning,1
your not following me  it won`t let me dm,0
i hate songs and surveys  they always seem to make me cry.,-1
at BIF.... i love this buliding....,1
When are you and  coming over so we can violently agree?,0
Not in front of the tv  wats the score an inning??,0
Bruno arghhhh i cant wait,-1
I`d have read it but I`m not sure you would have wanted my opinion,0
yeah doesn`t that suck!  I am working with a Nano here so i had to take 75% of my music off!  so sad,-1
want somebody to hold me Alma! tear tear,-1
I sure do hope it becomes 4:20 this afternoon ...,1
taking a break from sewing to do some dishes,0
Such a long day!!! So much fun though  tomorrow will be just as much.,1
Happy birthday.,1
I love that my boyfriends loves my mac n cheese. he even took some to work with him,1
nope. Gone.,0
boo... i was hoping for a fake alien story with a tinfoil covered beachball photo,-1
Screw you guys and your prom pictures,-1
Hey,0
thinks someone may have keyed her car.  Big scratches on the hood.,-1
Poor you. I`m off on Bank Holiday Monday today too,-1
I`m sure Mayor Brainard will be thrilled to hear that you`re a fan.,1
Thanks for the support,1
MTV Movie Awards. Go vote! STAT,0
Ok so I`ve now got a bit of a bad back after lifting all drum hardware into my car   downer.,-1
yay dad agreed to pay for my tuition and equipment! yipee not till nxt jan tho,1
Poor you   If I was with you right now; I would probably give you a hug ;D,0
you got your lion hoodie!! mines still a week or so away  what number is yours?,0
.. did you have to bust a cap? tell me you had to bust a cap for Jesus!,0
Good morning tweeps! I have a feeling I won`t be oversleeping now that Gracie is around.  She pounced on my head and woke me up at 7am.,1
Back from mountains,0
Ahh feels good to have played guitar hero after months! I suck at it now but  haha,0
#Java is not working - hmph!  Can`t upload photos to #Facebook.,-1
Tired and gunna go to bed soon!!! First time I`ve been online today!!  All ready for mother`s day tomorow,-1
I WANT A HUG!,0
http://twitpic.com/4fzo7 - When you`ll come in Bulgaria??? You have a great fans here!,1
_Molecule where is Sackiroth,0
Back from hospital. Doc says I`ll live,1
About to have dinner and then an evening of playing cards. Already packed and ready to head home tomorrow   Do we have to go home?,0
I even saw the news feeds of the archie website. But can`t believe he`d choose veronica. I`m disappointed,-1
are you in KL? I am  up for a drink?,0
there is no sun here in florida..it`s all rainy and cloudy.,0
aww at when she was cryin tho...i want her to get thru...i feel sorry for her  shes so good tho.,0
lol thanks.  I do like to be on top. I`m going to enjoy this. How long can I be up there?,1
I`m afraid your comments on MP`s expenses were hopelessly out of touch with the average person average salary. V.insensitive,-1
Happy Sunday. We have sunshine in Frankfurt. Hope all mothers enjoy this day,1
Still working in the database and trying to decide what I want to eat.,0
nope no love,-1
That version is not compatible with Vista.,0
I`m sorry about your bad driving experiences.,-1
is sick & tired of being sick & tired,-1
wants to cool down,1
that is definitely a blast from the past,1
@ kbal24 I am sorry that you are feeling that way.,-1
Good morning all! Its a fabulous morning here!,1
listening to ryan adams and being sick,-1
Sick at home and so bored  I want to get better already so I can enjoy being a college grad!,-1
i neeeeed plans. no one can hang out tomorrow. booo.,0
ISP all sorted i gather?! cheers for the bday wish too,1
My saying now  http://bctiny.com/po4me,0
i want to go to music tonight but i lost my voice.,-1
Such a terrible decision.,-1
Photo: I like da cooolooorss and the composition is great  scribkin: http://tumblr.com/xyb1qw8cb,1
im at home....on a friday night.  but it`s all good!,1
Layin in bed awake. Txtin my girl in vegas. Wishin I didn`t have to work and I was w her,-1
Updated blog. Shows You Should Be Watching: The Unusuals http://digg.com/u12w7c Go check it out,0
Cool!!! No wonder you didn`t sleep much,1
_ILL I <3 my blackberry,1
just about to say goodbye to  and  two of the best interns that Elevate have ever had,1
Only four full days left in Aussie-land. I don`t want to go home.,-1
hope y`all enjoy the MusicBoat Cruise.  What a tough job - haha!!!,0
Hey! How u feeling? I know Charla hit me to see there were any places she can go..too young  Did she have fun?,0
Another one popped up a human being. Congrats Nana and Wan.  Baby Iris is a cutie.,1
so. I`m taking my life guarding classes fri (7-9pm) sat (9-6pm) sun (9-4pm) and mon (3-630pm) live eat and breath life guard stuff. yay.,1
Enjoy - we know you will,1
Just ran hair first into spiderweb full of baby spiders...i almost set my own hair on fire to get rid of them! Almost.,0
shower time!!!!!,0
I miss you too.  We`ll have to get together once everything settles down in a few weeks.  Congrats on the house!,1
Miss Cauzinhoooo already,-1
RE: Hulu Desktop in Windows 7 Media Center  http://bit.ly/DEc64but not on extenders unfortunately,-1
Happy Mother`s Day to all the mommies out there...we love you.,1
At minibar... listening to politics  maybe some tech starups soon?,0
Have to go to my old house and finish moving.,0
My Dad told me music that has the power to heal the soul. Sure is true of yours,1
shack idol today(: can`t wait. it`s gonna be funnn poor cameron. he fell ON A BAR in speech today. i felt so bad for him,0
is having awesome fruits and vegetable juice at the opening of Lam`s noodles at 8  #fb http://tinyurl.com/qnjqx2,1
Watching Ace of Cakes: LOST edition omfgggg,0
I have so much stuff in my car that I can just feel my MPG going in the toilet.,-1
Trader Joe`s 'sushi' is a fail.,-1
oww...just bit my tongue,0
Just got back from Apple Store in Robina. Managed to get a replacement iPhone because it couldn`t access the web properly. So shiny,0
Should not drink cheap wine,0
I treat my hair so badly. It`s revenge for it turning grey prematurely,-1
i want Van Basten to b the milan manager !!!,0
missed out on westcott micro apollo too,-1
I want to call you but it would cost to much  But Maybe my parents will say okay =D,0
http://twitpic.com/54khn - I am very sad. They cut down my Pink Tree. I noticed it when I left today to get Betos,-1
that sucks!  how old are you actually?,-1
NICE! Got any that are indexed that you want to unload?  I need a few.,1
not funny,-1
Poor Nicole just absolutely DESTROYED her cell phone,-1
Be my guest !,0
happy mothers day to all..,1
I`ve had the week off too...but I have Biology  exams to revise for so my Bones time is limited,0
My legs are so **** sore. And my feet hurt to walk. Whataday,-1
true. i think its important 2 be sensitive 2 it when we relate 2 others. empathy. a reminder we cant judge a book by a cover,1
Thanks for the greeting,1
I doubt I will tho !  twit pic sumthin,0
producing the 6 with  then anchoring... and a sad goodbye to Miss Lynne Ashminov  we will miss you!,-1
this is very true about ! but you do have to admit it was pret-ty funny! im bout to go you tube it!  lol,1
very familiar.....sorry you`re feeling that way,-1
You must like my song.,1
I meant mamas,0
yessssss wore myself out this weekend planting my garden and working,0
I want to wish HAPPY MOTHER`S DAY to my two favorite moms in the world: My own mom of course  and my sister!!! HAPPY MOM`S DAY TO YOU TWO!,1
feeling nice... got a big **** smile on my face for no reason   take my **** to sleep right? lol,1
you suck majorly  i`m swamped...so why am I on twitter...I don`t know...but still  a golf tournament?,-1
it wasn`t that good tonight  I know DCD though .... I won`t say what happened!,-1
Har vondt i ryggen My back hurts,-1
Rest in peace marshall,-1
Sushi w/  well cooked veggie for preggo me  now onto Trolley Car birthday party on McKinney Ave. I actially feel awake for once!,1
Tired. About to climb into bed and fall asleep. I hope this weekend will be fun... I only have a couple of weeks left,1
woke up.,0
Use this link to start earning free cash http://tinyurl.com/coboyf  Just sign up and get paypal cashouts of minimum $1  !!,0
was jus so excited t c ur name,1
Have 3 of the 5 grandbabies again today. 19 month old twins and a 3 1/2 month infant. I love every minute of it too.,1
At nosely safari park with Leah,0
awww! i didnt see this till now and edwin just left! i knew you wanted some! forsure tomorrow i`ll make u a new batch!,0
finally got my SayNow account up and running  YAYY JBs got a Canadian SayNow number!.. is anyone else using their landline phone? CALL ME!,0
I am tired.,-1
Did you know that there is a shortage of shells for crabs to use on the beach due to beach combers? It is very sad,-1
Is dreading going to work  BUT....its friiiiiday!! whoop!!!,1
I really miss my phone  i cant wait till my new one comes,-1
I think the rain killed my phone,-1
i got peanut butter in my beard  it felt weird after... and axe body wash burnt my eyes... but now they`re okay.,-1
http://www.thinkgeek.com/books/nonfiction/b322/ <-- Get me one of those and maybe next time,0
Getting ready to to to school,0
''have you the e-mail from Miley ???? I want to write with her but I cant,-1
_J heehee. i love you! i am tired.,0
Tummy bugs are lame! Got about an hours sleep if that.,-1
the mum`s cake is done.. now i need make a good luch and tomorrow will be an amazing Mum` day,1
Oh man....my fiance just got off work and I start mine in 1 hour....so not fair.....,-1
I just had a horrible dream.,-1
Bad times for everyone  Whywhywhy do we have to write essays  No fair!,-1
Glad to be home I wish I could make  feel better,1
Have a slight headache,-1
NO! Our TV`s busted  The screen turned white for about a nanosecond while it made a quick 'popping' sound.,-1
Checked if there`s a new comment on friendster!,0
Work is ded  out tonite tho eeeeeee,0
Haha! maybe I should try that. The insomnia is kickin` my butt,-1
haha I wish! I have a BFA in photography now.,1
ugh but they are so unattractive! u might as well drink from a regular glass. i really dont like them,-1
R.i.p. to my lil sis`s cousins babyfather Jimmy aka GemStar,-1
And it stopped raining.  Fuckingtastic! ),-1
Driving Back home because I forgot the piece of cake for _era,0
Gotta love skype! Make sure you get their new update!,1
the mall i once worked at has turned into a very depressing place,-1
_wx it looks like it did in Ohio after a tornado hit.,0
I hate how this turned out.,-1
You`ll be waiting a loooong time,0
tell your grandmother i say hello,0
If you mean backround then.. Settings>design.. scroll to the bottem and click change backround image  & there ya go.,0
Lol...  Its NOT the same!!!,1
damnnn. training starts  at 11. but that would have been cool. next timeee,0
hes definitely my fav host ever!  Can`t wait to watch the rest tomorrow!!,1
http://twitpic.com/4wb52 - Such a pretty baby!,1
now Eating and meeting at the same time sigh well well I want to start work out too but will have to wait move to my new house,0
the beginning of Cater 2 U always gets to me,0
Time to wind down and relax a little.  I can only change the world a little through Twitter each evening.  The rest will be up to others.,0
Sent Twitterville 1.2 off to Apple for review  More screenshots etc will be released later this week.,0
is maxin and relaxin... ahhh,1
Poor dear. Your fellow **** mavens have been there.  What gym do you belong to? PEAC?,-1
I know. I was hoping to meet you tonite  & I just found out a few min ago that we have a mutual friend Cuong H.,0
my mother is drunk grrrreat.. It`s okay it`s mothers week,0
It`s so not like me  I`m in the middle of coordinating a 3-point move: stuff from IL --> old NYC apt + all stuff --> new apt.,0
Would be nice if he did,1
Sad  nothing.,-1
I like only the james bond series. Thats what a spy movie is!,1
Good Morning twitters!!! I am soooo tired...I really need 2 stay off of twitter...LOL this **** is taking over my life...LOL,0
Having dinner at Jiuliani`s with family YUM!!!,1
I picked up some stuff I missed the 2nd time  And to think you missed all the in jokes too!,-1
you`re right about the duckies  thanks for being such a big help with wrapping & writing up!,1
Love 'good girls go bad',1
have your own style. it just might work.,1
Goodmorning twitter bugs.. happy monday to you all! Today marks my first official day at my first fulltime job.. time to get ready!,1
I hope you have a nice sleep,1
Dude my butt itches  but i cant scratch it cause ppl r here,-1
http://twitpic.com/66shw - Just took this for class just 5 minutes ago its awsome being here too bad i graduate next year,0
I was going to go to london for a week then had to change my ticket! I would have been there right now,0
net .. net .. net ..  hmm. bad weather .. weird summer!,-1
**** it were is Eric or anyone else when you need your hair to be played with,0
Haha!  I`m convinced you`d be great at it.,1
thinks his haircut isnt as bad as it looked yesterday.....  - still bad tho!,-1
Momentum works!  But Jeff will have a hard time from 42nd.,-1
learning all about non-payment from a client.  For a new business this is a headache I was hoping to avoid,0
yay it`s friday... hold on I have to work tomorrow,1
Going to bed. Talk to ya later!  goodnight birdies LOL,1
This is to all the people who have MySpaces: PLEASE ADD!!! http://wwww.myspace.com/fiftyfivethreads it`s my friend`s clothing line,0
New issue of  in the office...desperately want to flick through but have so much to do. It`ll have to wait,-1
is looking forward to spending time with Mom today,1
Does anyone know how to scale a pic down I`m trying to change my pic but all my pics r 2 big n I keep cropping them...HELP,-1
Oh why do I keep stumbling about deathfic WITHOUT WARNINGS. do not want,-1
I`ve gotta watch out for those stealth skillz! I always forget.,0
jazzy we should be in vegas w A team,0
sittin at home watchin monster in-law waitin for pizza.. yum yum,1
Home Sweet home <3  Going to see Hannah Montana The Movie AGAIN today <3 DDD,1
aw it was so sad  shes too cute!,0
-- That`s got to be hard. My parents have been apart most of their marriage  For 6 months this year t &I will be 10K mi apart,-1
Fail.    If you fancy a pit stop and a cuppa you know where I am!  lol,-1
Dropping my mum at the station   I`ll miss u mum,-1
Wow! Some person u are!,1
working on a layout 4 my page....prom dress is almost done,0
yeah I was like oh oh oh yeah that`s it but then she said no  lol bummer,0
wtf my pic isn`t showing,-1
missing  lol. plaid bud. haha. **** i can`t do the BG right.,-1
Just sat down to play a quick hand of poker and won $5k on my first hand with a flush. I`m done for today,1
Thanks for the advice! Went to the doctor`s and slept a lot yesterday  Must be the meds.,1
Yay! I am not the only Eurovision fan on twitter  #eurovision2009,1
wish i was but im in chicago,-1
Yep!!,0
Ahhh I am sooo happy Ashley Tisdale is in Germany but I am not in Oberhausen...  But i will show it in the TV at 8 o` clock,1
hanging out with Dan and Brian in my room for my last night,0
Just came back from school.... Packing for my dad`s house,0
Ahhhhhhhhh man blew up my amp!!!!! no more shredding,-1
Going home... with sore #eyes,0
feelin lonely now after spendin the last 50 hours with my friends,-1
the straightener`s another 110 pounds though. Seems pricey,-1
yesh and that potato guy is online... but hes not live,0
_Lia  Are the drugs working?,0
i don`t know the guys on radio disney have so much energy. i wouldn`t be able to do it  <3,0
is celebrating her 21st birthday,0
its awful. Xxxx,-1
thanks homskis! Its like christmas!,1
haha   y`all should REALLY hurry up and announce AUSTRALIAN tour dates. it`s been 3 freaking MONTHS!,0
today was such a horrible dayy,-1
also i hit my chin on something when i fell down and it hurts  ugh... work is gonna suck,-1
gables apartments has corporate and their nice.,1
you`re absolutely welcome.  i love you too and am happy i was able to help make that moment happen.,1
big sis moved out 2day  its gna b weird without her! X,-1
haha I really don`t but I`m going to this workshop at school next week. Are you going? Plus my car is broken right now,0
I`m having a problem with my photo here in twitter amf!!!...can`t see my face!,-1
heyy sweety  how did it go at advanced training? waht r u doing?? *hugz*xxxxxxxxxx,0
Chili night in Minneapolis.  I refuse to turn the heat on in May!,0
I`m really full and I feel sick,-1
my phone is broken    & im too lazy to go to the verizon store to get a new one.. oh well i guess no phone for awhile.. aha,-1
CONGRATULATIONS on the test!,1
I have trouble with Starship troopers. They`re mean to the great big pink bug.,-1
http://bit.ly/izhdy  here looove.,1
good morning...did you break 5 digits yet?,1
at work and tired just want to go to bed,0
I`ve been readin your last few twitts. I hope your ok,1
will be attending CIC`s parents` orientation tomorrow...need to wake up early,0
I gave you a big mention on The GodTalk Radio show last night....last segment of the first hour. Podcast format avail soon,0
Didn`t make to my cousin`s yacht convention. Hope he doesn`t get upset. And hope he won.,1
Wowzer! It`s very windy. Not good for my allergies!!,-1
Omg! Why cant i eat. Everything i eat hurts my stomach and it comes right out of me.,-1
_nichole i miss my earrings  lol you should let me know when your close by,-1
Nooo i wanna watch the comet  dont wanna go workk!!!,-1
_ranjan Did I ever mention what a nice and awesome dude you are?,1
I have just looked the time and it is #BGT in 20mins. I may hibernate for an hour or so.,0
i honestly hope the theatre gets hit by a meteor before you get there,-1
Crazy debt issue. Maybe I had messed up when closing my old account? Not really sure but looks like I may have to cover it - aaargh...,-1
oh no! :| no more celebrity ding dong for ages,-1
Lets get rich and give everyone nice sweaters and teach them how to dance...,1
Yay to being smokefree! Well done.,1
oh yes! I was amazed! It was so nice! Next we can go drive it! That`s if they trust us! Haha,1
HAPPY MOTHER`S DAY!,1
i cant sleep,-1
wants to go to falkland but cant cause of stupid exams and mtbcut are going to be there,-1
went OUT 4 a meet up & MAY B hangin & or hittin a club or bar   IF the car holds up LOL :-P,0
im not at litle oven tonight,0
lame right?  do u know what dates you`ll be in Cali?,-1
just spent all day putting up a trampoline but is now too tired to use it...  it is very cool though!!,0
Beer pong  at 6am  with jess,0
loved our lil tent-side jam session/mosh pit!!! EDGEFESSSSSST!!!,1
Well goodnight all my twitter bugs sleep well,1
boy don`t try to front i-i know just-just what you are-are-are,0
Finally it`s Friday! Things are going to be so different starting next week...my house will be empty!,0
Thanks for the thoughts... Unfortunatly it didn`t work out like we hoped... ah well. The paintings were beautiful.,1
Totally broke is right. I have to wait till Monday to get paid though! BOOHOO!,0
Trudy`s off Burnet...the one up north that no one goes to,0
loving my new tv,1
Yao...broken foot...so much for that series  Denver`s next,-1
..but did i mention spending time with two bffs .. Totally worth it,1
yea it is.  thanks for the link.,1
i wish i had friends i could spend the night with,-1
I need some plugs. for real. my ears want to stretch. and I have no money,-1
i have sore throat. that`s suck.,-1
Ever seen the tv show Dead Like Me? I died and became a grim reaper. Taking people`s souls after accidents,0
No clubbing for me this weekend due to a busted knee  <emo>Life`s unfair</emo>,-1
Thank you Jon!  That`s very sweet.,1
when it rains it pours - how true is that? I`m so sorry  I hate those kinda times.,-1
Sicky sicky  sucks on such a lovely day,0
I`m still waiting for the Oprah touch,0
btw ian watkins has stopped following me  so i am a wee bit pissed off!,-1
_jackson already there`s none left  back to cabbage soup,0
why have i not heard of said show?,0
farrrrr . pdhpe assignment due next week and have english homework !,0
Awesome beer pong party at my house in the yard tonight  going in when the sun is rising is officially B.A.,1
is going to watch the two davids. yey,1
is going to drink a mojito and lay down to watch movies with my hubby. Goodnight fellow tweeters,1
Will miss nostalgia ... everyone please kick tushar,-1
finally gone!!!,1
How dare you apologize to the UK for being gone for a while but don`t apologize to america for never touring here at all!!!,0
what a great project!!! Wish I could have done that with DD1. She`s too old now.,1
live live or leaked live? If it`s live properly I may just role outta bed and download it,0
: more interested in watching SNL for Ciara than Justin Timberfake,1
I need a code,0
I`m @ work and missed everythin yesterday but don`t know wot? Anybody,-1
First Happy Mothers Day  Second what is it that makes us think the way we do? Why do we feel the way we feel? I dont know but i wish i did,1
haha! I remember that! That trip was fun. I Miss miss miss miss miss chu,0
morning Alex hope you will be tweeting lots today as we do miss you when you aren`t on here  ****,-1
wow i love how we have no headache medicine in this house.,-1
bout tuh head out an find sum wher tuh go an chill,1
Anyone want to buy me this anthropomorphic planter called Domsai by Matteo Cibic? http://tinyurl.com/m6sru3 Only available till the 31st,0
I want more followers.,0
i need people to talk to me please im very bored  x  follow me!,-1
How could you go to Cali without me??? I`m sad.,-1
thanx,0
no im not going this wknd  sorry it took me forever to respond i just realized twitter isnt txting me ur updates!,-1
whatï¿½s hot and new?,0
I just ate some burgers from Jack In The Box and im not sure if I want to continue eating burgers,0
As it turns out I do NOT get to go see The Decemberists...,0
http://twitpic.com/4wh0l - im in love wit this fool from college hill,1
#pens...steigy...no politics hun...the obamas are not watching hockey,0
Itchy ****!,-1
....... i`m wondering if you`re as awake as i am. ?,0
Hey u forgot me!,-1
being LAME and not in deland with his favorite people,-1
_Butler I think/hope they might put an age limit on next year on the back of that  #bgt,1
Sorry  I`ll make sure to bomb in talk at SSUG next month as penance ;-),-1
is excited about so R and R for mother`s day,1
Isnt it only like 3 episodes though? Sad,-1
my skin is burning up so much,-1
just got back home... bored now,0
.: no health insurance is not an option.,0
I`d Love to work with you! http://myspace.com/inikco  Tell ur friends to follow me!,1
making my mom a mothers day card,0
I know exactly what you are saying.. its so not cool... that is why tapes were better  :p,0
pulling articles,0
Choked on her retainers,-1
has a tummy ache.,-1
miss u more,-1
Trying to get this swimmer`s ear to go away!!,0
at home and sick    http://yfrog.com/17zw1j,-1
noooo!   all summer?! I won`t see your charming little face ALL summer?!,-1
is bored Riah fell asleep and now I have nothing to do maybe I will go to bed good night,0
Covering my portfolio to send to my *dream job* in ny! Send good vibes!,1
_Lia Should have grabbed some on the way to work,0
probably.  sucks for you.,-1
my head is hurting,-1
if only  wouldn`t have some fiftythousand followers... hugh laurie`s just a needle in a haystack now!,0
So not looking forward to hurricane season. 3 days until...,-1
: So wonderful to spend Mother`s Day with my mum.,1
knows its all going to sort itself out,1
Greg Pritchard was ROBBED of a place in the final of BGT... Cry baby ****-face got through instead,-1
Not a prob hun,1
_Happy_EmoX lmao. Lucky! It`s 10 minutes on foot for me  ewww..... School.lol. On the bus now.,-1
hope you have fun tonight,1
Anddd justin. Eff,0
I can`t really say much because none of it is set in stone.. but I`m planning a charity concert for Cystic Fibrosis,0
on my way to driver`s training,0
Iï¿½m sorry for that,-1
Have decided I just can`t stand `s Alltop spam any longer.,-1
work work work,0
is  a very tired tweeter,-1
ugh! Tis so warm outside too  unfair! I want to go read and pack!,-1
Beto`s Pizzeria is on Banksville Rd in I believe the Beachview area... Sorry to answer like 100 years later,-1
i realy wanted to go out cause its so nice but everybodys busy,-1
Inspite of the spams.. I can`t stop losing this twittergadget. I love twitting from Gmail,1
hey Dasit thanks for the message,1
wants to goto lonovala for frenz wedding....bt....no transport arrngmnts wrkg out,0
Doing really well! I will stay here as long as is needed!  So you can definitely come and visit me!! Look forward too ...,1
Knight...sweet dreams.,1
is thinking so much and i`m at work,0
I think it`s less of a tribute and more of a parody.,-1
Okay haileys really gone now.  everyone keep her in your prayers.,-1
Hahahahahahahahahah! That tickled me so much!,1
at once haha.  poor aby still gets sore!,-1
we cant come toniiiite !! arggh i want to tho  have fun for uss. well def see u 2morrow nite tho!,1
Working extra hours...,0
hahahah Thank you  Feel the Love,1
seperate = Yum. Together = gross sounding.,0
**** - doesn`t show how people are more conservative in blackjack,-1
LOL! I hate when that happens!! All hyped up and its over before you know it! Lunch sounds nice..hope you have a nice time.,0
finished my capital transactions exam . . . as another monkey climbs down my back. looking forward to being in a glorious mood tomorrow.,1
Someone fly me to Reno,0
On a flight home  after an awesome trip with my cousin! Miss you sophia,0
I would be there... But I live across the country,0
ish okay my loveee,1
You right...we are 'arguing' about nothing...I thought it was healthy conversation,-1
Just got home from work.. My feet are killing me,-1
hahaha yeah i see that. but he can`t twitter me back,0
I cried like a baby when we had to put our cat down 2 years ago...  For tears of happiness watch this http://bit.ly/qLwbe,1
With bff _chrissy22 glad she got that dog out of here lol my stomatch hurts,-1
So sorry about all that  praying for you,-1
_rashid aww how cute  I like that song a lot,1
John making me wear a mask and gloves at work cause I`m sick. Says he doesn`t want to catch swine flu.  http://yfrog.com/02mxjj,-1
Ugh - car got stolen sometime between yesterday evening and this morning when husband was due to go to work  Like we can afford this???,-1
Good Morning! - Court - Crossfit - Bible Study - Someone very special`s house  http://tinyurl.com/cjs668,1
those aren`t even the old dolls...they are the new ones that look like sailor moon!,0
me neither,0
Bank holiday rock seems so fitting  ? http://blip.fm/~5jg16,0
I am loving this sunshine and hating the thought of my office without windows,0
it just thundered reallyreally loud at work and this little boy started crying  I wanted to cry too...I hate storms! wah,-1
break a leg  but don`t do it for real it just a saying :p ' good luck',1
Whoishonorsociety <never wear your pajama pants to school  >,0
yeah   when he goes there he always brings us these things. + he just let me last something called 'bird milk' and it,0
Happy Birthday Mel. We miss you in the UK,0
i have high cholesterol,-1
Getting ready for school...hope today is a happy and awesome day,1
man.....i`m at a loss for words.....looks like i`ma get an unexpected graduation gift.....in a good way,1
hahaha thaanks!  iï¿½m from brazil!,1
Last day to sign up for GoCincinnati! www.crossroads.net/gocincinnati you can sign up with my group.. its going to be AWESOME,1
My Friday made me miss high school,-1
don`t you hate it when you finish all your work and there`s still 1.25 hours left of work time,-1
omg! shannon Happy Birthday!!!! I`m celebrating for you!,1
show was amazing. so cold out now  hope I can give victoria my card and get my dvds back ;) ha,1
nooo!! not too busy for you! EVER! SRSLY!  you are my pal! I`m not yet familiar with iphone twitter,1
there`s nothing wrong with having a quiet day... it gives you more time to listen,1
That`s sucky. We`ll miss you being on.,-1
College work sucks so much!,-1
your right. im so jealous i wish i had gangsterrrr pants like your grandma,-1
My whole body back pain treatment and detox starts Monday. Not looking forward to a summer of hot yoga and healthy food.,0
watching W. with jas. i love my brother he`s my best friend,1
dude you didn`t even say bye,-1
may the fourth be with you! happy star wars day,1
justwatched the most depressing episode of Jon  Kate EVER!!!i actually almost cried.,-1
Listened to Eyes on Fire and enjoyed it.  Thanks,1
There are bugs attacking my laptop,-1
i got talent too  u nvr hear me sing or dance them does call me Mini Breezy,0
i hope so. i really need one! we`ll see. unfortunately drama always finds me.,-1
wow cute Pic,1
Watching Scrubs season 2. Oh I`m gonna miss that show,-1
_H ok so who do you know on Daisy of Love? And have you seen it yet. oh lord,0
Time to rinse out my conditoner,0
I MISS U CEDDY,-1
woOt!,0
YoYo door nazis refused me entry on account of no ID  gutted! Heard it was a good night tho.. Next time I`ll come prepared!,0
thanks Daxx you too!  God Bless you brother!,1
the fact my room is so hot is making me feel sick,-1
_w T`was not an interview in so much as it was a private chat,0
_rc234 haha  yup. but still have a terrible headache and super swollen and puffy eyes! i dont think im going out today.ugh!,-1
You`re welcome,1
My sister is graduating too & I can`t afford to buy here anything,-1
What software do you use to design sites? I`m a CS student and currently I hard code everything. It`s not the fastest way...,-1
back home. man im hungry. getting ready..shopping,0
Yes for sure ! its all that i would eat !!,0
today something amazing happened...I fell in love with coupons!,1
theres nothing worse than working on a friday night and having to wake up at 6 am on a saturday. I want my babe,-1
looking out window is depressing it is so beautiful out and I am in here,0
Love that book! My VW I`m about to turn in is named Scout.,1
is not feelin well... i feel sooooo weak....i hate bein sick in the summer,-1
4th may officially announced as `bad luck day` ..,-1
guess I`ll start getting some of my camping and fishing stuff together for Wed & Thurs trip to Braunig Lake......,0
eating breakfast  getting ready to go to school ;(,-1
fickleness seems appropriate for a Twitter user,-1
another rainy day,0
I wanna buy a million copies. But i aint that rich   just buy some more copies urself hahah,-1
I forgot I moved 100 east...make that 8 hours home.,0
posting my first tweet!!,0
My dreams have been crushed...Spock does not like the ladies.,-1
OHHH my bad! yes him  heh heh,-1
I`m here if ur here for me!,1
I had a small tweetbreak from twitter I think I needed it,0
I have two hours to wait for my tire to get repaired.,0
i`m fine thanks  wbu?,1
have yet to start this paper due tonight. i have no motivation,-1
Sounds like a good five days,1
who sings `I Remember`? i alwaysss hear it on Radio 1 but never catch the artist,0
Have you managed to breathe since getting the news?,-1
LOL kk i`ve sent u a friend request,0
Just booked some tickets for Jessicaaaa.,0
it is! ive done somethign like 200 updates today :S,0
guessing... Ran 4 miles & gym? Superman you  oxox,1
Just read McDonald`s is actually running more ads than before the economic slowdown. Great. I`m lovin it.,1
I`m tryin not the be boring today . . . I just can`t seem to come up with thing to say,-1
lol we should start a group lol the **** sisters,0
Senior`s last day.,0
I keep pulling out my knitting at my desk and then putting it back.  Not good!  Not good!    T-minus 15 minutes till release........,-1
_ I don`t see how there could possibly be another choice.,-1
playing with  on a cool new website... hopefully ready very soon,1
So its my bday weekend and **** is already headed south...might have to drive to atl tonight,-1
amy meredith has a soccer team? well i also have news about soccer. my team won aswell!!  ****,1
headed into venue.  bbl,0
Im going bed i dnt feel well as always,-1
I already miss my Mohawk.,-1
No 10th  2 months=],0
I thought I was going to see a pic of your clean car,0
Yes I do! And I`m still almost at my Gmail storage ceiling! ARGH! I am being FORCED to delete stuff.... or buy more space.,-1
May the 4th be with you. Happy Star Wars Day!  http://ow.ly/52Aw,1
Lovin  the clean shaven Mr Flowers!  He looks so young!!!  Reminds me that I`m getting old,1
Hi anyone there?!!!!!!!!!!!!!!,0
Yes! That sounds like a great idea. Message me on LJ about it,1
Wanting to go out... apparently no ones available!,0
umm...why will it not let me change my background?! im twitter-challenged.,-1
Good morning my sexy twitter how`s yall doing??? I`m gd but it`s like 7:49am n I still wanna sleep,0
One downside of the nice weather: It brings of the chavs...,-1
Geometry is so **** boring.  waste of time.. 20 more minutes left,-1
just watch evan longoria,0
thanks for coming in tonight  it made me so happy,1
heyy its ur bday?!!happy birthday!,1
N now the end to another wise great nite! Excuse me while I dream a little dream,1
feels slightly better but **** i sure do miss him.....he`s going to be so hard to get over......  i messed it up ...donuts=comfort,0
thats because im getting a new phone since my other phone dont work at all,0
Doin` the Crocodile Rock,0
Sad because i cant go over my friends house,-1
Happy Star Wars Day. MAY THE 4TH BE WITH YOU,1
what a beautiful morning! nice to be out,1
I wish I knew..  Trying to figure something out here too,1
lmfao!!! Yea anyone?? Please?? We`re really pretty!!!,1
just threw up,-1
Chilliin,1
congratulations! woootwoooo!   great game!  nakaka-hyper kayo!,1
A new baby? How exciting  Congrats in advance,1
looks like you need a local marketing person. I`m booked for 2 gigs in Vegas that day,0
I never knew,0
A central lesson of history is that States are parasites which always expand until they destroy their host population. - Stefan Molyneux,-1
OK!  ~ you are such a wild one - can only imagine this one...,0
A+ for effort though  http://bit.ly/Mco5v,1
Just found out that Mad Men season 3 is delayed until August.,0
oooh im sorry to late i smashed it,-1
Ready and waiting Donnie   We love you too,1
just downed 10 live abalone sashimi with 2 bottles of sake with father-in-law.  Very happy,1
Happy #juddday everyone!,1
this is sounding like the worst lurgy ever - the one that just won`t go away ..  ...are you ready for end-of-rope action yet??,-1
http://twitpic.com/67uc7 - can you lend me one? I have a cold too,-1
good mornig to everone... it`s a great morning ...in the evening i play in the theatre in lord of the flies. it`s so much fun!,1
Working up to my vacation to Thailand. Getting more excited every day,1
Still hating the whole Twitter replies thing. I feel like I`m missing bits.  #fixreplies,-1
My back is killing me. Stupid softball,-1
mothers day drama was awesome!,1
I`m going to jordan & jeffs wedding next weekend in atl.,0
I forgot all of those people,-1
Morning People!  Just woke up now!,1
have a lovely weekend,1
Just got to school. Goin to Cinncinatti Wednesday!,0
Now the mosquito truck is waking me up,-1
star wars ............ is **** BOO??? i wanna do your jobe HAND IT OVER  u can act as me at my high school   LOL,-1
http://www.efteling.nl/ Today: Nothing but Efteling-fun !! Not too sure about that Python-rollercoaster-ride though,1
still no date for bon iver next week,0
Boredom isnt any fun..Wish I had somebody to hang out with tonite..,-1
yes(: but now,0
LOL! No trialing...for the most part Florida trials come to a screeching halt over the summer.  Have fun this weekend!,1
In KL now took wrong turn after Sg Besi now jam in city center,0
aw thas good im glad your happy  i jus been chillin,1
you stop it,0
Working on my resume while listening to the rain and enjoying a Circus Boy,1
is house bound with acute mumps  bad times.... whole day ov supernatural me thinks  x,-1
graduates college on saturday,0
Just checked the diary and it clashes with uSwitch.net beers,0
My truss failing  http://yfrog.com/154upj,-1
EVERYONE VOTE FOR MILEY CYRUS FOR THE MTV MOVIE AWARDS BECAUSE I CAN`T THAT DOE`T WORK AT ME I`M #FRUSTRADED :@,-1
try to play John Travolta`s 'Grease Lightning' bassline.. it`s cool,1
Mmmm holiday commercials really ARE nice,1
your SMS managed to crash my phone.,-1
i`m hungry but can`t eat anything right now because my tongue hurts so bad.,-1
Just Finished My English Final...Just One Step Closer To The End.,0
great pics! You should try to start selling your race photos to runners,1
shopping tomorrow? I think yes,0
Kristen i miss you,-1
Through to quaterfinals of charity football tournament. My penalty save sent us through,1
My new car is already giving me problems  That cant be a good sign.,-1
Man my daddy left to work again  I never see him a lot I miss my daddy :` (,-1
Thinks that my friends lifes go around with what they boyfriends do and then they have not time for us girls,-1
3000 then ya up with me my friend ... i type too much,0
08.05.09 partying at the Pineforest  http://tinyurl.com/ojugsb,0
good luck!!  OH and I are playing inthe mixed knockout this week. Playing the pros 14yr old son playing off 5 & top woman off 6,1
morning twit-friends! welcome to my new followers,1
The parking meter computed 25 plus 25 is 40. I got jipped! And the 10 free minute button didn`t work.,-1
still no shout out for Spider,0
Ps... I got Ben Button today... completes my Best Picture noms....got all 5 now. It was a GREAT year!!,1
I wanna be drinking at the pub,0
nope  i`m bored and hungry.,-1
I saw the best 1980s back combed poofy bangs this morning on a 30yo... 8 in high. By the time I turned around she was gone... no picture,0
Wants to go catch happy hour  to get me a strawberry lemonade slush ( put me on them)...but i dont have my car...super,0
i`ve got really bad arthritus in my left hand. I cant use my thumb at all,-1
So lost  on my owm tryinh to find matter in the o2,0
I saw nomes on twitter  but I`m still not waking up,-1
oooo ok   why  havent you accepted my friends request,0
They ended up staying late  But how was ur night?? LOL,0
lunch in the forrest ... its so baron.  fpu is so dead,0
squirrel! where? i hate squirrels,-1
wished I watched jon & kate plus 8 on monday,0
After I water the plants I am headed to the farm. Don`t have any popcorn for the goats   Katnip is looking good under saddle,1
got 1 after school detention. 2 lunch times and if i dont go to them. i will get 2 more after schools,-1
Now you only have 2 hours to sleep...  - Rest if you need it.,1
I need to come spend some time on your roof - I miss you &     double date in a couple of weeks?,-1
very very cute  and fun to watch.,1
being sunburnt is horrible,-1
...i had a yay moment today  YAY hope you did too!,1
Poltergeist! In my house,-1
my day is starting at 2:38pm. woops  work in less than 3 hours...,-1
nice! I wish twitter would tile mine,1
: thx for the follow!,1
Thank you for FF,1
I remember the show... I don`t remember the hiccups...,0
Delays/cancellations really bite. Have had my fair share and can sympathize. Hang tough!,0
my three most hated words are 'see you monday',-1
Hella wow .  no doubt .,1
Zombies make great huggers b/c they don`t lower their arms or move to fast...  ï¿½  (via ),0
i think 30 bucks and i dunno,0
awesome lucky you,1
is putting on her 'suit' (&dont mean jeans&T)&Heading over 2 T-town 2 deal w/ family emergency PLEZ PRAY 4Us  BE back by 630P God willing!,0
Heading home. Could really have done without banging my head on the way into the bus,-1
I think I would be a good radio dj...I like awesome music and I have a great personality!!!!  ;) !!!   !!!,1
i was in front of u the other day i waved and u didnt  off to eddie izzard now!,0
i`ll do follow friday a little later on...i`m busy taking over this lady`s job.,0
tehe. It was on the 9th,0
Tired of hearing stories about everybody going to Ibiza...,-1
Off to study!  later guys,0
there`s really no android twitter app of Tweetie`s calibre,0
_watkins Oh my gosh ian i always miss you when your on,-1
Bran!! Watch my video!!!!! please dont make me go stalker status 2nite  http://bit.ly/3Ysav,0
watchin` a moovie...and im sited about going 2 ma friend Sara`s tomorrow at 9:00 a.m. She was injured   I luv ya`ll. i will keep u updated,0
_127 LOL Just remember how it was after my car accident,0
just seen 1 of the fat single Mums from up the road 'seductively' sprawled across some poor blokes bonnet. He probably needs new shockers,-1
Just got a shot on my arm. Eww.,0
is also very excited for the BLAZIN SQUAD revival!  im rooting for `em-- their new song http://tinyurl.com/dz7tms,1
slept all day.. lol. now time to start on my UN article.. what fun (: ...,1
happy mother`s day! you are beautiful.,1
thank you for your comment,1
GAH! I have the headache from hell. Reminds me what my lovely wife goes through all too often,0
Taking care of yucky stuff.,-1
why thank you. I might just take you up on your offer,0
said that  mentioned bears!  have fun!! P.S bears like Peanut Butter,1
I still have my lights still up   you think he can do mine too?,0
That`s me set up for an exciting Sunday lol,1
http://tinyurl.com/oqsqz6 Grace`s FunZen magic mood tool for keeping her cool in the pool of real life which is now yours too,1
'I never thought I`d die alone. Another six months I`ll be unknown',-1
I`m in belleville at my parents and someone offered me a bus ride to orillia for 10$ at the mall. Thought of you,1
Shared Kim Hï¿½ltermand - Portfolio: Shared by Kaare Finally a dane  IÂ´ve got the honor to do the amazing.. http://tinyurl.com/coypsl,1
Sorry to hear.,-1
Trying to go to sleep but no luck  I think i`m sick... =S,-1
I JUS FOUND MY I.D. FINALLY ; IT WAS IN THE LINT THINGY IN THE DRYER LOL ITS ALL BENT OUTTA SHAPE NOW  IM MAD,-1
The last day of the last time I visit my parents as an unmarried woman  (85/21589) ( http://bit.ly/Mo0QN  ),0
I have to reupload the **** thing again,-1
http://twitpic.com/4qfl3 - haha^^ I love it,1
`auto-resolve` is that a Geek/tech answer to most questions??,0
...thanks for the shout out...you might be right about the starving thing....     little lol,1
House Hunting was a PAIN! House Shifting is a SUPER PAIN!! Packing never seems to end  I can`t even Imagine Unpacking :-P,-1
that`s the worst dream ever. weird to think all of those thoughts are in your subconscious.,-1
Molly was born on my birthday!!!! *cue twilight zone music*,1
just now i know how twitter exactly work,0
Just finished Church. Happy Mother`s Day!,1
oh...my foot`s hurting now. About 5 minutes after I took it out though.,-1
and of course it happens on the day I got a carwash.,0
hey ive seen the musical live its funny lol,1
today Jon Doe plays at the Moho. ia m excited  itï¿½s gonna be funny.. but before i have to carry all the equipment and do the backline,1
Wait...I thought it was 9:50? Don`t we have till 10?   #sigjeans,0
relaxing fragrances are SOO IN! my latest loves are still lavender & chamomile--the basic ones  trying to find more flower scents..,1
I`m starving!! This diet is killing me but I can`t eat after 8pm,-1
i love love love silverstein.  work tomorrow. boo!,1
I was nice!! I called you  lmao,1
Thx 4 sharing!,1
That was like eight years ago. Not so sure it would happen now,0
Just finished cleaning the bathroom.  Now I smell like clorox,-1
Bye bye edinburgh  i don`t want to leave,-1
sitting in the parking lot-by myself  i miss you baby. couple min til i gotta deal with a ****. then i`m peacin` out and hitting the gym,0
New baby doing well.  I will be attempting to do some more 'painting' this weekend.,1
this is my movie weekend!! i`ve watched 5 movies so far,0
Follow _joe he`s cool,1
pffffffffff... it`s not a 100% triumph cuz u gone napping  LMAO!!,-1
she still got it going on!,0
Why is it so dark outside?,0
NAT!!! I`m going to miss you so badly,-1
Leaving Wildwood tomorrow  but Luke says we will be back soon!,0
i miss 'mr.',-1
It`s too hot to be sat in an office!  I wanna be out in the sun shineeeee.,-1
Cleaning,0
Amy did u already check out the antics of Parella and Marcia?   news... and entertainment on Twitter,0
sorry about it,-1
cant fall asleep,0
Is...Sayin Happy Mother`s Day 2 Everyone!!!!!,1
me neither at first...but u gotta go thru somethin first to get there lmao...i almost burnt my house down and that set me str8,-1
anywayss to the point i am dying to spend my summer over there or somewhere hot with you guys,0
It was my fault for leaving my flip-flops outside my locker while swimming at USF Koret but why oh why would you want to take `em? #R2IMT,-1
Join the biggest and bestest group on facebook  http://bit.ly/cDrbt,1
Why do I look so awesome in heels yet am so afraid of them?,0
my love makes me sooo happy,1
_Hayes I`m at sharkeez!,0
I love your tweets... Your sweet,1
_Perez That`s great! I hope I`ll study with my bff too and we`ll live together. well..we will see,1
URL in previous post (to timer job) should be http://bit.ly/a4Fdb. I`d removed space which messed up URL.  ^ES,-1
Oh noes .... macbook hard disk has just died,-1
thanks. but it IS seriuosly my back up plan,0
trying to finish moving stuff for tonight don`t feel good!!!!!,-1
Feels like im going to cough up a lung,-1
Howz it going hun??,0
have a good day!,1
can you follow me so I can DM you?,0
it`s Under a Honeymoon by The Good Life,0
is sad because his tea and oatmeal are cold,-1
well...gotta grab at least an hour and a half sleep before the girl`s get up for school...gawd the life of multi-taskin`  night/mornin`,-1
Pappadeux has some yummy strawberry lemonade,1
: Happy Mother`s day to my Mother. Thank you for being such an awesome mother,1
JONAS rocked tonight!  going to bed after I write a lil bit... Night and bless all,1
HAPPY MOTHER`S DAY TO MY BEAUTIFUL MOMMIES,1
Live TV coming to the XBox 360.  But only if you live in the UK.  http://tinyurl.com/kq47ah,0
Just got home from dinner with my mommy and my new grandma. I`d rather be in Hollywood right now,0
I was scared by the Daleks in the DW Exhibition in Cardiff.,-1
Good morning ladies and Gents.  it`s going to be an awesome day 'even though the weather is terrible',0
Worst day ever. And its only noon.,-1
haha malamang as one of my chef.,0
hey you! Did you get my present this morning? Hope u liked it?,0
WOW Panic at the disco en Abbey Road,0
R-T  30 Cool Things For Successful Entrepreneurs To Do - http://bit.ly/8w7iQ - Please Share,1
Missing brandon. Wanting to talk to anthony. Sadshoes,-1
received her first pressie. Happy happy.,1
That gave me a great smile. Nice way to end the day. You are so right,1
Justin Timberlake and Leonard Nimoy? And a **** in The Box sequel? priceless,1
My cats enjoy the sunbeams from the open windows.  I think that counts.,1
Movie is pretty interesting actually. Gonna finish watching it.  probably seeing star trek tomorrow. <3 ZQ. lol,1
Oh Duh....I see that now .....thank you....,1
thats much better than the flu syndrome!,1
added 30 minutes to morning sleep by cutting out useless Today Show. Feels nice,1
good night fellow Twitterati. back to work tomorrow,1
the video on myspace is so funny...u run a lot hahaha i voted,1
Greg Pritchard was robbed  ii am too gutted for words,-1
Aww bless hope the phones okayy  x x,1
Following _aisa These guys could be shifty but worth following regardless.,1
Round and Round the Garden: The amazing thing is that he`s still talking to me!  http://rly.cc/JNFwN,1
Oh no it`s storming... gotta get off the computer.,-1
should be sleeping.  lost my voice a couple day ago.,-1
It`s sunny and I feel really well today!  Yippeee!,1
I`m yet holdin` on.,0
Good morning twitter world.raining in dingle- hopefully means a busy day for me,1
Castiel is loveeeeeeeeeeeeeeeeeeeeee,1
_30439 I really wish I could go!,1
I am now eating one of those big subway cookies with a glass of warm milk. YUM,1
now i dont feel so good,-1
Horrible thought... I have to go back to work on Monday   Good thought... I only work for 90 minutes   Life is good.,-1
I`m dead bored. but also dead poor! Student life is a piss take!,-1
the new song with cobra starship is amazing!!,1
My lovely husband made me breakfast in bed this morning. Who says chivalry is dead?,1
Morning! Are u back in blighty Bill? Hope u had a lovely time away,1
Happy Star Wars Day! May the Fourth be with you.,1
OMG. Today felt like the last day of school! it`s horrible!,-1
Thanks hon. #Migraine went away then came back.,1
i feel really blessed to have super awesome best friends,1
Hey! Polka dots or black dress. Both very glam. Mobile twitter`s a bit **** at the mo.,0
Just found out I can`t drink at this bar! Booo missing e1 at palomino`s! No cheers sad face,-1
'I can givee you anything but lovee' - Daniel Schuhmacher,0
saying goodbye to my parents at the airport.  it was great having them around.,1
just got back from school.  SHEMMS!! Summer class has been officially ended.  http://plurk.com/p/wxsgy,0
Wish I lived in or atleast relatively close to Ohio!   Haven`t seen _Troy or _McLoven in almost a year.,-1
I`m so worried about my sister`s guinea pig. I hope Stalin makes it through tonight!  you can do it baby!!,0
...Yawn is it that time already!,0
make sure you call yur mother & tell her how much you love her. Tell her I love her for bringin you into the world.,1
hmm so late. Well its early for me.. HA,0
any chance you might come back to moncton? i had to miss the show tonight,-1
Lovely walk this morning with the missus; drizzle didn`t matter,1
just got home from the sunshine coast,0
Coming to the end of my vacation.,0
(blinks fast) its better now ... Lol thanks :-*,1
waiting for my mom to get home,0
Thanks for that!,1
Always thinking about to look for a good place to appericiate everyone who supports me on every site I joined,1
Needs a job BADLY!!!,-1
thank you very much!!!,1
have an extra Justin Rutledge ticket for the Mod Club tonight,0
It`s so sad  http://bit.ly/b8jTH  I love Kelly! <3,-1
crashing from my WI high...missing mayfield,-1
Everything I usually watch is pending!  http://eztv.it/index.php?main=showlist,0
time for me to go to bed. Am very tired. catch up with you all in a couple of days when I land & recover from flying to Denmark,-1
http://bit.ly/5pBLz  for McCoy`s initial rant.,-1
Hope the train remembers the way - they can go a bit loopy on bank holidays,-1
oh! i think i didnt do well on my photo editing for Db!  sorry :|,-1
ok gotta get my sub before everyone wakes up,0
it`s depressing,-1
_y_Tony and didn`t bring me any????  You suck,-1
Don`t be mad at me.  Please? ::puppy dog eyes::,-1
happy mothers dayy,1
Rainy Mondays... Is there a better day to work at home?? I am thankful!!,1
Im glad that wasnt my real diver theory test! I failed  i got 70% 35/50 questions right but i did have 35mins left lol x,0
i miss my daddy,-1
Finally. Deleted her number from my phone contacts  #heartbreak,-1
Baking WIN! Thanks for that!,1
That`s a relief! I feel better knowing it`s hereditary.  Have fun!,1
pictures ross.,0
I love Broughty Ferry,1
4am. And Im on the beach. Pretty,1
_fam lol it`s coming up too  probably mid june early julyish???,0
Hey  Bye Bye  was fun too   (robluketic live > http://ustre.am/2w5v),1
Ah bad times   I hate exams. I feel so unprepared this time as well. Sucks haha.,-1
Watched `The boy in the striped pj`s` the other day too..one of the best films I`ve ever seen.,1
MICHELLEEEEEEEEEEEEMYBELLEEEEEEEEEEEEEEEEEE *snif snif*,0
Somebody buy me a plane ticket home!! I miss my girl...,-1
Found my book. Starting a real paper-bound journal tonight. Have an annoying zit above my lip. Makes me look like I have herpes,-1
_apuya hey hey andrew!!! haha! ;P well happy mother`s day to your mum.,1
is going to her last full day of school. life is good.,1
michelle is a hot mama with chichis grande,0
it was great to meet ya katie...awesome shows for sure!! Safe travels home.,1
Time is going slow,-1
Followed by the great Super Mazembe. One of the favorites around here  ? http://blip.fm/~5jkbp,0
it makes me  when i see people replying to people that are only after followers and would never reply back,-1
_cupcakes  sometimes plugging it into 240 can fix problems..,1
Loves Agustin and his happy morning moods,1
the start of my day was finding a lump on my body... went to the hospital... apparently its nothing! fewfffff! bloodtests suck...  haha,0
crying so hard.......,-1
hello there!,0
was laughed at today for being too hopeful with the things...,-1
Waking up at ungodly hours to go to work is starting to get old but at least the coffee is good,1
besides when u come and visit ill have more room for u!,0
Etsy handmade cards weren`t any good?,0
Thanks for the link Geoff,1
is thrilled prom went well,1
Sorry but there is no parking space. And I just realized I didn`t delete one sentence doing copy&paste in that email,-1
Regrettin some of the decisions I made,-1
thanks! I love a good bargain.,1
_meaway I`m sorry hon  I know how it feels though...I`m usually crazy but at a family gathering I`d probably hold back like that also,-1
lol...but they aren`t here! I`ll tell them to do that Monday. lol,0
You can`t spell #melo without e m and o...  <3 to my favorite blogging site.,1
Cat is anxiously watching wild turkeys in my back yard....I think they have their eyes on my bunny rabbit,-1
wtf?! my tweets aren`t posting   super excited about the weekend! <3jfg.,-1
i get migranes.. so .. that leaves you to either arthritis and/or gout!,-1
Know I`m not the only one.  Just harder on me.,-1
Hence the smiley face.  ha ha ha ha. Lol yeah i`m hong to be tired as **** tomorrow. But guess what i do not care.,0
Chino - Gentleman Jack is pouting because Mommy is gone to dinner.  http://apps.facebook.com/dogbook/profile/view/6891977,0
got a new prom dress,0
i know! that`s why i recommend it,1
Wow.  I hope he gets better... cancer can GTFO.,1
is it normal for a masseusse to fully massage your buttocks? I swear she was a quarter inch from a medical exam..,0
we`ll see Craig might just hog u guys! haha I work till 10 tonight anyways,0
Omg. I got no sleep again. Neighbors are building a deck & they`ve been starting @ 5:00am. I`m SO tired. Feel like I just took Benadryl,-1
Maya Kibbel DOES NOT have a facebook or myspace page,0
my stupid putet won`t let me go to your chat,-1
Baking cakes with my Momma! ),0
great night,1
Thanks for the concern. And checking up on me! Much appreciated,1
You don`t want to leave because secretly you know Australia is twenty times better than America!,1
im home!  videoke at Funtime.. yey! got loads of tickets! nyahahaha!,0
Wish you were coming to Australia & New Zealand with the Sticky Tour Ant,0
giv ya mom n gman happy mothers day,1
Really tired this sunday morning  ****,-1
unhappy about the news that the planned (experimental) ITER fusion reactor will become much delayed... 2025,-1
Thanks so much for following me here too  I will keep you all up to date as much as possible on my makeup line plus all new collections,1
- 21 days to go  Happy birthday for then,1
but cover your sneezes with a tissue for love of God! My germaphobe-ness has significantly increased since joining healthcare,1
haha okay you were talking about middle college grad I think and I got worried,-1
rather excited about my hospital placement starting on monday. I get to give needles and take blood,1
is updating an old ipod...sad...i miss my orange nano,-1
Good night peeps! Give to your mom`s the greatest love you have   ****,1
bye selena!!! too bad i didnt get to talk to u while u were here,-1
Btw that song is you`ll always find ur way back home by hannah montana,0
Extremely excited! i`m 15 days behind you,1
_NKOTB LOL you r not a loser u drove 8 hours in a day.. U need rest  of was it 2 days? I`m still tired lol,1
it`s not sooo noticable it depends on how you look at it...but I know it`s there and now my iPod isn`t perfect,-1
happy mum`s day! i kinduhh have a major crush on alex johnson from the cab,1
Happy mothers day,1
buy me a taco! haha. i don`t want to stand in line,0
_x butbutbuttt he replied to you loads,0
Arrogant **** on tap in Oregon. WHAT!!!!!!,-1
I always forget how much fun kyle is!,-1
is working tomorrow all day so can`t do anything tonight  Whats the plan for Saturday?,0
@_Flik_ Good one.   Might think about it for this year`s NaNoWriMo competition.,1
is watching Because I Said So,0
STOMACH ACHE!!! Ahhhhhh,-1
Sturday night live,0
fun fun night  miss you. night tweets,0
Yeah I think I touched something that had mikes germs on it because I have a sore throat now  dammit I knew I should have not gone there!,-1
ouchie  Did u take some Excedrine? Thats the ONLY thing that kills my headaches FAST!,0
lure her in with a foot massage!,1
Hm... TweetDeck has lost all old replies.,-1
I like that...gonna have to re-tell,1
heya thanks for accepting the add,1
Lol at the VATS on The Insiders,1
and  thanks  hoping its just allergies and not a nasty flu!,1
happy birthday month!! I only get a day but you deserve the whole month,1
if its too hard go to ur guy peicing person and he shoud change it cause mine be hard to change to,-1
Im moving to canada,0
I completely forgot it was mothersday today.. Lol  Happy mothersday to all of you beautiful mums out there!,1
And other girls come over... And my boyfriend forgets that I`m here,-1
The ball is in motion. I have to type up concepts in outline format we could develop those to ensure we deliver greatness,1
The geographY was an exam today!But turned out well  OMG on Wednesday will a English exam xD   I woul`d be very nervous...,-1
I queue for cake standing up and with a slight look of deranged anticipation on my face.,0
_Luck13 they are SO cute,1
sorry to disappoint.,-1
Not even better than Kapsel cha  Dy nulis notes? Spertinya gw ga ditag cuz g ada notificationnya... Huhu.,-1
Sang on xbox lips and drunk beer my weekend rocks so far,0
I just realized that I can`t forward text msgs with my iPhone.,0
Stupid bipolar weather ruined my day off,-1
Sleepy Tabz is heading to bed.  Fun night! Listened through the next episode of Joss`d!,1
I have forgot the live with the Jonas Brothers on Facebook,0
Late night...finally home.,0
you really chose the wrong time of year to do this didnt you,-1
But it was worth it  ****.,1
id poke u...on face book but u dont have 1  lol,0
have someone help you with the makeup...you gots to go out looking fine  and have another shot,0
Have a headache  I`m going to bed. Goodnight!,-1
I`m at work!!!! Ugghhhhh someone save me now,1
The Killers where the best. A bit disappointed that the last song was cut short  Can you watch it in full on Iplayer ?,0
argggggg car crash tv its just sooooooooo horrible to see her like that  #bgt,-1
Good Morning!,1
I thought all the Apple Store and/or Best Buy guys wanted on?!,0
Just started raining in earnest... guess golf is off for today...,0
needs a new job either closer to home or worth the drive,1
Go to main settings page for iPhone and scroll down - you will see it,0
KMF going smoothly so far. Free stuff is always a plus.,1
Freaking out a bit..crossing my fingers that things will work out ok,0
happy mother`s day!,1
god I need to revise today! I`m so lazy,-1
aww i know its my addiction!   awww i know sameee  !  its just more more more !,0
Chilling at home,1
Love johnny deep looks in public enemies (L) I`ll catch this film when show in HK,1
Just woke up  shopping today for my birthday....kinda,0
I`m dying to read it!  I hate England.,0
is working hard or maybe thats hardly working,-1
piyaaa! hi. :] im hyper & im bored & im online & im going to find pictures for the noteboook.  still cant send messages. grr.,-1
Ohhhhh what a line,1
His beard is addressed in this week`s LOLs.,0
*hugs*  still feeling poorly are you,-1
Tired. Going to take a nap. My finger hurts.  143,-1
contemplating whether or not I will go to prom as I listen to my 80`s playlist. 'Somethings tellin me it might be you!' Stephen bishop,0
i couldn`t **** sleep today either. it was hard for me to stay asleep for some reason,-1
whew! thassa relief,1
*sigh* Last day at work. I has an sadifying in my heartparts.,-1
http://bit.ly/Wl9yL  i want to go here,0
Tyring to pack for my Aruba trip (soul beach music fest),0
Just got home from Stacey`s lovely wedding,1
OH FACK U GAVE ME POLICE THATS SOME SERIOUSE ****,-1
graandma`s houseee  i havee too leave now! <3,-1
is loving the fact that Jor can talk and tell me what she wants!! AMAZING,1
Yes - noticed that after the retweet..,0
I hate PC,-1
I knew that. I attended an innovation seminar at Picnic 2007.,0
OMG....that is soooo sad.,-1
Ahhhh \you are soo smart  Thanks for this schooling of thoughts,1
This day is fkn UGLY & it matches my mood  unfortunatly. Time 2 blast off 2 the moon,-1
Ughh. That Miley creature song has infested itself in my brain!,-1
I cant to sleep and tomorrow i must wake up too early,-1
hi Lyndon - if you get this before 4pm Monday 11 May - i have mail for you from  via Tasmania. DM me,0
No.  I was thinking just before how much I miss my T-Dub.,-1
****,-1
@_micster  How the hell does your hair not fall out constantly?,-1
I have a cam sesh lined up tomorrow with my c4s winner  ill post screen shots in my lj. Friends only unless you convince me otherwise.,0
why do I always wake up ONE minute before my alarm is scheduled to go off??,0
cool its my P,0
_trick It`s all good  The next 6 months are going to be awesome.,1
totally! I`ve been waitin for somethin new and thought provoking at mj.name,1
so cool! if only i could call! my phone won`t let me calll the number!,1
last night`s paper writing session=still not done. I need to prioritize better.,-1
- SO.... yeah. I VERY much appreciate that.,1
Happy Star Wars Day! May the 4th be with you  (via Nige the Goth),1
awww cuuuute  Newborns are so fun!,1
Almost lost my phone.,0
Another day I haven`t got time to play plus it`s raining and chilly And also have a headache - WTH? . . going back to sulking mode.,-1
i wish i was at the beach already,1
Pshh i dont have it,-1
Just saw Zack and Miri Make a **** with  and  . sooo good.,1
back to Roseburg...and an empty apartment,0
Thats ok...ur a good person + My Idol soo good people deserve sum good comments..hows the weather ova der --London is cold,1
baby I`m in maryland I`m NOT gonna make it  BUT I will see ur sexy **** next sat in camden VIP....come early n hang!!!!!,1
Hmm...what to make for dinner tonight???  No clue.  Don`t feel like cooking anything    Hubby wants to go away tonight.,0
Happy Mother`s Day. . .,0
A long day with the family.   I`m so tired now.  Had fun!,0
ugh. I totally can`t sleep.,-1
No it`s not sad. Should make you proud,-1
i`m so happy i aced my final!,1
At hospital.. Uncle is in surgury after heart attack,-1
it was a hard weekend. too much alcohol on these **** 'weinfest',-1
i find John Mayer`s tweets mighty entertaining for a hearty laugh...so thanks John,1
Happy 11th  I`m going to sleep now lolz,1
at home. have very sore feet. and am sad because the sale of my grandas house just went through. miss you,-1
hahaha  is SUCH nonsense,-1
I had a very good day - lots of stretching and sleeping in the sun,1
I`m in the Starbucks with a cup of coffee   http://yfrog.com/ehhmyj,0
That is super sad   How is Bart etc holding up?,-1
im cleaning listening to fiona apple then off to a birthday party!!!!!! i cant believe that im 25 already,0
LOL!  That is just the way I was brought up.,0
SORRY! I couldn`t help it. `Twas to try and get if on the trending topics.,-1
It`s pretty warm out now! I forgot K was sick though.,0
it`s raining..,0
Our neighbors cat died!  I really loved him =(,0
Good morning.,1
hay wats ur AIM? we should chat,0
jus sittin in da libray and this stupid computer wont let me order any mac foundation,-1
dreaming & thinking about my garden,0
**** if there is anytime I need my car... its now! Dammit,-1
_1993 Nope not yet  Within 10 working days from Thursday. It should be in before 2 weeks Wednesday. It`ll be in before that! I hope,1
I lost count   sorry I let u down...,-1
I`ll be thinking about how many goals United are going to knock past City. How `bout you?,0
_Mcfly how cool will that be  she is so nice!! Bless her=] so what ya upto? Love you (L) XoxoX,1
Packing is no fun at all  good thing I have the new united on to keep me going... But still no fun,-1
YAY!!! I think I found it and a few more,0
is having carbonara for dinner made by my mum mom,0
they don`t use MSN either I don`t think  and they are thousands of miles away so can`t do it face to face,-1
lol. sorry bout today  ..did u get them?? & what else R U guyz doinq cuz i have to C if im eligable [howeva itz spelled lol],-1
wh-wha? hacky sack plans sans Jackie???,0
is also wishing these two lovely mothers  &  a very special Mother`s Day!!!  enjoy!,1
on youtube now!,0
My brother just woke me up to help him with his homework. I`m not happy,-1
to doente,0
Going to see Star Trek (again) tomorrow night but this time in full IMAX glory!  I hope my motion sickness doesn`t get the better of me!,0
_E Aw. well im sorry you don`t like July for those reasons,-1
So many freebies for all my JBnoy friends  SPAM THREAD SOON.,-1
Attach him to  after all mammals mammary glands will produce milk.  Or may be formula?,0
Sorry to hear that.,-1
Grizzly Bear Concert tonight!!!!! Can`t wait. Will my cold be over by then though?,1
Gah... why is my Macbook Pro getting so frickin` hot just sitting on the table doing nothing?,-1
picat 21,0
tired as ****. it`s pissing down with rain. i miss summer,-1
Bummed that F! F! F! broke up,-1
i`m sorry  today`s been nothing but a **** heartbreak,-1
six more finals to go,0
LOVE your show  !,1
Being slammed with spam followers today. Is it just me? Or is that all I can attract.  Get a life people.,-1
That is the 3rd NKOTB contest that Canadians can`t enter   The overseas fans have theirs now!  It`s bound to be our turn!,0
shares http://tinyurl.com/czhzb3 another id draft  http://plurk.com/p/rpzmx,0
We`ll write a song that turns out the lights <3,0
Don`t worry you will have Ava to distract you on the flight,1
I did.`t Get tht.,0
Wish I was at sri panwa now,1
**** i got a **** of hw to do 2nite,-1
Last week of class... Well technically classes are over just have two exams  and summmmmerrrrr begins...yeahhhhhyaaaaaa,1
all dressed up and no where to go...,-1
Off to the bank,0
Playing Monopoly Jr. with the lil one.. Cheating isn`t as much fun when the other person has absolutely no idea,0
copy & paste **** **** tosser piss flap a 10000000000 times !!!!,-1
Eating a bagel  yummy,1
installed the new modem which is meant to run 5 times faster than the old one and its slower  what the hell? gah slow internet kills me,-1
feel crappy today,-1
LOVED Britain`s got talent last night!  Shaun and Greg were both amazing!  Were they HOT too..can`t say I noticed?!!,1
Last night was awesome! Thanks for all the hard work you put into it! Off to get some coffee now...,1
having a great time in kc  http://twitpic.com/4w3fi,1
with 14mph winds!!,0
still got one more year with t-mo tho  I might just get a new bb curve. Not too concerned abt apps. Batt life is important,0
is getting ready for another makeup baseball game.  Played the same team last night & got run ruled.,0
revising as uni exams are looming,-1
I wish you guys had gotten it on video,1
So I just failed my second year of med school. I don`t know what to do or say.,-1
no wine here - I don;t drink  - but I have have plenty of forbidden cholocate,0
tee we beefin....what was u supposed to do before leavin????,0
Where are u  miss you I hope you are doing well *sending big hugs*,1
http://twitpic.com/67ot5 - the most amazing decoration of a store i`ve ever seen... & it`s almost been 2 years,1
_Cordon LOL that split second of peace is truly amazing,1
Nope I am in Coquitlam,0
Learned a lesson the hard way. Lost my USB stick and backup was a month old,-1
i KNOW! AHH!  so fun!,1
isnt very happy about the fact that her back is hurting today,-1
ughhhhhhhhhhhh  :/,-1
Iiight thanks.,1
so the beneath show got cancelled BUMMER! i guess i wont see you til cornerstone  who are you goign with?,-1
**** it! Must be Morrisons then,-1
I`m always hungry all the time but now I don`t even feel like eating. This is not normal...and my throat`s sore. I`m sick,-1
Lil cuz coming round today she 5  aww  haha,1
is anyone out there??  so bored at work...,-1
dude I have 2 more hours  and I`m all done with my work,1
because it is too hot i am sleeping with the window open. just means all the noise will make me up early,-1
Bank holiday  Off to the station now. Catch you all later.,0
_bach daps were the best lol,1
lol yeah I guess you have a point,0
gotta go twitterers (?) my stupid sister wants to go on facebook  oging to montreal 2morrow so i wont be on for a while! bye!! XoXox <33,-1
it looks like you have a lot of fun with lady gaga,1
indian or the cowboy? actually considering going to the carnival,0
what you laughing at over there  got strawberries?,0
Ushers: You guys made Mother`s Day really awesome today! Thanks for coming in early to prep the surprise gifts for all our moms!!,1
'The Complete Black Books' just arrived ... looking forward to some entertaining #tv nights!  #dvd,1
Maybe I won`t be getting a call.,0
Long night ahead.,-1
in Singapore! its so warm over here! Having a blast already,1
Well school`s finally over and idk but I`m sad  I`ll miss my teachers. Goodbye Mrs R. and Mr. Collister,-1
I wish I couldn`t wrap my head around it  Hopefully it`ll wake up some people that say/think 'racism doesn`t exist anymore',1
don`t be worried! I`m safe and sound!  <3 you!,1
When oh when are you coming back for a gig in Scotland? I had tickets to see u last year but was in hosp wit gallstones!,-1
You have arthritis in them?  Really??  Poor you  That would be painful - but you can`t be that old.  How many squats did u do,-1
i`m varnishing my nails baby-blue now...,0
Excellent!  You got a name for him yet? Don`t forget to twitpic him.,1
Uh-Oooh my throat is scratchy,-1
: I`ve got a fairly flat route available... the problem is I no longer have a fully functional bike to ride,-1
I was afraid you were going to say that.,-1
on youtube watching taylor on the today show wish i was there !,1
Heading to bed with a book. Good night,1
I`m taking a twitter break. Cell is dying,-1
the second i hit reply to that tweet i was asked to stop playing music.  i am now sad. someone sing to me. on or off key works!,-1
yeah I need a hug...cuz I am sick..,-1
woke up from bad dream.  grrrr,-1
prom tonight.. too bad im not going to be there,-1
Ahh ! I just woke up.  forgot to reset my alarm clock.,-1
hemp cloth is marvelous but unfortunately no,-1
can`t sleep throat dry as hell.. ugh ! still gon` wake up fabulous !,0
darn it. I did it again.!  keep forgetting that darn 'D' for DM`s.....,-1
is cold and wished to go back to bed,1
The horoscopes website I use has all changed around  I like it!,1
is new to twitter and has no friends here... or should i say followers?,0
I need followers!!!,0
i`m lookin for email to this man  i have his photo -Spray Painting in Wroclaw(Poland) by Kosmo http://bit.ly/EOvVN,0
walk was grand peeps lol feet are really hurting now thought  ****,-1
spring pictures today  going to schoooool,0
EOM......still at work,0
is going out for dinner... just the two of us... niceeeee,1
I`m slowly reallizing how this burn I got at work 5 hours ago really sucks,-1
mcfly anit been on here in ages  z,0
aww i feel bad cause i dunno if nicole is in the city looking for me. she`s probably worried  srry hun,-1
Recording new songs,0
So drunk!  Love u guys!,1
1st presentation for senior boards? FML,-1
aww happy mother`s day,1
you didn`t come to see the hosts at hilton mr. thomas. we spent lots of money for nothing. that`s boring,-1
charbotgreen has been suspended  'unusual activity??',-1
wow! party! my new life! it is awesome! no more girlfriends they just create tons of drama! babes at a party is the way to go!  just w ...,0
_M make sure you watch in HD,0
Sounds good. 'This patch was brought to you by ...',1
Unless that invite comes with a beta key I`m not going to be much help...,-1
The devil you say!  I`ve been waiting for the Black Widow in movies and now she won`t be awesome at all.,-1
you are so right!,1
I like it!,1
Nothing yet,0
probably not. I hate when that happens!,-1
how do you twitter?,0
i want alexis bledel back on screen every thursday night,0
What`s wrong with her?,-1
hates the sound of silence..doesnt like being shut out..,-1
I can`t eat a hot pocket anymore without thinking about Jim Gaffigan,-1
The computers and the Ethernet at school are so slow!,-1
Kazim Kazim  i didn`t know that name ))),0
Would defo have done that but Im already booked over t`other side of the country,0
so happy its friday...not so happy about this rain,1
I love Metal Gear Solid 4 and Valkyria Chronicles.,1
_booey it doesn`t make up for the pitch,-1
Gonna nap n chill then probably go to the movie later. Ugh i have a headache this sux ****. Cloudy day too,-1
I missed the bl***y bus!!!!!!!!,-1
The Palm pre doesn`t record video,0
First time I`m going home early  sucks to b single no one to call,-1
_k good question  could they?,0
It was an app that changed your wallpaper to one of several hundred at random intervals. It`s hard to find good wallpapers.,-1
eating breakfast and drinking coffe - strong coffe!,0
There is good cholesterol. There are no good tumors.,0
Indeed I did get your song however am unable to listen.,0
Went to a Muslim marriage for the first time in my life. Came back with my stomach full of tasty briyani. Really like it very much.,1
What a dreary day in LA. Where did all our sunshine go?,-1
Gorgeous day! Off to Hash around Waterley Bottom - wonderful name for a village! Quiz Mistressing at the Porto this evening,1
Nice sunny day,1
this kitteh likes going in front... or behind... or to the side...of the box.,0
****. I have lost the game more times today than any other day in history.  #lostthegame (Blame  ),-1
lost my keys at the mall... took me 45 mins to find them,-1
seriously why did mum make me eat yeah i have a weird eating habit of not eating all day but really,-1
uploading a lot of photos... priceless memories,1
Ohh poor girl  I`ll email her... I am relying on you being here in October Mr!!,-1
aw. nick got his heart broken.  poor baby. i love you!,0
hey guys it`s leann. . i dont know if you remember me but i just wanted to say that i`m very excited to see you guys go far,1
[Wrong!]  thanx  your THE awesome! http://tinyurl.com/ddqpoa,1
twitwoo! i can tweet from my phone,0
This weekend is completely different from last weekend.,0
i need some hot green tea  I cant sleep  ....,-1
I FEEL LIKE ****......,-1
feels guility . sorry `bout that  http://plurk.com/p/wyqow,-1
I doubt it! Boo! You always leave me behind on your awesome roadtrips!,-1
_precious06 sooo mad,0
I miss the seniors already,-1
arrghh stupid eczema      i have to go soon. sort it OUT! :/,-1
my power went out as well.. Except I`m in nor cal,0
how come u all don`t seem to excited to play in DC????,-1
Congrats to ALL Graduates! Such a Beautiful thing & Big DEAL! I jus wish i cudve attended My lil man Ryan kdg graduation  Feel verY SAD!,0
like almost above my sholders,0
At work... What a miserable day,-1
Youtube isn`t working...and I wanted to watch Britains Got Talent.  I`m debating about having a pity party.,-1
_Ho Naw; it was before the 15 mins bug (where tanks would stop spawning after 15 mins)  I`m glad I get to keep it,1
I just watched that episode again last night.,0
yeeeeah . . . and it was in intro too  seen Empire top 100 computer games? http://www.empireonline.com...,0
Aww thanks! I am indeed graduating on Friday. Just 4 finals stand between me and freedom...or Teach for America and law school,1
: and this year I have summer school.,0
I miss you...  come over and say bye before I leave!!,-1
it starts @ 6. But we will be there until they throw us out. Traffic will be crazy!,-1
Chillin with the roomies. Can`t wait for the zombie CLWN CR. Its gonna be 6-8 weeks,0
Im bumbed though cuz ima miss da laker game        |double sad face|,0
good to have a (boy)friend like you,1
someone broke into my car big time = having a really bad day,-1
no its the same,0
IT DIDN`T WORK,-1
Tell me about it. I spend 20 of the 45 min in the morning on computer. Doesn`t leave a lot of time 4 showering & hair-do`ing.,0
Wal mart,0
god peppermint mochas frappachinos are amazing...  and addicting,1
needs somewhere to go...its still lush out + i want to be back out in it,0
G`night Twitterverse! Thanks for keeping me entertained!!,1
It`s lying,0
I`M A CELEBRITY TOOOOO!,0
love that birdy nest! though i already got us another kind,1
Happy #juddday everybody!,1
i think june gloom has arrived,-1
_beckwith it cant be that good if your twittering instead of watching it  ****,-1
my youtube channel? Demilynnmusic haha cause I love 2 sing & stuff so yea,1
Just got an IM from another co-worker who just got laid off. Lots of people becoming unemployed,-1
would rather be with the bride doing last minute wedding stuff instead of being stuck behind a desk until 5.  Someday...,-1
i am not happy at all,-1
Snap. I`m the same with any reality show. Watch the first and I`m hooked   Very sad,-1
xbox broke  hope you enjoy playing 1 vs. 100. I was...looking forward to that.,1
good morning  good luck! Belive in you,1
Just work up,0
Happy Mother`s Day to every single mom out there. I love my mommy,1
it would be cool if they had people make videos of themselves miming the song and make one big video  so EVERYONE can be in it.,1
nooooooooooooooo! well the 4G will prob be out in June but that doesn`t help u now,-1
I feel sorry for your nails. lol... I feel fine thank you,0
time to bed now!!,0
i`m so glad,1
I need to do some more post but I don`t have time on this tour  ........... Apologies to all my supporters.,-1
Watchin Grease 2 and waiting for 9 to hurry up and come so I can talk to my girl. Ugh..... it seems so far away...,-1
jolly good last night,0
that`s a mess  I`ll look for it next week,-1
wonders why am I so clumsy lately?  http://plurk.com/p/x28ka,-1
kind of.i`m trying to make sure i have everything yet still look after the boy.hubby isn`t home yet,1
i was kinda hoping this time it was going to be differnt... its not it just sucks !!!!!!!!!,-1
why thankyou  _garner suggested Fannie Bay (but it is in Darwin),0
hey! Sorry I didn`t see ur message to me,-1
Lol @ me and  whispering so we don`t get in trouble and being almost 30! Feels great to be home feeling like kids,1
Yeah eCpm is going UP and down badly - hope things improve,0
Just when I thought albany couldn`t any worse my ao`s leave me,-1
oooooooh I KNO  EEEEEEEKKKKKKK!  ROCKS!! >,1
Oh darn. Lost another follower.,-1
_Nye why so quiet lately?,0
SAN DIEGO! MOVE DOWN HERE! although whether right now is pretty cold. im waiting for the suck so i can go surf  I LOVE YOU,0
its after 12 an man is texting me telling me that he wants to come over.i say i`m tired..lol..da punk says he`ll bring me redbull and KFC,0
too bad i dont have either,-1
**** you ipod for freezing when i need you most,-1
can u believe the architect who planned a tar-black promenade in this small town won an international prize?and everyone who walks & jogs,1
I have a license and a car..at least for now.,0
Not actually managed to purchase anything from the ovi store yet. Constant server error on check out,0
nope  we only have one really good cuban place... i`ll have to ask them...,1
stupid playstation! stupid controllers don`t work so I can`t play kingdom hearts.,-1
I almost say 'bless you' to a sneezing cat,1
Woke up early!! Dang man I know i`m not going back to sleep,0
caught up on emails for my research project.  yay for labels and search in #gmail.  much easier,1
Eww town fair tire smells horrible. Its making me sick,-1
thankyou  how is ur night?,1
you`re very welcome! I love reviewing free apps as much as downloading/using them!,1
I`m going to miss Miss Suhana,-1
no.1 dont really mean anything to me anymore :L it did when good old top of the pops was on every sat or friday or something,-1
Whoever u are and wherever u go always remember where u come from,0
Great first impressions about the little netbook- they only downside is there is no access hatch to upgrade the RAM,1
bye bye South Beach....u never let me down,0
HAHA I took the quiz on fb and missed the mcfly one,0
I need a haircut. I should not be able to pull my hair into a ponytail.,0
Caan`t Iht Be Earlier? ICant Wait That Long.  Ahar. (:,-1
it was good. Next time you get oohed you know where to go!,1
i just learned the hard way that FireWire 800 isn`t backwards compatible with FireWire 400,-1
Wish i was famous like some of d people im following,0
Hi to one kiwi artist from another kiwi artist,0
and we`re off  to OT !! exciting game like always,1
I love how simple my Safari toolbar is!  http://twitpic.com/4wssc/full,1
yeahh  idk if i like owen anymore though... i kinda lost respect for him in an episode i recorded...,-1
ay uuuu  happy mothers day,1
is sad she got her plans cancled,-1
'Friends are the same soul different bodies.' Plato,1
heyy,0
workin at la bootay... wheres the warm weather at???,0
hahahaha awww uduhn lun me no mor???,0
Enjoying the nice couple dad with my brother to bad we never really see each other anymore...,0
_ray Bright Eyes=Contentment,1
So lathargic... Definitely need today to rest. Sad bout havin to call out but mentally i needed to,-1
next year will be sweeet,1
im such a sucker for great cottys,0
Averaged $31 per hour at work today! Gotta love holidays,1
_127 glad you got a laugh out of it,1
may the fourth be with you  happy star wars day.,1
I want to go to Universal too!,0
I still smell of smoke  #kitchenfire,0
I`m being so whiny right now I`m annoying myself  i need to get some rest tonight after Movie Night kid-sitting,-1
Ahhhhh now If You Go Away  by  is on  YAY my other fav song of theirs,1
Yes!! Finally Friday...which tech means nothing to me since Im currently unemployed,-1
ouch i have a headache. but i am in a ridiculously good mood,0
Seeing my friends and doing coursework  I have the weekend off work so I am happy!,1
is almost over the legal limit of db at the garage.,-1
I wish they replied to us. July will be utterly amazing!,1
Download movie  'Jackass 3' http://tinyurl.com/caotku cool #movie,1
oh man that sucks hardcore! haha good luck finishing up recording,0
oh when will #gfail end? been on HTML version all day,-1
**** I`m pass 400 updates! Haha! Tweet tweet tweet!!!!!!,0
So sad that schools have to close.,-1
is currently watching supernatural whilst waiting for skins to come on,0
Don`t really feel like I got a tan  I gave up and am working out instead. Skin cancer is overrated. <3 CJ,0
I think at this rate.. Ill be in class until 4... Sigh.,-1
p.s. There is such thing as having too much sushi! Bleeeeah!,0
thanks for having me! i had a great time too,1
i can be a good girl at school.. today i was!! i did it!! yayy,1
Haha! Thanks! It`s the inane grin from grading. Some students have been really fascinating this semester,1
my mom watched my new video and she actually LOL  Love her! xoxo http://bit.ly/16w6zV,1
Ug. Full of cold and in a dark pub. Want to go outside,0
Making Banana Bread,0
On the bus goin 2 work but omg seriously im sooooo tired dont know if i`ll survive the 8 hour shift,-1
_steph boo  I miss you! It`s been ages. Once I get Internet back I`ll try to fix ALO haha it likes to act up from time to time...,0
finished the noodles. done the dishwasher. really really warm. i don`t like it,-1
#powerblog What is this powerblog challenge you keep talking about?  I`m a newbie follower,0
I just stuck my finger down my throat and there are a bunch of bumps on my tongue & throat.,-1
So ur moomie liked the Pandora? you can buy me one next lol,1
i fear the spaceship is not long for this earth. it just stranded me and edwin on the highway. there was smoke,-1
good morning!,1
So much for Skype for BlackBerry in May,0
I got dropped froma coupla ppl that were following me  **** Detroit Fans!!!,-1
Chem wasn`t better than physics. And now I`m so tired. _astri HAHAHA NTN BBF JUGA YA? Hihi gue sukanya Jun Pyo?,-1
what about me  I miss you too!,-1
i do show some discretion occasionally,-1
So screwed for sat 2 us,-1
somehow i cant reply to your message LOL and yes i know  Thank youuu,0
I apparently have crappy typing skills...lol sorry,-1
Now Im crying....  Poor thing..,-1
Jon made one of the greatest dinners ever: roast pork tenderloin on a bed of wild rice on a bed of mixed greens & yummy sauce. No wine,1
its raining!! gng for rain dance,0
I can`t wait to see yall Friday !!!! I hope I meet u guys!! That would make the night even better,1
shiiiiiiiiiiiiiiiiiiiiiiiiiiiiiit advanced databases in 8 hours and 13 minutes  fail,-1
what r u doing tonight bro?I wanna go out,0
Gosh...who`s doing this??? So bad...  Baylee is a blessed child...these people don`t know what to do... Kisses,0
http://twitpic.com/676hz - It`s raining  so chocolate world it is !,0
Ugh i have boom boom pow stuck in my head and i hate that song,-1
I burnt my arm.  (just thought you should know),-1
happy maders day,1
kids  b`day party/picnic  in canazarro park.  The other half `hurts` today,0
Aww  Yeah I feel you. I know its hard.,-1
aww I don`t want u to suffer  it`s just Midol isn`t working for me. Grrrrr I hate that stuff. But I love you tho.,0
Happy Mother`s Day to Us  FOR NOT BEIN MAMMAS YET and being lucky enough to live our lives a little 1st,1
Ahh im in love.  hes theeee best.,1
Hi!! How are you? You`re an amazning actress  Greets from Slovenia,1
i heard it is not illegal unless you are caught,-1
i can`t seem to access Restuarant City due to some internet / javascript problem...,-1
Well on a normal day I`d already be done with work...Unfortunately this is not a normal day. Which means I`ll be in the office till late.,-1
i am soo **** sick of wades mood swings... uhh i hate him.. he`s an ****!! ahhhh,-1
http://twitpic.com/67iab - Rounding bases - she was fast during relays. Not so fast during the game,0
No.  Just sitting around sculpting tiny koi.,0
_B_Judah i am too old for Vegas,0
Happy Star Wars Day // Will Week,1
_Morgan_  which 1? There r2 that I love and want to share  i just wish I`d made them-,1
Welcome back!,0
Safari 4 beta (OS X) is in a crash loop on startup. Back to non- cookie saving Firefox.,0
loved you in head over heels! One of my fave movies! you looked stunning last night,1
haha  Thanks!,1
not funny he profiled my ****. Like wtf? I`m still kinda heated. Ugh,-1
**** being broke on the day Guitar Hero Metallica comes out!  Boooooooo,-1
is about to go into her last final.  happiness!,1
Wait...  and ... Electrik Red or Richgirl?  I`m a sucker for the later,-1
Hey lovely.. hope you had a good day  Thanks for an awsome night and teaching me how to put together a tie...hahaha,1
Happy Mothers Day! Will be going out later at 6 pm to watch a well renowned group of singers!,1
Woke up early! Still sick,-1
They took my property,-1
Still awake can`t fall asleep I`m not one bit sleepy,-1
did you put a spoon in it?,0
Gonna go watch Jackson`s band play and then going to the band after party,0
New Comment On Jowki:  I wish I had the time to blog more often  http://cli.gs/ZzRe1P,1
to start **** or leave **** alone...tough decision,-1
AHHH! still not following!! Do you think she forgot??,-1
really?! Ur getting rid of it! That`s sad,-1
Ratings Army Wives  teary; Criminal Minds Yikes! Criminal Intent takes all sorts. real life news  horrifying ok me for bed nite all,-1
is Jay Leno`s last show tonight,0
Ohh Emmm Geee. Souvlaki from Dimitris...I wanna go homeeee  LOL,1
finished watching the movie `mirrors`. I liked it but it really didnt do anything for me  5 out of ten i give it   // cool http://g ...,1
I CAN`T!!! My heart aches for her children  I wanna adopt alexis,-1
(sigh) guess we`re not gonna meet up today.,-1
Chillaxing in Hyde park,1
feels great after solving a minor but long term problem with 3ds max just now!  Maybe I should try animating the avatar after all? xD,1
Thinks twitter doesn`t like me,-1
interesting to see the differing accounts. mandy is always VERY pc in all her accounts. her robbie is a monk!,0
Thank you  and hope you are having a great day,1
Has a bad headache,-1
wow i have no friends on twitter,0
Gonna get my ticket to Las Vegas today. Gotta check my milage. Can`t wait till August,0
man.. it`s starting to rain real hard..,-1
WALES HERE I AM! 1st 2 weeks away in wales. but idk if the guys at school really like me...,0
Were you going to come? The venue said that they couldn`t afford to open so cancelled it. I wish we were there now!,-1
Trying to get some work done not too happy about work situation,1
Phone will die soon. What to do now? Oh no!,-1
Traffic is horrific on 695..I jus wanna gt my dog,-1
watching JONAS,0
yeah but i was trying to send a msg to you  :S also trying to put a pic on but it aint happening   do they have to approve it or summit?,-1
i have restricted driving priviledges...  and i didn`t even do anything. stupid double standards,0
WHAT THAT`S NOT FAIR I CAN`T VOTE IT SAYS THE VOTING IS CLOSED  BUT I DID VOTE EVERYDAY WHEN I COULD VOTE LIKE 20X`S,-1
Buenos Dias mundo de Twitter  eating b-fast and watching 'sex on fire' video b4 I go to work !,0
im so stressed out.  will anything get any better *sigh*,-1
Scii-fi effects definitely look silly no doubt but its worth a watch inspite of that!!,0
but now i have no money for a phone,-1
No waterfront anymore   faccia luna and clarendon will have to do,-1
_INTHEMAKING :aw,0
BORED.  would love someone to talk to.,0
Is it sad that I`m a little sad it was the last day of school?  I am so ready to be done with it...but saying goodbye is hard.,-1
I broke up with Christian Bale when he played Batman,-1
i`m going to pig out on ice cream and potato chips,0
Just saw a trailer for Batman Arkham Asylum and you can play as the Joker. But that`s only PS3 exclusive. ****  That hurt.,-1
heey  your awsome. god bless.,1
wants this summer to actually have some sun in it,0
up and listening to The Monsters.,0
The new resigned cricinfo : http://tinyurl.com/mxlcuv I hate change,-1
how great is that!  Nice to meet you!,1
Internet is painfully slow today,-1
Seems like i`m the only person over here doing postal voting for the upcoming election ... been there already twice to get the documents,0
Congrats on the knottie man!,1
Good luck with the footage - none of the stations are breaking in live with it,1
I`m on msn now,0
_123 i cant sleep,-1
missed the cutoff for the free chocolate  eh well...bikini season is coming.....,-1
why windows vista,0
_lokelani  i have no idea!,0
_craig Tried to follow one of your #FF recommendations but 'have been blocked from following by request of the user',-1
I appreciate your kind words. I am glad that the words resonate with you,1
These days have been looking better better betterrrrrrrr.,1
plus.. janessa hurt my feelings,-1
don`t ya just love a free night to catch up on your DVR shows? ANTM here I come...ha ha!,1
my head is hurting..,-1
loves my new twitter background...my two heros...wichita and kraussey!  haha,1
its my bday!!! I`m gettin older!,0
ONE OF THE WORST DAYS OF MY LIFE.,-1
well we aren`t normal then because 1. we can`t drive in mexico (you have to be 18) and 2. there are no dairy queens here,-1
Had to cancel subscriptions today to NZZ and Economist at office  #costsavings Luckily they also have online versions,0
that was an interesting show to say the least. recap tomorrow. first i must sleep. work in am.,1
rofl rofl. Have fun,1
That`s how it was for me in March...it came sooo slow..then it was over in a heartbeat,-1
We should so go for the Cobra-Cam idea,0
Happy Mothers day  <3,1
No happy hour in CCP eithah that`s 2 bad,-1
YAEH! THANK GOD IM HOME!...it suekd and we were kicked out of a church.,-1
I really wanna see the Jonas Brothers in Novemeber but I need to find someone to come with me!  ****,0
i am waaayyyy hungry!  oh fyi my work email is down again BLAH!,-1
hurts to be you! Sunshine all weekend and you don`t get to play. That`s sad.,-1
thank you.  we had a blast,1
to spend the weekend...to not spend the weekend.....that is hte question that is on my mind...,-1
I have MAJOR CRAMPLES!!!!!!!!!!!!!!!!!!!!!!!!!!!!!!!!!!!!!!!!!!!!!!!!!!!!!!!!!!!,-1
I`m proud of You Solange.,1
Appreciation lunch at work. Good food! But sucks being here on my day off lol,0
Misses her work peeps,-1
morning ashleighhh  x,0
morning all!!! have a blessed day!!!,1
Wishing everyone a good night,1
thanks to follow,1
I created my account just to get a chance to chat with you (: I ADMIRE YOU! you`re amazing! you inspire me to write  <3,1
I SO should`ve gone right now!!! *wish I could alter time!!  *,-1
i live in manchester england but still have never been to london,0
gots a headache now,-1
Daisy just got attacked by another doggie in the park,-1
Happy mothers dat,1
We Agree!! You guy rock,1
_music aah i stopped getting your updates on my home page!!  saddd..im guna re-follow you ..it worked with tswift,-1
Test discovery just missed being in Py3.1,-1
i found a ride...YES!!! liquor here i come,1
Revision continues. Getting so bored and tired. I can`t wait to get out and do interesting things. Only a week and half left though,-1
Good luck on Monday!  Keep on rockin`,1
whats the next movie review going to be? You`re like wossy of brum. Just more controversial,0
i`m totally gonna have money to actually buy a pair of shoes this time,0
I`m learning to,0
Goooood Luck!,1
hey love whats up! my voice is shot  whats new with you,1
Just saw the new Star Trek movie. It was so good!! Zachary Quinto is amazingggg,1
very disappointed in him    gonna have to sleep it off....,-1
They follow my,0
oh kimmy really?  I give you one week from when you get home to hangout with me. I better get to see you. <3,1
http://twitpic.com/4wbn6 - my hubby and his adoarble baby brother,1
turtles and shoes make an awesome couple  if only shoes could talk back to the turtle :p lol,1
Daaaaang. Up: in 3D.. Sold out,-1
_Escobar some people seem to be getting over it pretty quick  and the guys to me didn`t seem to care,0
i cant sleep ughh n i have registration tomorrow at 11 this suxs   *Shooting Star*,-1
Woo hoo! My happiness score is 612. Apparently I am over-the-top happy. Considering the week I`ve had....,1
Sorry RB is on PS3 for me,-1
Trying to figure out this thing...it`s not going well,-1
Missing Everyone,-1
Staying home to work on a linoleum block carving for a project (due tomorrow). There will probably be pictures.,0
Sometimes all it takes to solve our problems is a fresh morning!! Hope today is beautiful for you,1
NGH episode 28 is out! check it out!,0
Brand new is playing at the epicenter in July when I`m in NY. Jesse lacey why do you hate me?,-1
Fighting a sore throat.. Few more days hard training then rest next week for Sunday race.. Oooohhh sun`s out... Nope.. Gone...,0
Good morning to you !  Its so pretty outside today,1
thanx for the msg! glad u liked my singing!,1
ok... finished all the Mikados  Should shut up now! lol,-1
poker night instead of kate voegele.... i guess it`ll do....,0
i think they are working why eyes are drooping  its so weird being under drugs i dont like it ... cant wait for tomorrow though,-1
Still jealous,-1
I hate snood. lol. sorrry  i dont know how people play it!,-1
i have been getting **** ones as i mentioned - all these girls seem to be at a loss what to do!,-1
I`ma need you to follow me real quick cause I can`t DM you,0
Yeah.,0
Unfortunately I didn`t see any of that spreading of poo,-1
where are the good music and lyrics?! it seems like humans have lost their ability to understand whats good and whats bad.,0
There`s Only One Thing I Hate About Friends And Dats When They Move Skl They Forget About Yuu,-1
_Jean awessomee! cut my hurrr i give massage? orr alkie? or foodtour? yeaaah! &i`ll pray for ur cousin,1
aw. you level up. haha but just try to manage your money.,0
Is actually feeling awake today,0
I want a fake BLT....,0
sweaty and tired from the 6 lap run.  gonna do sun run next year no matter what.,-1
Photo: hannahisdead: omg i wanna read Pride and prejudice and zombies fuckyeah zombies  http://tumblr.com/xol1qyw8v,-1
http://twitpic.com/663vr - Wanted to visit the animals but we were too late,-1
_eyes I wish I knew!  The curse of Tumblr.,1
_Thrifty eBay 10 mile rule not working for me.  Too many pairs of leather trousers being sold in Aberdeen. Will try next week.,0
i already got my tickets to your concert here in the philippines! im so excited!,1
_ They were some nice Pics you have kept  there.. you seem to carry your Cam around along with you..,1
Goodnite sexy twiggas,1
#fieldnotes I ordered some on the 8th and they still haven`t arrived. 3 weeks and still no books,-1
Might be a while before I get around to it. Not sure if I will make it flat out in HTML or through WordPress. .. Fun fun fun,1
Have you noticed that we`re at the beginning of what may be the worst recession since the 1930`s ?,-1
_Mounce yes and it lasts way past my bedtime!,0
oh yea mspacers my boy just hooked up my page  it looks kewl at least i think so and it only took him 5 minutes www.myspace.com/missmickey,0
is a lil sad bc I wont be able toeat a hot dog and Big Kahuna cookie sandwich at the Ranger game tonight!,-1
muhaha martha <33 have fun see uu next mnth,1
u should tell ppl where u`ll be in vancouver.,0
I know. But the second problem being: he doesn`t REALLY exist still applies. Shame,-1
watching finding nemo with my nephew so cute!,1
Looks like no diamond ball for me,-1
had a nice time with juno  http://plurk.com/p/sv71z,1
is getting ready to start the work week...work 2 off 3 then work 3 more. It`s not bad  Have a great one everybody!!,1
those splinters look very painful...but you were being very heroic saving mr. Pickle,-1
i thought it was just me that was like really hot. My room is too hot to sleep in,-1
Please Review Sunehre Ad Placement  http://tinyurl.com/oow6mk,1
_Honi Might be cute to do a little picture book called 'The little book of boring',1
Sunglasses whores   http://twitpic.com/4wtzj,0
i think she`ll pull through.,0
my feelings are hurt,-1
Watchin Hollyoaks...poor Justin!,-1
I still can`t believe the Matt McCoy interview got 255 views!! Twitter truly is....AWESOME!,1
didn`t know you were on twitter! Coming to the show tomorrow?? Lorraine can`t make it,0
Wishes she had a pool,1
Where can I get nice food for Mam down the Bay that a) is likely to have room for 3 tonight and b) isn`t the mingin` burger kitchen,1
Happy Mothers Day! allergies are ****. Oh and I hope Miller has a better day too,1
In the mood for shrimp scampi but I don`t have vermouth.,-1
of course it is   http://is.gd/kqSK,0
is going to run a circle...also...ab zum Spooohort.,0
I came home thinking that maybe there was something good to eat. Apparently not.,-1
ugh... hangover. sign that i`m getting old,-1
this chipotle line is out the door! but I really want it!!,0
story of my life,0
Yeah we actually went in the room they were at. I just didn`t look under the counter where they were,0
is very cold,0
ONLY 1 thing sucks about holidays: worrying about pets. Cats will be tgthr @ 'cat resort' but Jonesy won`t have much company @ dad-in-law,-1
dont you think this tour went fast? i do,0
i know  mark is still one of my favorite boys ever. So nice and adorable.,1
what a lazy sunday... I love lazy days...,1
Strike one.    (Three and I`m out.),-1
Goood Afternooon,1
I need to go to sleep before 4am tonight...  ... So exhausted.,-1
Off to see the Doc in a bit to get the knee checked out,0
My stomach hurts so bad,-1
just woke up...feelin a lil better  <3,1
Darnit.  See what happens when I avoid teh interwebs for work.,0
I can understand!,1
So I`m not seeing you this Saturday?,0
Yes... today is Star Wars Day!    May the 4th be with you!,1
should I still come? Its gonna be a while,0
haha who thought that?,0
you might have missed my latest experiment - I know blogs have too many words these days  http://tinyurl.com/ne6twc,0
thanks for your follow  just do you own thing + join in with what interests you,1
OMG that`s right HAHAHA I`m Stupid,-1
I feel like my dream just got crushed,-1
SON OF A ****!!!! ARGGGHHHHHHHHHHH SO OVER IT.,-1
my momma is comin 2night !  2morrow tennis day with p?nar yuppie !,1
yeah it is,0
http://twitpic.com/4jk42 hey Gi! look at this pic of you and frankie that i took at the southend gig!,0
I be having a drink with Marc while Izzy is sleepin  woot woot!,0
Enjoy the ride,1
Day off with nothing to do,0
is not sleeping because he has paperwork to do.,0
mayb he was raped when he was younger,0
I`m so sleep deprived but it`s to hot to sleep.,-1
Helloooo (: Star Wars day is cool  LOOL. Wen do you go to Cnaterbury then ? x,1
had the lovliest night last night but was ruined by doctors inability to warn me of side effects. back again for more tests.,0
time to go swimming in the freezing water at kalies. yeah!,1
Back to work today but I don`t even mind.,0
hi holly  i`ll volunteer to try it out first for u! hope ur having a fab weekend xoxox...,1
I`ve got jam! Oh yea.,0
but omg mummy bought me ice-cream!,1
LOL! Thanks  glad I have the time off to spend with him! Can`t imagine trying to go into work right now.,0
What a busy day ... am disappointed that today`s show is a repeat,-1
Hey #rda2009cla presentation was too large to post!  sorry   (From rules to entities: cataloguing with RDA live > http://ustre.am/2j3l),-1
so wanted to go to the Basshunter concert tonight.  so so so wanted to.,1
just woke up day off and need to go in to work that sucks. Also have to go dentist for filling at 12 then st helens for mri scan at 2,-1
I`ll give u an icecream ?,0
thank you!,1
Download movie  'Ben 10: Alien Force' http://tinyurl.com/czb7b2 cool #movie,1
HAPPY MOTHER DAY TO ALL THE MOTHER`S IN THE ENTIRE WORLD WE DESERVED A DAY JUST FOR US RIGHT...,1
yeaaa i just got the link off his lj,0
thinking of you   why we canï¿½t control our thoughts?,-1
on my way to orlando and its raining,0
whahahah thank you,1
daddy is in the hospital  i dont like it!,-1
it was apparently a request by the guests,0
I need one too.,1
so tired.   only need to be here another 30 minutes.,-1
Pouring outside.. Cleaning out my locker.. My bookbag is heavy and my back and arms are killing me,-1
FANTASTIC week in London but ATROCIOUS 8 hour journey home,1
Thanks    _Twit01,1
At the dr office for abbie`s second round of shots...,0
IDK....I`m trapped at work all day,-1
Me tooo!! Wish I could get you here,0
hi I`m goin to see you on wednesay at shepards bush,0
HAPPY MOTHERS DAY MOM!,1
Happy Mother`s Day to all Mothers out there,1
Earthlink says our modem is dead.  They want me to buy a new one or sign up for a one year contract ARGH!!!,-1
@ work.. This week some new instrumentals.. stay updated,0
i really am going to miss you,-1
really? cuz KC.com said it was releasd 24/4 here n the main station doesn`t even hav it,0
it`s the best day ever. it`s my birthday,1
I`ll go now.I`ll watch teen nick!,0
So sorry to hear about your mom! that really sucks,-1
Ok well from the pic i take it you do. Thats unlucky . Lmao,-1
SO jealous...see if you can get some Dallas concert tix out of her...it`s all sold out!!,-1
What`s up!!?,0
sexxxxxxxy  I had a silly weekend with my bff =P Fun times! Haha,1
because i stopped today :S wish me luck.....  (had to overload first),1
Finishing up my last Friday at Olive Crest,0
I **** love Alexander William Gaskarth,1
_whacker skypeeeeee,0
Haha thanks.,1
in the mailbox already for 2 hours,0
Ugh my trousers do that too and I`ve never found a way to combat it! It`s so weird,-1
OMGosh I just saw Hattie wake up! Must be summer when your garden hedgehog comes out of hibernation,0
I have uncontrolable hic-ups right now that hurt,-1
Time to turn the phone off and get a full nights sleep,0
aww such a cutie,1
wants to go to walmart. but won`t go alone,0
Happy STAR WARS Day,1
is being a horrible twitter-er. Moved in to my Houston apartment and awaiting work starting on Monday. Real world=now,-1
_**** it was indeed  made my life!,1
Lying with my new lab pup on my lap,0
heading out to the park with the kids - hope it does not rain -looking cloudy?,1
wow! I`ve joined the photography scene pretty recently so this (large format) makes it even more interesting,1
_ming  me is gg for summer sch though.. not attachment... yan can go see the blog. check my msn or ask kinny,0
day started off bad but got better,0
i agree with you!,1
I lost a follower  oh well probably one of those mute ones anyway.,-1
gasp!!! I love it!!! Thank you so much for sharing Tim!!,1
I was supposed to go boating/songwriting in Cape Cod.. but its cold and rainy,0
My goodbey pressents  http://mobypicture.com/?uqi0h2,0
About to get crazy,0
That was nice. I Just ordered my mom her gift from me and my sister.   Something different and unexpected.,1
Soooo full that im starting to feel sick,-1
thanks,1
well kris is making me a sick panda,-1
I`m thinking you deserve an award. A big shiny one.,1
my trousers are damp.,-1
Same here!  I just wanted it to keep going and not end... ever! ;),0
_zulu or get up on that Michael Jackson ish.  Not a bad look IMO,1
My chick wont shut up  Will only stop chirping if i sit with the bloody thing.,-1
is at the salon with my mom  happy mothers day mom!,1
Doing my fieldwork databook. Slept awkwardly. Bones all sore.,-1
I`m pretty sure my bum shape will still be imprinted there,1
OMG rated 10 stars,0
Of back off other peoples he can only have one stalker,0
Aww...thanks! He`s the best husband ever. He really is. I`m so lucky!  Hope you`re having a wonderful Saturday evening!,1
Stressed out fro work and having a drink,-1
got **** stranger  lol,0
If you haven`t changed your mind by mid-June then you can have one  x,0
Friday night and still working...oh wait..it`s Saturday morning already,0
still no direct message for me. what the hell am I complaining about? i`ll c ya in 27. if u don`t answer i`ll ask in 5*.,-1
hey!  sorry for the late reply.but i do plan on posting on both facebook and twitpic.,-1
It`s depressing I`m stuck inside all day,-1
has a gym day and is hoping to enjoy the last Friday of her twenties.,1
_da_**** ï¿½ cant im not @ my sister house no ï¿½-net tonite,-1
bit excited are u bradie lol,1
Wants To Dress Up,0
!!! Tell us your experience! I Loveeeee Youu!,1
why go winchester when my sister doesnt go there any more!   bad times.. x,-1
it didnt  - from research the traffic in this beautiful system of twitter is approx 100msg/second.. mine only grabs 6msg/sec,1
wow great promo for orbicule. is there an english translation somewhere? my Norwegian isn`t that good,0
is up. moooooorning!  http://plurk.com/p/su3dg,0
I wonder how effective these street preachers are....   http://twitpic.com/67qhz,1
aww we love you too,1
Going home but will be back! After I get groceries and stuff,0
@ inthebattle its really cute. One of my favorites.,1
smh @ playing dress up! lol. I can`t see the vid though... Its not working,-1
now aches & chills have joined the party. Why couldn`t the cold just go away? It had to get worse?,-1
Listening my own playing on a friends album and being disgusted by every second of it... **** I suck.  Normal reaction. Every album.,-1
HAHAHAHA...yeah you mess up that crossing and kneeling bit you will get called out...JOKING,-1
oh yeah...haven`t seem that in ages!! got to watch that soon!! thanks for reminding me!!,1
Star trek was good times.,1
So grateful for my amazing family. How blessed am I. Happy Mothers day everyone,1
Flew home from London to NI to catch up with the family and caption a show ... Everyone went to bed early and left me!!,0
Going to Houston and Nola this weekend with . Who wants to join us?,0
aww noooo that doesn`t sound too great,-1
that`s really ultra sweet,1
HAPPY MOTHER`S DAY TO ALL MOTHERS!,1
i fell asleep on the beach and didn`t put on enough sunscreen  lol,0
re: Edwards I hope so!,1
i gots a summer job,0
That is really sad,-1
It`s my birthday today  Running the mile tomorrow ughh. But then choir concert,0
try installing Twibble which is a Java based app that should work on most phones,0
my teeshirt is faaar too small for me but i like it too much to stop wearing it,1
Yay!! My computer came today. Too bad it`s being held hostage at my parents` house until I can pick it up,0
awwwww i`m such a scifi geek and StarWars is the TEN COMMANDMENTS for us geeks!!,1
Sittin at the hospital with isaac cause he hit his head,-1
I know   Guess I was hoping they`d revitalize the plot lines as well instead of reverting to old cliches!,1
I was looking forward to seeing  in Raleigh (fan for 10 years NB too) but scalpers took the tix and sell them for $200  morons,1
They burnt my zuccini,-1
man i cant go on sunday cause im helping out all day at the piano recital. this sucks,-1
is gutted she isnt going out tonight,-1
Happy Mother`s Day 2 all the fabulous moms out there. The world wouldn`t run without us. Keep up the good work! Enjoy ur day,1
having bad day,-1
_beckett Thanks so much !,1
http://twitpic.com/4w6lf - BBQ time again.,0
Thank you for sharing. I appreciate your honesty  I hadn`t tweeted for 30 some odd hours and got a little tweet happy.,1
writing report cards  soooo tired but what an amazing day. check it out on fb soon!,1
seen mi abueltia at the hospital... she`s doing good!,1
Goodmorning to you!Thank you so much for being so kind? The sun is out and I`m going to paint outside,1
_Stokoe I bet! I can imagine how much work it is making a movie. I can`t wait to see it,0
I need to look at apartments tomorrow,0
Dï¿½a sin sol... grrrrrrr.... ï¿½why? ï¿½WHYYY????????,0
Well thank you darling...it was a pleasure shopping with you...you will see the first pics!,1
oh @ work? poor boy,-1
gawd the rain is too strong,-1
ahh everyone`s out today taking in the sunny weather except me  might go and watch some tv...,0
TGIF!! Its a GORGEOUS day in Reno today. And I`m stuck inside.,0
am hungry agaaaaaaiiiin maaaam,-1
thats a bummer i haven`t got one yet :/ been waiting over a year  grrrrrrrrrrrrrrr,-1
http://twitpic.com/4gnlp - THAT IS FANTASTICAL,1
Morning peeps... If you need to get at me you know where I am... I`ll be around  ? http://blip.fm/~5jtyh,0
Guess I`ll take a nap,0
Just got home from school LOL 2 1/2 weeks left yay!!! Then off 2 summer school,0
that`s a good attitude,1
poor kid.  That sucks. Hopefully things look up for her soon. *hugs*,0
_x Who Else do you Loveee?,0
Morning everyone! Hope you have a great Sunday!!,1
oh i hate the rain... and septa... and leaving my dog,-1
no labels?  Sorry I know I`m really needy.,-1
What`s for dinner?,0
_ryall What if I thought I was a Star Trek person but I wasn`t all that crazy about the new movie?,-1
You are welcome  I love cute stuff!,1
suck it up,-1
L.A. said 'wipe the slate clean' before the jelly!,0
hehe i will never thorw out these shoes  i`m listening to varsity fanclub surprise surprise  sway sway baby is awesome,1
I see your date is showing you a good time    Still want a stripper picture,1
Sometimes the things you say hurt the ones you love most unintentionally.  And you can never ever take it back or fix it.,-1
170th update,0
Making egg tart & Chinese egg pudding. Yum,1
Photo: Great night.  http://tumblr.com/xmo1pgymj,1
is gonna go yoga-ing with a jumbo cup of coffee!!!!! Thinking about it is making her very happy!!,1
Not having Hulu in Germany sucks,-1
juz donated books/mags 4 charity. Not only do I feel good but it gave me a good workout from all that heavy lifting,1
I`m at work,0
HAPPY MOTHERS DAY MOMMY!!!!,1
Shower. Class. More class. Taking care of my lady-friend. Writing like there`s no tomorrow.,1
sending you love on mother`s day and wishing you more happiness in the days ahead!,1
u guys are soo unfair smh...,-1
Happy Star Wars Day!,1
I am excited to be home  finally a week and a weekend with people i know,1
translation = complicated sh-t that someone is going to have to teach me,-1
Happy Mother`s day; God bless you & all mother`s worldwide; mother nature...  technology emotion in motion...,1
is feeling good.. kinda tired.. miss him... can`t wait for grad this weekend!!,1
because my dad has the tv to loud. Then i get creeped out cuz im from a dodgy neighbourhood and there was someone in my bush.,0
LOL how many stalkers today?you just love getting creepy stalkers,1
_In_TX I know what you mean.,0
if i ran the mile to mcdonalds and ran the mile back would that burn off a double sausage and egg mcmuffin lol,0
been awake 19 hours,0
_44 Thanks!! It was a bit out of my comfort zone but it was fun,0
Happy Mother`s Day to all the moms out there! Just finished having lunch with my  relatives. I wuv you mommy and granny.  HAHAHA.,1
and  the Creative VADO`s are out of stock at walmart.com (missed it)  but thanks for tweeting about it,0
Is you cat clean again?  Hope so ;) ****,1
i miss you  when are you gonna be down in irvine again?? liz and i were just reminiscing about all our adventures.,-1
my boss is bullying me...,-1
Came back from Bishopstorford! Went to my Aunt`s wedding party by the way. It was fun! I got to see my cousins again after about 3 years,1
oh man i wanna be in the bay asap! Thank you   Have a great day!,1
http://twitpic.com/67f8q - This is making me sad,-1
Day 7 without shower. No end in sight. There is stuff between my toes.,0
you say the nicest things.,1
Walmart opening its first store in Amritsar tomorrow (of all places)...the horror..hoping its limited to wholesale,1
i`m worried because something bad happened today and i don`t know what`s gonna happen next.,-1
and now I am starting to feel really old.,-1
i looked all cute too!,1
i`m searching followers,0
Going to the grocery store with my Best Friend,0
Hi  how are you doing ???  *just joined twitter...*,0
i wannabe in dubai,0
oh that was good cake,1
I`m fine thx. Had 3 days off and took advantage of them -> tired.  Waiting too see pics and read your blog.,1
I have a sore tummy,-1
drive safe Linz... Give us some pit stop updates on where you are,0
I dont care who gets mad. I like speaking my mind. Im alreadt crazy so it helps me not go off da deep edge! **** u!,-1
you are on mii **** list...Permanent mii dude,-1
I`m bummed that I can`t wear my sweet Nike kicks to work.,-1
Computer is packed away. There goes my life. Right into a cardboard box.,-1
doin fine relaxin at work... Hardly working,1
i`m a little sad that school ended today i`m moving so i`m going to miss all my new friends from this year.    just got a hair cut,-1
I dont associate with fake asses!,-1
yeah... it`s gonna be a long while for me.,0
Eww its gross here & a lady keeps looking at me weird  ha ha but another smiled & asked me if i was in their company..me in the army? LOL,0
Is Bored at Home,-1
and so to London in a car that`s about 500 degrees with no air con!,0
never a relaxing weekend for the allahpundit,-1
unplugging for the rest of the day.  Have a good one everybody!!,1
Remind me to get out & take a pic of my blooming clematis before the wind storm tomorrow.,0
assumes it wasnt so taboo to start an email with 'LOL' considering that the reply it got started with 'ROFL. PWN3D.' I love the internet!,1
thanks for the reminder. Hope all have a great time,1
My friend went to New York without me and all I got was this picture of her and Will Smith  http://twitpic.com/669l2,0
Still bored but not long now till the next tour date,0
: yay! it will be good to have you back,1
Not sure it didn`t say it was 2 big. I jst saw the pics of u on ur last bday. You looked so pretty!! I miss you!!,0
is not liking the online livebox right now. Internet is dead.,-1
This is not fair... bath again....,-1
Gettin my cardio on right now. Walkin to the train station awww I so miss the gym,-1
I miss my wacom. Especially the mouse. Laptop touch pad is horrible,-1
that`s what i was last night,0
I`m so honored to hear my name on a Breezy track  hope u liked my ****! #drunk_bowling,1
Just uploading photos from the cell...nothin like true candid-ness!,-1
nope- dnt have wireless ne more  HATERS!!!! Ugh... Save me a copy so I can watch it...,-1
Celebrated Mother`s Day with the best lamb roast lunch followed by a box of Cadbury`s shared around the table. It was a wonderful day,1
it`s gloomy outside,-1
. you left me first .. and left your bed here for me to look at,0
hold on to what you`ve got,0
_1 yeah we only went for 5 days  im trying to get back in november with my mom for super soak stars weekend,0
_lou hahah hopefully!  enjoy your day,1
I sewed my shirt  and I fail at screaming v_v but I had a quesadilla!  Quesadiaas are bombbb <3 I will try and scream another day! :],1
being far too vigorous with pruning and regretting the removal of too many cucumber flowers off cucumber plant.,-1
why you will so little time in rio de janeiro? forgive babelfish!,0
aww sorry ot hear that  least its work though!,-1
I`m considering buying one of these. Hence the `Monk' look   http://bit.ly/9VbzG,0
_hunter Ah now Comedy Central have Frasier all morning till twelve. So I guess there goes my morning,0
_ i know !  my BG looks emo now .! lol,0
Needs a yummy breakfast after her shift,1
I don`t want to  !!!! I am going to cry all the way home!!!,-1
_awake GOOD MIDDAY.,1
hahah i sowwie hun  whats up thoe ?,0
I`ll have to take a picture of the moon tomorrow night  not gonna happen today :/,0
such a fun night with Bekah just talkin and stuff. Wuv her,1
talkin to sum1 special,1
just had a falling out with nick,-1
_Von_Abe  I have no idea!! but all white?? weird!! but not bad,0
I`m doing okay,1
Im so down! The AC in my house just broke,-1
Two more tweets to go for 2345 tweets,0
where u goin,0
Boo Im lonely and bored,-1
got one because of my babygirl,0
i dreamt about monsters last night.  like a little girl.,0
McDonalds in the car.  http://tinyurl.com/onoger,0
11:11 make a wish,1
Has research guilt as I spent the day feeling sorry for myself with a cold.... will need to spend significant time coding this weekend,-1
I just read your twitter bio. Love it. Very clever and cute. I`m all about smiles.,1
Somewhere in the center...,0
there it is. postieeee  http://andshehopes.blogspot.com/2009/05/kewpie.html,0
weird. I tot it will usually rain east coast first. And east coast usually gets more rain.,-1
The World is just amazing!,1
glad to hear that    Do you have a busy day today?,1
Happened to me the other day.  Was wearing a necklace that made a white spot on my chest.,0
any one watching justin timberlake on SNL? He is greattttt! So hilarious,1
looks can be deceiving,-1
- Gig was awesome! Am exahausted and so dont want to revise  Boo Hoo!,0
Thanks to my assignment im off to work today!,1
awhhh It was so nice to see you.,1
OK tweeps.. sorry. too many twitpic. I`ll delete those pics as soon as  had `em copied,-1
Wow - the dude said I was better than Bobbi Lewis.. never heard the guy - but I take that as a compliment  (just read the BL web site),1
wishes  would admit she has a new lovah,0
ikr!!!,0
http://twitpic.com/4jfkw - AFC! Oh yess,1
_fan Been busy trumping your cheese omlette with a cheese and chili omlette. An omnomlette,0
Hates bleech!! Messed up my black outfit,-1
Brad Paisley+Alison Krauss- Whiskey Lullaby...so sad  but its awesome!,0
_i_am_jes YAY! congrats! i`m afraid to check my grades!,0
Bus stuck in traffic; gonna be late,-1
Brought cat to specilist. May be ectopic uritors. Doing ultrasound. Surgury would be >$2000. may need to take him back to humane society,0
_kat why not??  ****,0
Happy Mother`s Day.. To All The MommiiEs Owt Theaa... & ii Think ii Got Thaa Hang Of ThiiS ThiiNg.. Yay!!!,1
Was eating a manderin. But it`s all gone now!,-1
shopping is therapuetic and i`m all about bettering myself... i need financing for my therapy however,1
any chance at getting to see this?  I can be there within an hour,0
Goodnight world and all who inhabit it!,1
happy mother`s day! everyone have a great day and make sure you go see ya mommas,1
I need a blackberry,-1
good evening. enjoying vacation eventhough it is boring.  pray for david cook`s brother. rip.,0
TODAy SUCKs - kisskass19: ï¿½you and katey broke up?! Yah Kate Broke up with me  Itï¿½s been awful nd Vodkas... http://tumblr.com/xkx1wgl8r,-1
I WISH YOU WERE GOING TOO!  are you still coming to nicoles preprom?  Can`t wait for preprom!!!!,1
happy birthday to,1
off to bed for the night. goods night everyone,1
hell yeah! Belgian beer is the bomb!!  :p,1
Dreading the weekly grocery shopping.,-1
is enjoying the nice weather but has been stuck indoors writing an essay for most of it,0
waaah.. I can`t open my eyes wider! i wanna go back to sleep but i can`t sleep properly..,-1
im stuck 2  this when my la love turns in2 road rage lol,-1
My camera is brokennn,0
3 years in 2 months!! hooorah! can`t wait!,1
why im not sleeping  !!,-1
_Writer aww no which one?,0
SAD day! love you Maï¿½ (8 years ago!) miss you so much!!!!,0
My flip flop just broke...walking in downtown seattle,-1
Thanks so much for following! The Muse has much gratitude and wishes you a magnificent & productive start to your day!,1
http://twitpic.com/4jf4m - Very interesting head gear. lol.,1
Europe sounds gr8! Will finish my exam on Teus and then we`ll  talk about it,1
Ugh. Another 'what day is it today?' (5 most uttered words last 2 weeks for me) - Missed a 10 yr old birthday & it was even on my iCal.,-1
Feels very ucky today... I need more DEFENSE Vitamin Water because I don`t want to be sick no mores,-1
awww  ok lol hopefully by than im still here and not back over in the states,1
RAM upgrade=done! FF still slow so disabling all add-ons  Not sure which ones will make the cut to be honest. It`s like Sophie`s Choice!,-1
Iï¿½m really desappointed...,-1
LOL! Thanks for showing me `s site. I won`t tell hubby if you won`t.,0
skyping with katie  & Allison yeah boy katies mom mooned us,0
I hope you get well soon! <3,1
Thanks! and to you as well!,1
Back to work.  Extremely slow now that start up`s over.,-1
didn`t have my camera with me  totally regretting it now!,-1
cant believe i stay out this late!.....waking up for work in T-minus 4hours,-1
Sometimes I wish Twitter had Facebook`s 'like' just so I could give you a thumbs up. Great job either way  - I suck too btw,1
Great new directory on Babysitterdirectory coming soon!  And its a directory with a twist.  All will be revealed next week!,1
homeee! my feet are sore,-1
I`m sooo lost without my car  This is truly depressing. Pregnant people should NEVER be this stressed out!,-1
_in I loved that movie! And I miss Raul Julia.,0
Oh I had lots put on my desk during those years  I guess if they`ve done it to you then it would be ok to do it back lol,1
headache boo,-1
just made DIY acid wash shorts! can`t wait to see what they look like,0
Packing up and leaving inlaws house heading home sweet home... Had a nice weekend and back to work in a few hours,1
i think i`ll be home more than i want to be next week - no work booked in for the forseeable.,1
help! anyone know if there are stores that carry blackberry trackballs? just went to verizon retailer; no luck. do not want to order one,-1
gonna have a lazy day today,-1
you should.,0
Less rain more sunshine,0
_lopez I love you  kiss me!,1
I love it. Tell me it didn`t match my shirt perfectly. Can you just not move PLEASE? What am I supposed to do without you?,1
Soooooooooo glad to learn that Farrells ice cream parlor is staging a comeback in So. Cal -- too bad it`s in the Mission Viejo mall,0
Happy Mommy Day,1
The cats are gone. All 3 of them.,-1
Me too.  Wonder if Mnet will show it...,0
hahha I don`t do drugs though,0
Hang in there. I can be there in about three more hours.,0
Anyone want to stop by Carl`s Jr and bring me a chicken club?  Can barely walk...,-1
Jus got done swimming! Soon ima need to stay outta the sun,0
I`m sooo hyper! And I don`t even know why! Hahahahaha!,0
nope not really only a sweatshirt.  oh and these really really awesome doughnuts haha,1
I feel almost empty inside today.  Not a good feeling.,-1
haha wow there`s a song called `hit me on twitter` lmao. okay g`night,1
good morning to everyone,1
I have started to fear weekends since joining German classes,-1
At the movies. . . About to watch Star Trek!,0
I feel like... I`m not gonna make it this year,-1
I don`t think I`m going camping,-1
Recording an acoustic track! For you sexy kids!,0
so sad u cancelled silverstone show  better see u in sandown park!,-1
are you guys dead again?  I can`t load it up,-1
Loving the warm weather... but can we get some rain please?! my water bill is going to be bad,0
?,0
_angel I cant i dont have mms  but i will waer it nexxt time i see you,0
This is the worst thing ever!,-1
bored. tired got headache,-1
i see you there,0
i promised myself i would spread the cards around India...and I only gave someone a deck & then never gave them out,1
going to EK nao... will meet bloggers there instead of Makati  http://plurk.com/p/stnt0,0
is wondering what I did to get on the 'do not respond' list,0
Cause its true!!! It would!!! Hahaha... I Love YOU,1
my cheeeks hurt so bad. what happened!?,-1
let`s make this last forever.,1
I dont see it? where do u see it listed at cause I dont,0
i think that studying has really started taking its toll..,-1
just got the dreaded call from babysitter - little H has bumped her head  Sitter says she`s fine and goose egg is going down fast,-1
I wish you where going to be in the Saga,0
...yup..still havent packed,0
argh! why why why,-1
Just drove by fisher and I feel so sad,-1
Guys (    ) I know! My ability to read time telling devices failed!,-1
heheheheh... lol... I always figured he`d send them your way if he got any dupes... I felt bad not sending him stuff...,-1
wow I love it !!! thanks,1
I think I`m running a fever and not feeling so well!,-1
Feeling special @ looking4him first guy to give me flowers.,1
not impressed....! it might go away if you complain too much!  x,-1
Congratulations  xo,1
happy mommy day Teens-thanks FFF,1
selena`s mom congratulations` have a nice day,1
I wish I was able to talk to you.,1
Really?? I feel special,1
Volunteering at Down Syndrome Indiana on Wednesday,0
I KnO they`re my guilty pleasure like shopping,-1
Just got back from the doctor... I don`t need surgery yayyy!!!!!! But my knees are still ****  not gonna get better,0
I`ve given the $19.99 question more thought. U may be right. One host provides HD quality to all viewers? Maybe not.,1
_Coppinger nope  day off sleep time ha,0
24 hours and $400 later and I hav a new telecom phone that dosent work.  Stupid telecom,-1
_Obsession lol but its only gonna be 80  the water will prob be cold as heck...,-1
GOOD LUCK ON FINALS EVERYONE!!!!!!!!!!!!!!!!!,1
is about to go duster shoppping in greenhills with my Mom for Balikbayans,0
On the way to have Griffin`s staples removed from his head!  Should be fun,1
Off to the gym by myself!  no fun!,-1
New picture  bored.,-1
Dood - they`ve locked down your Vimeo WH video.,0
Retweeting : Win an AT&T Pantech Matrix Pro http://tinyurl.com/d56mqf - it`s easy to enter! so go do it!,0
lol i wos gona send mine in bt i was too late  ****,-1
Hello there hope your over your flu now,1
I think I`d be like Phoebe`s mom on friends - Stop the movie before the sad part.,-1
It depends if you are having fun or not...,0
_zwitschert There`s supposed to be a <3 at the end of my last tweet but I guess twitter ate it,0
unfortunatley it is the tooth kind of crown,-1
REALLY?  COOL!,1
ughhh have a tummy ache,-1
romance zero is funny,1
AC getting installed today,0
I miss standing next to you...,-1
yes i am and i was ready to go when i got here. ugh  and its sooo pretty outside..,1
u wack put a swimsuit on and regular pants at least,0
I lluuvv u too..  ahhh im gonna miss u evenn moreee! lol,0
Thank you so much for the Retweet  x,1
Hate washing my hair! Because then it has to be dried & straightened.  And then i find the grey hairs in the middle layers of my hair,-1
I Love the lady from the Progressive commercials she`s so funny,1
i guess i`ll do both since i cant really decide which one to choose,0
bout to go to work,0
hopefully today will work in our favor,1
tour got canceled,0
Now only with Windows 7,0
should be coming out of hospital today,0
aww that is sad,-1
sweet! make sure to put some in your bag for me,1
at homee. bored plzz! someone txt me about doing something this weekend.,-1
back in Durango. Chaperoning a party. interesting. catching up on my internet surfing and drinking a woodchuck. ha.,1
check out the flyer i designed for the notary and retrograde: http://rachellovespeace.blogspot.com let me know what you think,0
good and you cup cake,1
back home,0
thank you. We had a blast,1
Is wondering what happened to the sun? **** May grey!,-1
call me einstein. got math test results: A-  hell yesss,1
So bored... need more people for rsmv !!  jagex doesn`t let u say RSMV unless its the first word u say in the sentence.. sad,-1
_ I got 71! That`s more than I`m following... I feel special now,1
_assassin  We are soooo sorry   We love kitties and know how much they become a part of you.,0
Mo williamssssss,0
i like the optimism,1
Some goodies bagged at the car boot including some very cute cross stitch birds for my craft room! The man selling was a sweetie,1
just got home. Yay!  Hi guys! http://plurk.com/p/svdpu,0
wide awake ready for the big shopping trip! hope I get tones of sweet dealz and lots of fancy clothes,1
i just realized today was my last day to see my best friend tanner im goin to miss him so much,0
_gurl woot,1
Feeling pretty good this morning! Lets hope it lasts through the day,1
Awww you`ll have to post a pic  I bet it`ll look dead nice (y),1
I dont feel well  i got a dentist appointment later.,-1
http://twitpic.com/4ve84 - Wow! A nice laptop,1
This day will pass slowly.  All of these days will.  RAWR!!!!  ...,-1
gnite  Fukn Nite * wanted sum {pinga} but couldn`t get any,0
half my class just called me retarded it hurt for real,-1
The portuguese national library could use it also. Right now they seem to be in a ca. 1995 web. Example http://u.nu/7y68,0
homework on a friday night...lame,-1
sitting at the chevy dealership in utah waiting for the van to be fixed,0
Java Concurrency in Practice is probably the best Java book I`ve ever bought. There`s a recipe in there for interrupting blocking IO ops,1
That`s exactly how I feel.  I hope you start feeling better soon.,1
_ I`m still waiting for them to recontinue their 'breathless' scent..  lol,0
Why do none of my thoughts make sense when I`m sober?,-1
its sprinkling outside  i hope it doesn`t rain during our game ..,1
is in the middle of the Irish sea... with absent elk brothers.  Newcastle here we come.  we love Newcastle,1
- don`t feel bad. I got a foad for a promotion here too.,-1
chillin after a LOOOONNNGGG day of basketball  hella tired sleepy time zzzz,-1
Did you guys figure out Saturday? I really wanted to go but my mom is sick so I have to take her to the hospital in Tampa,-1
Need to buy a bluetooth device for machine,0
awww wish I was there! Have a brew for me B!,1
LOL that is so Charlie......I miss Charlie,0
Heading to a wedding,0
I also concede to my first Twitter grammar fail.,-1
i used to be!! i`ve done a few different jobs in yj. currently i`m a court officer,0
I am off to bed now....my family has a wonderful day planned for me today      Happy Mother`s Day,1
Oh how today sucks....,-1
Wedding..,0
All my loved ones are leaving on Sunday..... sad,-1
although I know he would never be okay with a homebirth. Moot point since we`re done w/ babies,-1
I really don`t want to send it over this site....it`s kinds private...,0
thankyooooou,1
_om 'If I should paint my fingernails green- oh and it just so happens I do paint them green...'  Marvelous,1
my guys call me ``BartÂ ofÂ theÂ criticalÂ questions``. I`m guessing that`s a good thing.  #zeropoint.IT,1
The 'shhh..' stuff is finally all done!,0
Right here! Army Wife in Germany! I can`t STAND that I cannot be there this summer!,-1
YES!!! one final party  better make it a good one !! how much mpre stuff you got to go?,1
curious if they fixed the window handle in our room in the meantime  #edc,0
i wanna watch tormented. it`s showing on May 22,0
is very very tired  just want to sleep.  Stupid work getting in the way!!!,-1
Phew long day and i havent gotten to work yet,-1
what am i gonna do when my iphone is full!,0
- whoa. 'sack chasing whores' ? that is soo out of character for you to say that...  bring back my sweet Superman,0
Its a lovely day sky is clear birds are singing and i`m stuck in an office with on windows for 9 hours,0
Official whine-tweet for today. Nothing specified,0
Saturday will be the worst Saturday I`ve had in ages,-1
Totally!!! Rock onnnn!,1
decided 2 trans frm relaxed 2 natural hair but i wish my whole head looked like my roots.  Age of the instant gratification....,1
_Girl well something thaz quick please,1
go for the 1 that you want to go to most? my bro had to switch when he did his 1st time  it`s www.direct.gov.uk/studentfinance :],0
Un mesaj de eroare: ForbiddenYou don`t have permission to access /photo/3180758.jpg on this server. Am ghicit?,0
Sleeeeeeeepy.... I`m off... Goodnight twitterverse!,0
Re-direct that energy into creating men`s jewelry.    And frequent walks too.,0
WANTS TO GO TO SLEEP WITH THE SOUND OF THE RAIN,0
i don`t know what to do... time is going by so fast.,-1
Sorry everybody! Apparently Twitter isn`t sending me my updates.,-1
Did you see my message mandingo jr.!!..lol. I hope its music i`ll like.,1
cleaning and packing,0
DIDO 'US 2 Little Gods' http://ow.ly/9UIn 'Just this moment/ Let it all stop here/ I`ve had my fill'...words that make you panic...,-1
_Hall Is that why you aint answer my call? Thought we were homies!?,-1
Goodmorning world!,1
my stupid tooooth hurts,-1
you cooould say that,0
It`s gonna be a super long day,0
Disneyland was a blast yesterday now back to work,1
needs shows before wednesay!!! oh well... come one come all... Irvine Improv live @ Gotham Showcase 8pm  lots of good comics...then me.,1
The dj`s and partypeople were great again at CC. Kicking  Next one June 7,1
he killed everyone for nothing. :o  :-ss,-1
had a great time at six flags yesterday.. its summer   my friend spent the night last night and just left so now i`m bored..,0
finishing up at the studio  NEW SONGS UP ON MYSPACE tomorrow MAY 5th,0
The test today was killer. I didn`t even manage to finish on time.,1
I forgot about it and I already ate lunch  so I guess I`m not going.,0
- I think  did an amazing presentation about the whole 'keeping review items' and tax thing at BlogHer `08  She`s awesome!,1
Britain`s got (good) Weather. I wish I had some of that over here.,1
Ooooh! I thought eggos were some kind of synthetic egg or egg sustitute or something. You crazy Americans,1
which is why i can`t wait till i move out of home and life by myself next year  WACKY ADVENTURES EVERY DAY!!!!!,0
hey guys = ) i went to Jenny`s house today!! i had so much fun    so how about everyone else? what did u guys doo?,1
So you wouldn`t reply to my gorgeous hot pink shoe then?,1
Happy Friday! I just realized I left my cell phone at home today though,1
Its been a fun afternoon for me trying though....BBQ`s out now though...feeling a bit sick,0
lol what did Perez say now?? please don`t make me actually go look,0
Rude.,-1
Fun webcamming with caroooo,1
today was the last day of high school for me and i ended up going home sick! ... stupid dead rats,-1
are you are a RIOT!!,-1
im seeing this guy 2moro arvo after skl cus he asked me to,0
home from the beach and only my feet are burned. i am proud of myself and the sunscreen.,1
Good morning! It`s going to be a kick-butt day!,1
what am l doing?? .....nothing much atm,0
You`re welcome Tila!! I love you!! Wish I could have heard it,1
It`s car crash tv at it`s worst.,-1
bye for now people .,0
Ugh... I definitely speak too soon...,0
#bgt Will Holly take being paraded on stage again for potential rejection?,0
Well... I hate to leave.... but I must sleep! G`night y`all and hope to chat later!  Enjoy my li`l night owls!,1
thanx mang!  shes due in june 12th and yezzzir the first baby! -drummer boi,1
you really have to come to ireland some time! we love you over here <3,1
Feelin a little blue tonight.. Love might be good,0
Going to see star trek,0
Such a beautiful morning,1
missed the #jonaswebcast,0
Because you`re not exactly in those parts of Northern Emirates  It was 5.3 Richter I think.,0
yes! sober HAHAHA tanghaling tapat dude! haha WILD. i don`t knowwww  plan plan  before you go to US!,1
It`s a sad day for beer drinking movie goers. The Speakeasy theaters are no more,-1
When you see someone without a smile pass them yours,0
My dad`s telling me to travel alone from now on. Not that I have a problem with that. I`ve done it before and it`s boring!,-1
_wx Did you see the color of the sky and how it looks in Philly??  It is yellowish/orangeish/brownish looks scary!!  lol,-1
Hahahahaha i rember when i riped that william picture out of one of claires mags. I beated zoe to it,0
about to book train tickets for friday!,0
#Ajax #php! Just thinking about a concept of autorefresh! _chander made a mistake here,-1
Thank you  x,1
NOW IM SAD BUT IM NOT GIVING IN FIRST..I DIDNT DO NOTHING!!!!    :**-(,-1
http://twitpic.com/66y00 - Niceee  Hey i never get stickersss,0
places to find you if you`re not home- marilyn and seria beach,0
i wish i could call but i live in the uk and i don`t have the cash to call,-1
About to get my wisdom teeth pulled!,0
I was going to but I`m siiiick  I`m so mad!!!! Jason said I have to recover fully before I go paintballin again! Are u playing?,-1
My Blackberry`s got a fatty (battery)  guess we`re kinda in the same boat huh  ?,0
_richards sorry to be the bearer of bad news.,-1
i bet so,0
Now standing because my tailbone is killing me,-1
I`m so bunged up!! I Hate colds!!,1
look how   choke on this **** talks to me,0
I haven`t seen Muffin in two whole days!,-1
I would totally take you to prom...if i hadnt already gone  sorry lol,-1
Sims 3 wouldn`t work on my old macbook  hope to get Sims 2 by tomorrow.,0
Fire call today missed it,-1
will the presentations be available online during the meeting?  The poster discussants are going so fast I can`t write fast enough,-1
soo tired.. still kinda angry that i missed the concert,-1
ticked off cause i can`t go see 'drag me to hell' with melissa and amber. staying home on a friday night is NOT my thing.,0
- Overwhelming lead for Strawberry Lemonade!!  My husband voted for Banana Fosters tho.,1
u already took da pic with out me,0
wished didnt spend money last night,-1
haha aww hun i bet you are more creative than me,1
With Russ and Joe!,0
Watching TV with the best people in the whole world !!!!! My Mum and My Sis Agus (: Love you all ! Twitter you later ha,1
Wedding anniversary meal yest. - first 5* proper meal out with wife since Rohan born. She did well and only checked her phone 80 times,-1
1 week and 1 one day to go.,0
Said The Whale & Mother Mother? OK!,0
It looks like the office TV DOES get MLB Network... and it looks like MLBN will NOT be televising the DET/BAL game today  #wieters,0
haha better drunken tweeting you mean?,1
whatz that supposed to mean  i have a dog now  waaaaaaaaaah lol jk,0
Sitting in on a Friday Night Bored,-1
Yeah,0
_apple miss you too kid i sent msg to you on yt,-1
Indo Girl in Thai Traditional Clothes being object for tourist at Wat Arun,0
I need to watch Star Trek,0
ohhh baby!!! PDGG! ahh! im missing it! ahhh  hehaheahaaaa,-1
without ur tweets i feel lost hit me with something,-1
Moveout should be fun. Thank you VT students for working to make VT the best that it can possibly be,1
I know right  but hopefully something comes up though,1
lol to see my king,0
Edward Cullen. <3  Hahaha.,0
OooooOOOOO   but you just said you were dancin at home.  so doesn`t that count?,0
I`m bad with understanding there things! You should know this!,-1
I think i am getting a cold,0
oh no somebody hacked into my email  i`m scared now. what the ****!!,-1
i going to go to bed & i failed miserably at booking a holiday  although i do seem to have a new follower. HIGH FIVE. X,-1
Tonight was fun. Love my girl Tanna!,1
i had a really good day today,1
two months from today till I`m Mrs. Josiah!! ahhhH!,0
Breaking the daily build broke my daily plan as well,-1
May the 4th Be with you all!,0
i dedicated that song to my VW when i sold it,0
I can`t believe you went and got boba without me.,0
frustrated. I just found out our sitter isn`t avail. tonight. now what? no TKD test 4 me I guess  good thing I`m married to the instructor,0
alredy had my chocolate  it is impossible to resist ;),1
it`s good to see all my family  was a good day today,1
that is true. It`s up to their discretion. Being nice to them also helps.  So far I have not been turned down ;-),1
happy mother`s dayy!!! to me andd the rest of the fabulous mommy`s out there,1
on no bsg might just have made me cry,-1
oh about you lol sorry my minds always on you,0
at thee mall,0
sometimes ... you just have to write it off ... and start from the top of your tweet stream.  The past has happened,0
I can`t direct message you for my free lunch,-1
_HotSawce owwwwww! gooood morning,1
Happy Mothers Day Mommy!!! I love you && your the best...,1
and we`re back in buisiness,0
Back home.  Preheatin` oven before popping in a pizza,0
made a little cover for my iphone.  the birds aren`t upside down on the back  http://twitpic.com/67tp9 & http... http://bit.ly/FjeAm,0
Not happy got a big choice to make,-1
http://twitpic.com/665n7 - I dont like it,-1
U-Verse is up and blazing at 25Mbps.  I don`t have anything to download though,0
now i`m awake i can`t get back to sleep,-1
I am so bored,-1
sleeping... would`ve been home sooner but we accidentally killed bambi on the way home,-1
Sending angry vibes to the individual in a blue vehicle who hit my car in the QFC parking lot on Broad and failed to leave a note,-1
watching a movie and rocking my baby kitty who is asleep in my sling hanging from my neck. So cute,1
You are very lucky!!! My legs did not like how long it takes to dry my hair this morning.,0
Can feel a headache growing.,-1
_ good to be back! It`s really late though and I just got back from scaring some people and I`m pleased but really tired,0
Spending QT with the hubby,1
aww  but typing from beyond the grave...impressive,1
cause my eyelids are not deep set.  thanks it would help me a lot.,1
I love being able to run my tongue along my teeth,1
Haha. It`s pretty good  they`re making something with chicken  yum!,1
_beanz **** sorry to hear that tina...,-1
Thank you for the advice   I`ll work on that when Im not at work.,1
I Got it!,0
Blue Oyster Cult - I Love The Night *that`s when all my friends are around*  ? http://blip.fm/~5jd4b,1
gooooood morning,1
I did not twitt yesterday cause it was a very busy day but I`ll be back tomorrow  BTW I can not sleep  I`m like in zombie mode @_@,-1
Ugh have to report again monday,-1
i looking at failure,0
() Oh snap!  Just broke my windshield while replacing my wiper blades.,-1
Cleaned out me Followers List and blocked the **** girls & **** Now I look like a spammer,-1
nomatter how much i sleep am still tired,-1
hangover today,0
wishing warped tour came to london canada.....,0
me and Arlando are totally done. I havn`e talked to him in a LONG time!Now I just have to find a `worth while` man...,0
I`m a bit Ben`s Thai-ed out,0
Lol... She is fine the way she is  How has your weekend been?,1
putting up a half naked dougie poster  i love sugar`s ladmag,1
really? I hate the mobile twitter..its hard to tweet with a sidekick,-1
I miss laughing till my stomache hurts,-1
thanks + agree  http://bit.ly/7vIKc,1
loadsa shizze has happend  IM SO UPSET..,-1
I plead temporary insanity for agreeing to a metric century cycling event tomorrow.,-1
Bumping dj opus in the drunk in the car.  lmao. Don`t act like u don`t know.,-1
#f1 soon  good luck brawn and mclaren fix up look sharp :p,1
My preorder of the Razer Sphex shipped today. I`ll be paying to review it because Razer is ignoring my emails,-1
I think Ive buggered up my mobile  ack. I am a stubborn **** and refuse to get a new one.,-1
GOING TO WATCH SUPERNATURAL shall return afterwards  ****,0
there`s just no air,0
One`s gone to my husband who`s going alone  Other I might just leave at box office under a random name for anyone...,0
I also believe in some things are meant to happen.,0
Just signed up on Twitter! yay!,1
i miss your dance friends too.,-1
Sadly no robot songs in my library.,-1
i dont get it,0
sourish limbs is preventing me from gg out on a friday. not happy. i haven`t been on at 12am for a v long time...even more so on a fri,-1
just made my day: http://tinyurl.com/cumqmv,1
oh yeah the grill is out...its bbq tonight at the house,0
I love my Boogah! Can anyone contain Lebron James?  Talk about so sick,0
Maaan if I was in pain I`d come. I wanna come  eat some 4 me lol *rolls eyes*,-1
Sitting with sabbeth in first period.  buhahaha we are so cool -sabbeth lmao,1
Rescued two adorable pit mix pups today.  LC and Brody.  Looking to adopt?  E-mail me for more info and pics!,1
I should`ve known something would go wrong. The van is having problems. Oh please tell me it will not cost us an arm and a leg,-1
i can`t wait. 2 more days till happiness.,1
But he has an out of date script. That`s really bad. So midway thru his pitch we catch it. He gets all butthurt and storms out. His loss.,-1
Good morning. Just bought flowers for mothers day and now it`s breakfast time,0
Thank you! I hope you have a great rest of your day! Have you had your afternoon coffee yet?,1
haha they might! good luck if you`re taking it as well  i`m hoping I get a 1 for putting my name down,1
i wishhh!,1
Sorting out Twitter issues....very frustrated that you can`t talk to someone and they respond slowly to issues - capacity the challenges,-1
the whole day.,0
Missin my boo,-1
Why am I still upppp????? LOL.  Work in less than 5 hours.,0
. Okay kool... I might be touring all summer long but we can make it happen!,0
Got people don`t let me skip sci pratical becos skola is impt and cannot waste my parents money.  Nt fair.,-1
or elope  I can`t wait to see the pictures of you in the dress. It will be breath taking,1
EVERYONE KEEP CHECKING DEMISTYLESOURCE.COM....NEW UPDATE COMING SOON!,0
been in bed for two days with migraines,-1
Joan is such a legend! I can`t wait for apprentice finale!!! im so addicted i think i need a rehab!! LOL tweet later..  xoxo,1
Apparently it`s 21 degrees in Kilkenny now! And some comedy would be a great remedy to my boredom! Why the hell did I leave Kilkenny!?,-1
just realized i gained 40 pounds in the last year  http://bit.ly/wCr3a,1
my legs are soft  watching a move with my mommm short day @ workk,1
Oh ****. That really sucks,-1
I was really disappointed with the whole 'promiscuous girl' thing. congrats on her success but i think wasted talent,0
XDXDXD you crazy little thing why didnï¿½t you get off the train and hug me????,0
Why no sn... o. yeah... Sad day.....,-1
I`m sorry about your car. I feel for you...,-1
Never better! I had to follow some local Tweeples! It`s only right!,0
I gave a homeless lady named Ruby an Ice Cream sandwich and a cigarette.  That is my g00d deed for the day. :p,1
Wishing everyone a Happy Mother`s Day.  xoxo,1
And the sun is back up again.  Could we have more of the kind of weather we had last January and February? I like jackets.,1
Thats nice. My cousin just left my house. He has daughter`s their all daddy`s girls. So sweet,1
How sad is it that your best friend is so selfish and heartless that they exclude you from their life completely...I`m so sad,-1
i cant afford it  go to school here ? !!,-1
hey Lonnie! I`ll be there next weekend  I can`t wait.,1
happy mothers day to all you mums out there,-1
Got an email from  telling me I could have got my monday flight to SFO cheaper & Biz class if I had booked it tomorrow,-1
will deplurk! GAH!! need to concentrate on Jap! Visit my http://jynxedpanda.com (site) if you have time  heh... http://plurk.com/p/rr2ly,-1
I think I have H1N1...     Or maybe just a cold.,0
i look like a horse in my sam`s club card picture because i couldn`t find my hair brush. hahaha possibly getting noah tomorrow,0
hates putting in new contacts,-1
Seesmic Desktop seems pretty good. Nice find,1
so busy already,0
http://twitpic.com/416b7 - hey! nice pic,1
i just had the weirdest dream ever and can`t see because owi credo is too brighi. But i hate guys,-1
Today feels like friday. Too bad its not,-1
I am usually more creative on Mother`s Day but lately I have not been feeling creative. O.K.. Good Night.  uh Morning...,0
no,0
http://twitpic.com/4w52z - Patrick should come here and say hi!,-1
I totally did go! and he was AMAZING. He`s is the reason I bought the tix. He only did 3 songs. But Blood Bank was 1.,1
**** EM,-1
Ayy.  Okayyy. It was nice seeing you kanina ! :> I like your hair. :>,1
Your DM never sent,0
my eyes hurts..,-1
Smackdown is a lot more boring without Maria.,-1
holy smokes! star trek was freaking awesomeeeee,1
This is not a happy tweet,-1
... but i could barely speak! He was probably thinking `who is the weirdo?` LOOOOL. Say sorry to him for me please?  x <3,-1
Ok this is a lot more boring then I thought  and matt has me on lockdown bc of moolah...,-1
ooh i feel so sleepy... its 10:24 a.m. and i dont wanna go to school 2day  but i have to...,-1
i won because im awesome,1
20 John: :   http://tinyurl.com/cq5nkp,0
Happy Mothers Day!  Love your Mom...,1
I hope amy is okai,1
Love my mommy happy mothers day,1
Tweet Later! Byee,0
Woke up at 8:30am....now 10:30am and no clue what to do....?,0
Nice PC Authority review of the Tivo VOD service here: http://bit.ly/Ps7y2  I`m still loving my Tivo,1
i am so bored.,-1
Eating pancakes  What is better than a day off with Stevie-J?,1
Thanks   Our little girl just loves animals so all the `oohs` and `aahs` were very cute!,1
amazing tonight glad I could share it with you baby. You are my sunshine,1
Oh no! Dead muffins ... how sad,-1
Sadly I am bprohibiting myself from tweeting tonight. Sorry,-1
Who builds a hotel without air-con? Bloody boiling in here...,-1
- absolutely loves it....  u r too many things!,1
Great !!! Your book looks fantastic ? I want it,1
ah wait! we can only go if you can get us to and from cos my mom`s tires are nonlong distance till she can buy some new ones.,0
Grr...Fatboy Slim is out of the EDC Lineup.,-1
Awaiting to watch lfctv @ 10am  liverpool vs newcastle game from yesterday!,1
http://twitpic.com/4j8us - It is interesting that VS2003 generates a setup script for uninstall.,1
finally seventeen,0
i hate interviews. im going to do horrible today,-1
hate living down here in fl. missing GA like crazy...like they say you dont know what you got till its gone  GA on my mind,-1
i`m staying up to watch it,0
This may sound stupid... but i just bought a mask,-1
Dans public transport again and have decided it`s just everything north of London that`s utter **** these southern trains are alright,-1
to mast ladki patata hai chal jiske sath bhi jaye khush rehna...will miss u my love...  #twpp,-1
ii DON`T HAVE ANY EiTHER,-1
did you have fun last night? we didn`t see you.,0
awwww  nsty when ppl make fun of someone &  laugh their asses off; when the see ur not laughing that shoud be a HINT! Wrong,-1
Rey Mysterio is so awesome,1
Miss you my dear,-1
ahahaha! That`s funny.,1
does the Creepy Lolipop guy play head esploder 5  ??,0
off to glue stuff onto poster,0
and Miss Fizzy Duck loves Hive Mind too,1
Finished Death Du Jour. School`s out.  Nerd.,0
you obviously havent seen my mrs first thing in a morning,0
My Chemical Romance Official Sodahead Profile  http://www.sodahead.com/mychemicalromance/,0
Writing this paper is a lot harder then i thought . LOL,-1
_s make me tea pleaseeeeeeeeeee,0
whys your cat in pain?,-1
I almost lost you again phone  silly indy,-1
off to get ready for school. have an absolute wonderful day!,1
getting ready for the dayyyyyyyyyyyy. i hope work goes good!,1
I understood you pre-coffee tweet  I`m good,1
no water park today? made me jealous looking at that pic,-1
Have you been going to the Trop for the last 5 years?  No more games for you!,0
__  im so sick  I fell over last night outside coz I was putting something in the bin,-1
haha i will remember that  ****,0
biglots by my house has jesus & virgin mary rings in one of those machines i rocked one for a while til that **** broke,-1
Thanks for the follow my new Twitpeeps!,-1
awww thank u. Feels good to be here,1
wow tiz almost midnite o_O bedtime for me!! ha gnite gorgeous ppl  *HADtheBESTdayEVER*,1
you better come back soon! <3,1
God! They look stumpy... I`m not sharing my toes tonight,-1
my little sister told me i have a double chin  aww,0
i could have got you some from work and not paid more than R20 per 2l,0
heyyy girl.. havent tweeted u all week. hope all is well with you,1
i need new running shoes!! my feet are completely torn up,-1
I`ll stop the world and melt with you...the cure,0
im having a bad day,-1
Come on guys tell me how much your theater charges!!! I want to know if mine is fair and/or average!  Me and hubby are having a discussion,0
_violence heyyyy babyy,-1
Mel? Where Are You You Shud Be Here At My House,0
<3 KoRn... You guys are champions of the world,1
Hmmm. Using TinyTwitter on a small non-touch screen is really not much fun,-1
I watched wayyyy too much Beverly Hills 90210 today and I am not proud of that fact.  TV FAIL,-1
Didn`t work for me  Except when I used the word autofollow and got followed by an bot selling an autofollow program.,-1
SEe waT I Mean bOuT FoLL0w fRiiDaYs... It`S cALLed LoSe f0LloWeRs FridAy... smH,0
on my way to school of my last friday of high school ever!  and i don`t even get to see holly Gabbie and hannah,-1
no decleration yet but crazy **** Koreans aren`t playing nice anymore  what do u thinks next? I`m thinking war,-1
we should all be down to earth. don`t none of us walk on water  I`m just some **** nerd trying to find my way thru life lol,0
oh look! it`s our new house in santa barbara! http://i41.tinypic.com/2hi2t4y.jpg  hahha i wish,1
I am sick  but Ians coming over so its all good ;),0
uqh soo boredd supposedd to be asleep cuzz i have too wakke upp earlyy but i juss cantt sleepp.! omq tomorroww iss mother`s dayy,-1
asks: did anyone possibly get a photo of me receiving my diploma? Dad`s camera died right at that moment.,-1
tonight my bed has been the Enterprise and I was Mrs Kirk,0
*cough cough hack hack,0
Counting the minutes when my dad`s g-friend is leaving,0
had my first day at work and im not excited about the lay out of the place and where everything is.. o well its a job,-1
My assistant had me watch The Notebook. I miss Deborah,-1
im probs gonna have to wait until it comes out on dvd  x,0
HAPPY MOTHER`S DAY to all of the wonderful women out there.  Have a great and relaxful day.,1
I`m boredddd. The day has gone quick  I don`t like it!,-1
That will make things fair. My poor Tiger has no claws or nutz,0
i really want to ring  but it costs 2 much  dam you credit crunch,-1
PC I agree...  We have a problem. We must stop spending and only work!!!,-1
Hi Everyone miss me much?  muahhhhhhhhhhhhhhhhhhhhhhhhhhhhhhhh ;),0
I don`t mind him not paying rent. I`m just over the moon at the idea of him moving out at least 12 years early,1
I feel I owe it to  to listen to her new albums (everything released after `Chains`) since she was nice to me on Twitter!!,1
_kiss I can`t find it on YouTube   only the concert versions....HELP!!!,0
_Greta That is so not good.  Your box is worth way more than that!,-1
gah! didn`t realize my meeting was from 9-12,0
Watching jackass the movie  http://twitpic.com/4wlgi,0
i love it to.. but i knw there gna cut stuff out on tv,0
1. i dont  2. LMFAO I WONDER.,0
graduation next sunday.. im going to miss my class,-1
So Tired. It`s not right to have to get up so early,-1
still here unfortunately!!!!,-1
_0981 ohh that`s awesome of you  probably coulda gotten gifted tickets outta it from the foil queens LOL,1
still @ the courthouse!     Happy to have a job... sad its this one!,0
i posted it! let me know what you think? theres a really cute cut out in the back too.,1
what are these ones called?   http://twitpic.com/4wauk,0
feeling really dizzy  not soo good,-1
awww  don`t do this to meee haha now you`re gonna make me saddd,0
I`m too tired,-1
if you`ve ever seen the way  uses his browser he probably has like 5 copies of it running.   http://bit.ly/1doEEj,0
I`m at mcdonalds eating chicken nuggets with my kid so embarrased I droped my soda  haha it fell out of my tray lol,-1
Congrats on the Invisalign! I need to get refitted for mine - I got lazy and stopped wearing them.,-1
http://twitpic.com/665to Less than 24 hours till the show! Oh and Lee broke his guitar at practice    http://twitpic.com/660vv,0
Happy Mother`s Day to all the mamas out there,1
I find this tune to be very sexy. Smooth... have a lovely day  ? http://blip.fm/~5yzb6,1
time to play,0
Can you come with the guys to Brazil? We`ll love if this happened!,1
glad u feel like cooking I`m so tired,0
Omg i`m so sad. I jus took in that gossip girl is done,-1
Tonight`s SNL does not dissapoint. LOL,-1
Back in from LI 2hours ago n still made it to work  yay me,1
just answered you- never learned how to write in French- just basic stuff-,-1
Oh wow  ouch...,0
one thing is good enough for me. friendship retained!,1
sadly that is so true,-1
And I wanted us to leave at 12:45 to do a 1 p.m. showing (staff retreat mini),0
My tweet is on cheaptweet.  You wanna vote for me  http://cheaptweet.com/t/syopvd,0
no southland this wk,0
But I do tweet about you,0
Homey missed da bus.,0
It`s a tough life you lead!,-1
Can`t wait to see it tonite!! should be hilarious,1
Bit of sunshine out there and it perks us all up  Especially when you have a mountain of towels to wash and get dry!,0
I am finally plugged in to listen to Flashpoints on http//:www.kpfa.org shoutout  and have missed the segment about Chevron,-1
I ended up not going because my left knee is killing me.  I think I pushed myself too much yesterday,-1
Driving fast is SO much fun. I went 80 in a 25. Hahaha. Goodnight!,1
wants to wish all the moms out there (and moms-to-be) a very happy Mother`s Day!,1
I love finding regional groups of Twitterers! Glad I could connect you with a few new people,1
feeling extremally ill,-1
aha thanks Jae,1
:] Today is a bank holiday so not many places will be open until tomorrow.         Welcome back!,0
@ work do not feel like bein in dis **** today,-1
Good Morning my Swedish Friend. I love the Meat Balls.  haha,1
sooo im 20 n im just now findin out i have asthma,-1
afaik A LITTLE SAD THAT CROCCOS IS NO LONGER AVAILABLE FOR SALSA WED NIGHTS. BUMMER!!!!IENJOYED GOING THERE WED NIGHTS.,-1
Staff meeting today with JoeMo...it just won`t be the same! Travel safely ...we`ll see you tomorrow!,1
Just getting home from work...finally,0
your **** miss you!!!!,-1
work was splendid,1
I spoke but when niggas be looking at ya crazi all the time u just stop....  plus I always used to see yall when I just wanted,0
http://twitpic.com/4wsue - yeah  well thanks *blushes*,1
I don`t like waiting,-1
Heeder`s again and on Monday as well... absolutely no plans for the weekend,0
Oh MAN !! I was going to connect my old school Nintendo to play mario games. And is not in the bag I gotta search for it.,-1
I hate going to work on nights that I`m in micro.   At least I get to work with !,-1
Holy **** I am exhausted! Resting up so I can go see Wolverine later,-1
He`s got adjusting his mate`s online shop... Zzzzzzzzzzzzzzz... Boring...,-1
shattered! PWG botched his hybrid dolphin shirt order and sent him xl,-1
Have a great weekend Mononoke  I may be tweeting from inside the movie theater either Monday or Tuesday  lol,1
happy mothers day to all moms out there!!,1
ommg gurll why aren`t u going how sad,-1
Wish I could go hear Mint Condition tommorow night,1
- great site.  The photos on it are fantastic.  Will be very useful for my visit to Pembroke (inc Skomer) in June,1
dave why why why can`t this happen when I`m not working and can listen?! :::whining big time:::,0
Really good night,1
yup .. sad eh .. Betty man .. it should have been betty,-1
sure I would like some cream right now,1
I loved the song when I first heard it..but THAT video just gave me goosebumps. Thanks for sharing,1
Ooooo! I`m lovin the First Lady`s fuschia sheath dress! Tres chic! I want her arms!,1
is up with a nasty cough i cant be sick i have a huge weekend ahead of me,-1
: Where did you get a copy? I wanna watch that also.,0
I totally want some white chocolate macadamia cookies from Mrs. Fields but the mall is soooo far away. Bleh  i think I`ll make my own,-1
I know. But it won`t be the same,0
why do i have to wake up so early goddam?! 7.30 on my last day off  bummer,-1
Off for a loooong weekend of inlawing...  ... ...,0
i know im inlove with   actually..,1
NICE I must see this,1
It`s official - Liberty Grand is my new fave reception venue... Will blog some shots Tuesday,0
missing jmichelle... told you treat me like a step child! smh,-1
I spent an hour this morning going through yearbooks to see when each senior started to Harleton. My speech will be so boring.,-1
Sitting here with my baby .. Libby has a fever 101.0  shes fussy,-1
Im cleaning out my closet!  ahhh...,0
i think my niece got me sickee  lame.,-1
homework...boring,-1
awww don`t be sad  we`ll download a copy for you!,1
I missed  giving away a TTC code,-1
Yep! Tail between legs!,-1
lol.. **** monkey,0
my last tweet didn`t send  bad phone,0
Everyone MUST watch this...it`s Snowball the dancing bird & he will make your day...I promise!  http://tinyurl.com/37wt5f,1
LOL. me too..werd...:p...hubby`s fave driver is Martin so I am happy for him and me!!!,1
has not finished the bio mols mind map  stupid sheet hid sections from me on the back!,-1
thanks Todd. Enjoyed reading your blog too - I had a little cheer for good old Alfred Wallace. Curious to read your book,1
Ok so any ideas of what to do tomorrow to make it fun? Cause i dont know what to do,0
really? ur a brave lady walkin around those lions then.  any other book suggestions?,1
__  that`s not good! hope you get better soon and good luck with the exams!,0
Just updated #Tweetie and open in browser is still broken.,-1
thanx for the bday wishes ray,1
Oh no!  I hope you find your kitten,1
Gotta work.  Lonely weekend ahead.,-1
Smiley absolves all,0
You better believe it!   and I wouldn`t miss it for the world!,1
just got them- about to read & reply,0
The Good: I drank Jager and licked a hot asian girl`s foot. The Bad: I was reminded once again that I will never get asian girls ever.,0
is still sick  sigh,-1
Naw forget it then. I will only if u take them,0
OMG !! hollyoaks well dramatic  !!!!!!!!!!!!,-1
i have perused the #fieldnotes website and it is good.  too bad i must return to work,0
Eating a dillybar from DQ! Yuuum,1
Happy Mothers Day people. i love my mom a lot still,1
Make sure u pick up Chrisette Michele`s new album EPIPHANY in stores tomorrow May 5th! You will love it! Promise!  Congrats,1
Missy higgins kate voegele grace potter and the nocturnals,0
We expect One Man Band to be released sometime next week,0
STEP 1: be a photoshop expert  http://plurk.com/p/ros47,0
as to sleeping with whom ? You have your rocking sheets  I hope the smoothness is endulging can`t wait for my blankets),1
SO BORED.,-1
FYI no internets until THURSTAG!!!! after saturday  i have a feeling i will become 800x more productive during those days.,1
the only thing is I`m not a chocolate fan  but the thought was yhere,0
boo,0
which case? I got a new one last week and I`m not thrilled at all with mine.,-1
yes! it definitely paid off ... thanks 4 the advice,1
is tired. 04:30 alarm setting will do that  Off to bed as soon as my bloody iPhone Backup and Sync finishes.,-1
awesome. lemme see when you`re done.,1
Sorry about that. I got behind on followers and am still catching up.  I follow folks that @ me (including you,-1
http://twitpic.com/66roi - Man I miss this truck so much!  had to return it cause it was 687.00 a month and 236.00 ins a month on it : ...,-1
why yes jeeves. bring me that noose there  TOO MANY ASSIGNMENTS!,-1
The episode was AMAZING...I cried when I saw the home videos they were soooooo cute,1
okay...just eat cookies && not share with me lol,0
An expense I could do without at the moment,0
Crawling into my den for the night now.,0
Ahhhh \you are soo smart  Thanks for this schooling of thoughts  Have you taught before?,1
: love the song 'together'. that`s 'his' song for me...well i think it`s still is,1
2 days after #all4web ...i`m still tired,-1
had to many weirdos on the other one,-1
looking forward to coffee and driving tomorrow. really,1
awesomeness,1
i LOVE your hat! so cool. that looks like it was a fun day.  and i love that you used the word 'crikey' just now!!,1
_m do it up,0
You charmer   Do you like football too?,0
Parking garage concrete pole 1 -- the new Odessey 0.,0
You really are always dirty!!! Ha ha!!!! Do you have a **** addiction???,-1
I have coffee and a Sociology paper to complete. Happy Mothers Day,1
i feel like I`m on house arrest.,-1
Mom says I have to get a new phone IMMEDIATELY....off to T-Mobile.  she paying....,0
Today`s ABA has been full of emotional tears  #ASD #autism some days are harder than others.  Its hard to not intervene  poor baby,-1
i want to see ephraim zenh tomorrow! a lot. but can i find a sitter? wtf? why does everyone have plans? it`s only saturday night...sigh.,-1
im seeing the hannah montana movie again today,0
I don`t feel like having to reboot  If only OSX supported Hibernate & Reboot in Bootcamp... -.-,0
http://twitpic.com/4wqfv - dark berry mocha frapp.. heaven.. TRY IT EVERYONE!!  here.. let me pass it to you,1
i guess ill never have it  but the sad thing is that u didn`t put an Alternate e-mail!! cause if u dont remember ur secret,-1
Just dropped my new mobile down the loo.  Fingers crossed it works as I still have 17.5mths left on the contract,1
yeah I`m fine not to raid most things. Excepting liquor and cheese & bacon balls,0
i guess it`s easier said than done for some people.....myself being one of them unfortunately,-1
got such sore feet,-1
You can find more info on getonu2.com We hope to launch the project this week. Then we`ll really need some help to release it!,0
ok2  g`nyt? Haha too early.,1
Just saw a land rover pull into the school parking lot and thought it was spencer,0
wish i was home in time for the #jonaswebcast today,1
I didn`t headbutt anyone! Not that I know about anyway! ;) You ok today?  Football today?,0
167 Brian 167 that`s 1...6....7 followers count them and weep. And they ALL know who is the buzz champion by now,0
Tried to do an Audioboo recording but it` distorted due to the high volume  #OBS,-1
ah! i almost missed snl. thanks twitterfriends,0
morning(ish)  hows everyone?,0
MCFLY?!!  Aren`t they the best band ever? I wish I were there to watch the concert. Singapore isn`t a place they`d tour.,0
I want to play audition with Anna ~ -mHc-SMOOCH,0
She has her perfect moments. She just broke one of the tiles on the floor in the hallway. I don`t find her very perfect now.,0
nah I don`t finish til next yearrrr!!!   are u stayin in the bad news after graduation?,-1
I want a new lappy,0
is off to somewhere.,0
thanx peeps 4 following me,1
Going to search out areas we would like for our dream home to also home my home based business one day soon.,0
haha i only love you too sissy!!!!!  ring power! lol,1
It`s after midnight & I hear the shower calling me- Technically it`s not twice in one day since it`s morning-- I`m not very 'green'.,0
going out for the good ol` `soak` tonight for a mothers day feed.       in love more then ever,1
I overslept  headache,-1
is loving the half day! If only it wasn`t raining.  Soccer Practice tonightt.,1
depressed; my best friends pissed @ me,-1
feeling the need for more advil.,-1
I`m so sorry!  I saw it too and it shocked me to the core.,-1
hearing the birds chirp makes me think its nice outside...well its not  rain rain go away!!!,1
My wiki project is going to have to wait another month  But manager thinks I need loads of time to prepare + has halved my workload,0
We`re dealing with Overactive Let-Down right now.   http://bit.ly/9ydHU,-1
OMG  Poor Eppy! I hope she is ok. That is so scary and wow I can`t believe no one noticed.,0
cant sleep again! I couldnt sleep last night eather!  *Wabble Wabble*,-1
listening to the cat snore,0
i am doing homework it sux big time maths is the worst!!!!!!,-1
Charlene my love. I miss you,-1
I hate this bit,-1
o ok..im jealous..i wish I was in bed,0
wifeyyyyyy  me no likey u siky,0
may have unintentionally snubbed someone due to my ineptness/shyness. feel badly,-1
excellent good to see,1
rushing to sitter to pick up my 103F-fevered preschooler,0
TY sweetheart,1
_Perth Awesome...love top gear..whos your favourite?Got to admit i have a soft spot for captain slow,1
I`m So Mad I Wont Be There!!!!!!!!! UGHHH!!!,-1
work outside,0
I am officially a kindergarten cop,0
No free ice cream though,-1
IS PHONE **** WITH TYSON,0
Almost got sharpied in the face while falling asleep  being sick sucks!!!,-1
#justcause Summer Hours say our day ends at 1pm...doesn`t mean I really get to leave at 1.,-1
Does anyone out there want to be REALLY awesome and buy me one of these for my birthday? http://poprl.com/1vN0,0
On my shoot with Ron and Torey! Have lots of fun,1
Cleaning my room and listening to britney.,0
I really miss Sebastian,-1
played okami for 14 hours today,0
I was just about to put in '@' and then my username.. Wow.,1
finally some effing internet! i effin need to update the wifi in SG malls. Idk how  i miss dada and craigie......,-1
walah me 2 still i am not getting the full idea,-1
ZOMG SO CUTE MATT. **** thats a good movie,1
Subhana Allah... I got scare told you i started having anxiety,-1
Had a blood test today.   Wasn`t too bad really. Needed to dash 2 Starbucks after to revive my spirits with a nice Iced latte & a bun.Yum!,1
Have a nice day  ? http://blip.fm/~5z6y6,1
i`m not partying tonight,0
the puppy shall loose his um... manly parts today  poor guy....,-1
didn`t make it out to shop.......      there is always tomorrow.,1
i have nothing to do except right a eassy due on monday D: :[ :{  ]: }:,-1
don`t forget to follow emma from london =  like you said you would! I wish you aswered my calls  it cost me ï¿½14,1
just got back from rachael`s house,0
watching my ard earn money dissapear.,-1
wishes I could be the one going to our conference in the Bahamas next week,1
I have found the best songd to have stuck in my head are relient k songs...I know every word and can finish them,1
Is now crying  Omg I am fed up with this pain !!!,-1
why did i agree to work a double shift,0
Is sitting in science freezing  four days (:,0
Thanks too,1
Press `Ctrl` on bottom right. The underscore for E71 is there.  KY,0
back to work.. with no distractions..,1
so neat hearing U on kiddshow today wish I was there,1
Twitter is slowing me down today.,-1
hahahaha your watching 106 too... i miss Oceans 10...,-1
Happy Mother`s Day.....................I had a gr8 day with my kids & my MUM,1
Aaaah did you see Prez Obama holding hands with his wifey? Soooo romantic even in White House.....,1
Time for some Halo3 then?,0
Dad and Mum are heading that way and I normally jump in the middle and thash about a bit while having cat chasing dreams,0
is traumatized and saddened by the 2 baby squirells she just found on abandoned on the sidewalk.,-1
Week-end is over and now it`s time to get back to work,0
I wanna see that movie 'Keith' with JMcCartney in it! It looks sooo good. But none of the video stores here carry it,0
or least for the firmware upgrade. just buying some time until I get my tax return really,0
oh men..not in the mood  I`ll go home tomorrow..wanna be w/ my family..its my birthday,-1
I don`t know how to use this,0
I AM OFFICIALLY CELEBRATING MY 400TH TWEET. Wow! I am so proud  Its great.,1
getting ready for my first day at my new job,0
Selling artwork+ risk game with the boys+ startrek= just what i needed. What a good day,1
That is the best sticker EVER. Also. I dig your hair. It`s gotten long since I`ve seen you last.,1
I`m sorry you`re not having the best day - neither am I though  Are you working tonight??,-1
Its offically mothers day!! happy moms day!!!,1
will do! I may just have to keep it on my shelf with the rest of my old cameras,0
http://twitpic.com/4vw9a - lol wow I`m watching X-men: The last Stand right now too,0
mine pools... just in someone elses pocket,0
Woke up from aspirating some stomach acid. I`m praying that I dont acid reflux  and that it was a one time thing,-1
I can Rome without Ceasar,0
_com Thanks,1
i just saw your performance on the ellen show. we`re so behind in australia  you were AMAZING and have such a wonderful voice!,1
Work...work....work....,0
I didn`t go to the gym today and I feel bad,-1
in bed watching Rove,0
haha  I need to get in better shape first.. I have cageball on thursdays == me dead on sofa the whole evening,-1
YEHEY SUMMER!!  so exciteeeddd.. balme it on the a-a-a-a-a-alcohol.,1
i miss you  !!!! ??,-1
You know that `rule` that says always point the knife away from you? Just  learned my lesson on that one! Straight through my finger!,-1
Oowweee!!! China club wuz poppin!!! Lipstic n Pumps were in full effect!,1
Grrr! My internet will be up and running next Wed  at least now I have a def. Answer!,-1
Why is it soooo cold & ugly out??,0
lol sweet!!! ...i still have yet to watch the 4th movie  hope ur having a lovely weekend! happy mother`s day from aus! =P haha,1
must be time to go home - yes indeedy,0
everything is near here in SG! but you have a point--sana hindi sa Jurong East ang office ni,0
Happy Mother`s Day to all of the woman and the men who made them mothers.,1
listening to the falling rain...lalala,0
i`m gonna miss eddy if we`re half the country apart,-1
http://twitpic.com/4vdc3 - Lexus has the Twitpic! Happy mother`s day to you Lexus.  I hopw it`s a nice one for you.,1
yay back at home,0
ahhhh now i have no pic,0
loves John Mayer`s updates.  And modeling in the hot sun... and being sweaty... jk. But seriously...,1
yo wake your **** up  and go to work  go get that paper  u aint sick dont lie,-1
@ cayogial i wanted to come to BZ this summer :/ not so sure anymore... a teacher`s life in the summer SUCKS,-1
Well that was a fun evening,1
just when i get the music to start playing..i clicked 'home',0
YIKEYSSS!!  I`M HARMLESS REALLY!! JUST WANT SOME ATTENTION FROM BRODY!!!,1
This cigarette is so relaxing,1
....welcome to public transport  X,0
wow my trip to tampa has come to an end...,1
Anybody to have good tips for budget lodging in Tokyo?,0
How`s your dog?,0
Really nice outside...I`m stuck at work,0
Those dog pic had me  ROLF!  The one  with the snow stuck too it  has that 'if looks could kill look' way funny,1
They changed the way Golden Gaytimes are made. They used to be awesome.,1
about to drink a hot chocolate  yummy.,1
There isn`t any right now. They need to make more. Sorry.,-1
i tryed that the other day but they werent giving up what they were using!,0
Two dozen roses sent  overnight and delivered this morning. Just found out the recipient is out of town!! Sad,-1
what`s goin on hun?  I`m worried about you,-1
Gahh ! This weather sucksss !,-1
... so I can`t charge you by the hour then?,0
Sunburned from Venice and watching Fred Claus....Such excitement!!,1
Only has under 200 words left to write on her assignment,0
I`d rather sit on a bench with a friendly psychiatric patient than go a party with some 'cool' person,1
Nungguin my Sista in law lahiran di RS Asih...kayaknya sih sore ini lahiran. Yeayy another baby girl in the family,1
SO DO I!!   My jet is in the repair shop...lol,1
had a great day...and now I`m off to bed. tomorrow I`m back in sd,1
in park slope brooklyn working the bust photoshoot. this is so exciting! &no more fever! but my tonsils are the size of golfballs,1
I want to watch the movie 'Up' but no one wants to watch it with me,-1
Men it`s far too sunny,-1
good night,1
Back from AOT last lec.. Alot of question marks on my head.. But thank God for all the tips.. Should be able to pull tru,1
Waiting for my momma so i can go to Chase and see what the hell they doin with my money. i miss WAMU,-1
I love you too baby  see i`m cool now!!!,1
okay im happy again  i watched the second episode of jonas on youtube. i think tomorrow my family is going to olive garden for mothers day,1
TWEEEEEET! good morning twitterland! going to work at 1 so need to keep packing and cleaning this flat! move out in t minus one day,1
http://wave.google.com/ <3 Google ... wish they`d spend a bit more time adding bits to Chrome though,1
I wish I had Left 4 Dead. But first I`d need something to play it on...,0
hey! chutti was very tiring.. and have to travel again tomo  how was your Friday?,-1
hahaha I didn`t even notice the name - LICE,1
Cops tell #Tori`s Dad they may never find her remains  http://lfpress.ca/newsstand,-1
watching supernatural!  how exciting.,1
awww I wish I could have been there  I`m stuck here about to jab out my eyes with knitting needles,0
So tired and I have to work till 10:30 tonight!    Happy mothers day to everyone too  http://tinyurl.com/qu62bl,1
Loved those books   Did you read The Host?  Amazing storyteller.,1
Me + court =,0
@_supernatural_ http://twitpic.com/6695k - Awwww poor boys! *cries* So sad..,-1
_another_1 yeh I can`t even imagine.... good luck to them,1
There is something wrong with me! I`m so tired I can barely keep my eyes open. Yet all I`ve done for the last 3hrs is toss & turn in bed,-1
ahh i love u! u got a twitterrr,1
This sars has really got me down.,-1
Internet is getting **** slow today..,-1
LOL I feel like drunk right now...,-1
is watching the canucks,0
all my pancakes always end up soggy.,-1
lol   What are your plans for today (or should I say tomorrow) then ?,0
I know.  I have such guilt associated with picking winners.,-1
I told that joke onstage at Butlins in 1991. One person laughed. Scarred for life at 8,-1
thank you  You too! I hope this turns out to be a top week for you.,1
is wondering what happened to all those froggies at the potato farm!,-1
I do not feel good,-1
Yucky! We had our last soccer game of the season today...tryouts start Friday,-1
off to collect a tv I acquired from freecycle,0
ur welcome  u finished ur speech (typed it and written notes),1
OMG JLO AND MARC ANTHONY WERE AT MY OLD SCHOOL GRADUATION  BRB UPSET,-1
I really despair over the whole copyright situation http://bit.ly/yLY0I ~ being visually impaired means you don`t deserve to read  #sccr18,-1
Watchin tyra bored like always  my stomach hurts,-1
haciendo mi primer app con Thin + Rack + some crazy stuff...,1
Airsoft is horrible!! Hope you didn`t get hurt,-1
You know we do!,0
Hate to break every1`s heart but confirmation jus came in that Austin & Sophia do NOT & never had a twitter  another sad day!!,-1
really wants a puppy...,0
sure ill follow you hun  ohh thank you are you a subscriber on my youtube?,1
going to church  god bless you all.,1
_AliceV No  None in the house and I`m not sure i should drive to the coffee stand. It`s worse than I thought it would be.,-1
so close to tennessee,0
Talked with mom. Al sang a song for me again  am off to sleep now..,0
HAPPY MOTHERS DAY TO ALL THE MOMMIES,1
_Kartz I`ve been studying for a year now  And 5 years in school...,0
I`m going to; eat-homework-tv-I don`t know yet...,0
mmmm chocky cake in the oven.. smells delicious,1
You`re just jealous!  Guess you`ll be walking around the office tomorrow in your Malo!,-1
i dont want the seniors to leave,1
has a headache already?  boo,-1
I only hve 9followers,0
I`m so pumped for the day!,0
ily babe. Sweet dreams.,1
_d he`s a lucky baby. He has a wonderful family  do u know when u could take him at home?,1
waitin 4 the skool bus soo tired nd still soo much 2 do...want 2 b lazy nd sleep but since I cnt ill sing all my fav songs,-1
Really wants to buy new clothes,0
Are you going to hate being around my baby?,-1
u suck! had i went to jail i couldnt tweet anymore,-1
My bet on Mumbai Indians today... Anyone to take a bet on this for 500 bucks??,0
using my twitter account,0
Leaving for work.,0
Well for one thing I might be branded a 'public menace' by the state.,0
My goodness! I go single and **** goes crazy! Haha. **** this. I like being single too much. I do what I want...holla!,1
That sucks that u have 2 go through that  id b pissed 2,-1
to the people i was txting... sorry phone is dead and i can`t resurrect it.  hopefully verizon will replace it and i`ll it back by tonight,0
im glad  i dont have to go out...,1
I had fun at Daisy`s Mexican Fiesta .,0
Haha i bet a man did make heels! Im sorry you hurt though.  I hope you feel better!  ~Livelovesing~,0
Western Digital Caviar Black 1TB SATA 300 NCQ 32MB on the way...,0
don`t ask  Hoping that today will be an improvment on the rest of the week. Looking forward to the weekend weather!,1
bowling with cousins  awesome,1
Happy Mothers Day! ..ok..seriously..good night,1
@_missrachel how much?,0
_sm Do you know why we have two Categories on our website? I`m trying to remove one but i can`t.,0
trying to understand why WHY i joined twitter.....everyone else was doing it i felt left out,-1
Ugh... Waiting.... Interminable...,-1
_Monk Neither are ELP!!,0
It would be amazing if we could meet us in Germany! I have been to Germany twice.,1
comes home in two days,0
my GF has an interview with them this week,0
Hey Lauren...I`m a huge fan! I hope you are having fun at Wango Tango!!,1
i DID argue with byron because he said im fat,-1
I`m soo jealous right now!!,-1
Send me your Blog`s RSS feeds I have a site that will republish and send traffic to your site...,0
nice weather today in Alex,1
- stillll listening to `paranoid`  now starting civics homework+ new JONAS episode !,0
ahhh ikr! he`s the cuteset thing ever  Plus it reminds me of twilight which is good cause I looooooove it so much!!,1
Still awake lol Finished talking to a really good Brawl player. We talking in SmashSpace.ning.com  Join the website if you like SSBB!,1
just fought with my printer...after 2 hours i claim victory... i hate electronics,-1
ugly. What programmes do you have open?,-1
need to get a hand,0
Enjoy...wish I was there! Nice day in Springfield today..however I have my end of month expense report to do,1
That happened to me once... only I wasn`t drunk. lol,0
_luca LOL!  I`m glad to see I`m not the only one out there!!!,1
14 dayssss ahhhh super excited   `they`re telling me that my heart wont beat again`   JLS were awesome yesterday (:,1
its all over! no more high school,-1
Happy Mother`s Day to all your wonderful moms!,1
testing.... Hey! I gotta add you as someone to follow,0
Yay! Just bought American Dad Volume 4  also seen Australia is out on DVD. Could be a lot cheaper than going...,1
just loves having proper Inet back,1
Early lunch then getting all dressed up for Amy`s confirmation,0
please ignore cheesey music,-1
It was on March 22nd in UK..today all quiet here regarding mothers day  Very sweet of u to wish though..thanks!,1
I want the rain to go away! There has been too much of it lately,-1
Had a brill night out with the girls - met terry christian at tv21! He was really lovely. Home to berocca and toast,1
ah what a lovely day for a bike ride and cake making  *is rooting 4 those who are revising!* do your best! X,1
She lives!  You were so Twitter quiet after the race. Recovering or celebrating?  ps. #20 Fem. in your 1st marathon Wow!,0
It is Gloomy outside. It is making me sad  I miss the sun and its happiness!!,-1
That just doesn`t sound appetizing.,-1
I can`t die  I have a lunch date with rocio coming up plus some new shoes UGH!,-1
Got the news,0
I`m on my way to see `17 Again`.  I`ve wanted to see it for a looong time,0
and this stupid wireless wont work downstairs,-1
oh that stinks..,-1
ohh my tooth is hurts ohh  im sad it very hurts,-1
pink bubble baths and champs,0
big hair rock day today me thinks  here I go again to start xxxxx ? http://blip.fm/~5z4p7,0
holiday again,0
mommy coming home from vegas tonight! going to pick her up later in islip her plane doesnt get in until 10:40. KILLME. i want my mommy,-1
I need to buy a cheap verizon phone,0
saw you walking back from starbucks. I was in the orange beetle,0
I`m sorry.,-1
I am in the `real world` which apparently involves a lot less twitter....  sorry!,-1
****... Why does it take so long to install SBS2008?!,-1
Re-pinging _B: Is it pathetic that I .... Or am I just pathetic ?   naw you a cutie,0
hey mar! i miss you also ( yeah  but i gotta find a stupidstupid school (,-1
I gave up following  - She seems really nice but clutters the hell out of my feed.  It got annoying.,0
The Skimchamp Taxi Service!  best in the land!,1
is at the farm doing what i do best...RIDING MY **** OFF!!!...get at me,0
Head hurts bad,-1
lame,-1
Thanks for sharing that,1
how i wish the result IS true...,0
He brings SOOO much joy!! Show it!!  great song! ? http://blip.fm/~5z3oq http://ff.im/2L63l,1
.. .great.. you can buy me lunch when i get my 10-15% pay cut next month..,1
UGH... I am soooo drag assing today  but on a brighter note I got my G1 update & it is the biznesssss!,0
http://twitpic.com/67qv3 - Me at Forever 21  Ethan couldn`t be there,-1
that is truly impressive. Can`t come close to that. Takes the argument over whether web needs subs to a new level though,1
Watching Dr. Phil`s special on same-**** marriage. It`s sad how ignorant some people are,-1
Too broke for cigarettes.,-1
I`m terrified about the surgery next week,-1
your sister would ! hahah thats so funny !! i thought you liked them,1
Thanks for pointing out the crucial problems . Both of them have been taken care of  (cc: ),1
http://snipurl.com/hq0n1 Just printed my mom an Amazon gift card  for Happy Mothers Day talk about last minute.,1
in chicago until 8:20  ...just landed xoxo,0
Bored...um...Song of the day: 'I caught myself by Paramore' and 'No good deed from the musical Wicked'  Oh! And Fully Alive by Flyleaf!!!,-1
fun times. just broke my usb stick.. like literally broke it..,1
Computer pissing me off. 4 gig ram 2.5ghz Dual core and vista freezes...**** you microsoft...i want win 7,-1
_langley Hi guys! Guess who has Twitter on her phone now? Me!,0
Ok so 4 needs to hurry up and come wtf I wanna go hooooommmeeee!,-1
I need to wake up earlier so I`m actually tired enough to fall asleep,-1
Just gave my mommy her Mother`s Day present...a purple ipod  http://twitpic.com/4wcpt,1
Or even listen to Susan`s green policies,0
why isnt everyone with you?,0
I could do with another one now myself. was back to work on Monday after being off for 7 weeks  not good.,-1
ok its been one hour im still waiting im losing my patience,-1
This already feels like one of those days where I just won`t be able to win.,-1
It looks as though I am sick little friends,-1
I hope it`ll go by as quickly as possible.,1
You such a good friend <3 I miss you so much,0
think you should catch up on your sleep befor you go back to uni haha  goodnight<3,1
Why am i even trying to go to sleep. Its 28c in here. I miss the cold winter nights,-1
_Kay2 welcome to Twitter babes! I know what you mean...still trying to figure this out,1
wondering if anyone has seen my cell phone i cant find it anywhere,-1
My car broke down.   Time to start looking at getting another.  If its not one thing its another.,-1
Is anyone there?  Please say hello - I`m feeling lonely,-1
Traffic is down to a crawl on I-94 right now.,-1
#sometimes also emoticons sometimes,0
_Elmo_**** awhh you alright ?,0
The girl in the hair salon asked me 'Shall I trim your eyebrows!' How old do I feel?,0
hm i`m happy but i want to join drama practice today !,1
Hahhahah I`m watching the greatest movie ever,1
Ahaha!! I have all of your albums.  Each stuff of your music is so beautiful! That`s why I am so in love with them.,1
The Matrix Online shuts down next month...wow...I feel kinda sad about it,-1
I have been to Tara Thai a few times for friend`s birthdays and the food I had was pretty bad.,-1
ARG! Eirtaku got hit by stupid bots. So much **** on a kid friendly site.,-1
Went to sleep and there is a power cut in Noida  Power back up not working too,-1
why the hell is it raining!! i hate the rain.,-1
I`m praying for you and your family beav! I`m so sorry for your loss,-1
I`m so proud of my NAU graduate friend!!! We`re getting ready to celebrate  tonight!!! It`ll be an international ordeal~,1
yayy!!! Im gonna see you today! I miss you!,0
I should be in NYC right now with some of my favorite people but instead I am stuck in RI.,0
Im sad right now becuz of my lady,-1
GRRRR!!! It`s BACK!!!!! And what I mean is my headache  But on the *       *        bright side....it`s only on one side!!!! /\/\/\/\/\,-1
That just means you were not trying hard enought,-1
Thanks for the followfriday recommendation! We`re actually at @_careerbuilder_ though!,1
it`s just one day... do a week of 60hrs to compensate,0
_Willhoit Hoping your A/C is being fixed right now for you!,1
Through the Fire and Flames - Dragonforce,0
Pinkberry,0
Dump your worries in the Stress Fire. Fun and profoundly freeing  http://budurl.com/c765,1
have a safe trip joshy poo.......you`ll knock them dead at your speech,1
off to the cheese counter I go! Thanks,1
ms wee`s wedding!!!!,0
looking at this website!! should be working!!,1
thanks  glad you like it,1
so my son is not the only one!  that`s really nice to know.  he really is good at being three. and dh will be late today,1
heyyy you ALWAYS look nice  wanna come to my friend`s party? its june 8th long weekend in sydney,1
night,0
hey!! how are you??? you found me,0
Is too much of a bro,-1
http://twitpic.com/4jccd - and also these hi top Reeboks.  cause i can,0
Zzzz... I`m taking my mom out for breakfast tomorrow!  Shall be quite a treat.,1
Awww  You`ll Be Fine...,1
I think I tricked out my ankle during cardio yesterday.  I`m getting old.,-1
it`s 8a and i`m already dressed  but we`re on set today so let the real fun begin!!! lights! camera! action!,1
Going to sleep now goodnight!  xoxo,1
Decode by Paramore is a great song... Love it...,1
Halla Miss Haloom  .. how are you dear? am doing fine so far but .. eeem worrying about rationale project.. Allah eyaseer inshallah,0
This is the earliest I`ve been up for ages! Body is crying to go back to sleep... Must resist! A shower should do the trick,0
what the hell is follow friday?? don`t get it,0
Has a headache,-1
@_Bella_Cullen13  _Cullen26  _Cullen10  These are my family girls  love u guys *smiles*,1
I love the fact that it`s a bank holiday monday and i can stay in bed,1
_A i have but you know it`s not that easy..,0
Thinkin` Twitter is interesting.,1
_agwl Talking to whom? This `Shah Rukh Khan` is an imposter here... LOL! BTW thanx for the follow...,0
Sorry we couldn`t get the projector working with the windoze laptop  but a ton of people came up afterwards and saw it live,-1
i wish i could take my pillow to school. dead serious.,0
About to Enjoy the Silence,1
my first `star trek` anything was really entertaining.. now if I can just see Harold fly the enterprise to `white castle`,0
Working on some Product Buzz (product reviews) for the blog... have a pain in the back of my neck,-1
awwwww snaaaap Jimmaaayy.  You are the man with hookups.  Too bad I`m so far away!!,-1
Fight Club 10th anniversary re-enacting. Nice tattoos  http://img.suicidegirls.com/media/albums/6/57/13576/658166.jpg,1
A 35 minutos... Split-up.,0
cant believe ER is all over,0
i don`t know what lender it was? yea these people definitely sucked butt toes. NOT friendly or helpful.,-1
let me know how it goes I`m praying. Ummmph. I still can`t believe it.,1
thankyou,1
mufasa!!!! warriors or the OCEAN!  hahahahahaha,1
i hate not being able to twitterize on my cell phone  oh well,-1
i`m so bored i can barely even tweet. i have nothing to talk about.  #boredboots,-1
Gettin home frm hangin with Herman,0
probably one of the best surprises ever...you really are amazing,1
I think my cheap sunglasses are falling apart. Oh well,-1
thinks Aaron is pretty darn awesome,1
Lucky...and a wife who loves me.,1
_Aitana K ??? What??? No way!!!! No,-1
really sick and tired but my body`s resisting rest!,-1
i graduate at 9am on Sunday June 14th...,0
k its 3 slices left,0
I`ll try but silly silly tweetdeck being mean to me again,0
I always want to be perfect. Thatï¿½s so hard cause I even know that itï¿½s impossible. ...,-1
Sometimes it hurts that pets cant talk back to us. What if they are in pain. How would they tell us.,-1
Celebrity sighting: Spongebobs here! #BEA09   LOL! Now I`m even more distraught I missed it,-1
Yukky  Rainy Friday,-1
_ndo OMG I`m so sorry. I`m the worst employee ever. My hard drive just failed taking the survey data with it,-1
I don`t think my friends like me anymore  (via #zenjar ),-1
_sandman_ _wounds   I miss you guys SO much  ****,-1
watching The Biggest Loser on Hallmark. Never fails to make me cry  nyeh.,-1
Digiqom welcomed new team members in the company today,1
hopes whoever stole my purse and money gets what is coming to them,1
OMG i want to go too!  hahaha,1
But I have cause I missed a lot of classes,-1
_MISS_CBW Sorry!  It`s been one hell of a day.  I has flooding,-1
I need some free #fieldnotes because I can`t travel to North 3rd Street in Philly to buy my own.,0
It was truly awful,-1
cool.. look forward for frequent tweets,1
Is UPS like the cable company and doesn`t show up til the last possible moment? I`d like to take a nap before school gets out,0
i`m about to have to hang up   my fone is getting to hot,-1
busy wit work  how is your business going on?,0
hahah  i loveeee him though.,1
Just loaned out a set of aerobars to team mate for tomorrow`s Texas Cup race at Alkek. Bummed I won`t be there.,-1
morning sunshiines,0
dont get too excited bby i hear thunder rolling in,-1
had such a fun time with allegra tonite!!! we saw 17again!! good movie,1
time to mow the lawn.,0
happy mommys day!,1
i`m trying to figure that out right now,1
Mine too! Hayley is great,1
http://bit.ly/PenQl  I`ve added a new icon to the feedicon database  Have some fun with it!,1
goodnight to all.,1
thanks! we want to continue to improve our process for the benefit of customers - things like this just take time,0
morning.any plans for today?,0
I am very bummed that there are no babydoll or spaghetti-strap tank Three Wolf Moon t-shirts. Love the meme; hate wearing a fabric box.,0
Fast & Furious = EXCELLENT movie.  And Andy is a great guy   Most of the time....  lol,1
says BAD TRIP! (angry)  http://plurk.com/p/wxshi,-1
Nothing like home-made paranthas for breakfast,1
my apartment is emptying out more & more each day.. so sad.. last week at 2000,-1
Sorry for your loss.  I know how you feel.  She or he was a lucky cat.,1
cool and aww,1
http://twitpic.com/66wxk - SO jealous right now!!!hate new england weather,-1
So bummed that I can`t see LTJ in June  hoping for a UK yoke soon,-1
this is what i think about the world  at hannah montana set.... im missing tennessee ALOT today,-1
The wedding couldn`t have been more perfect,1
so i feel like **** for saying HAPPY BELATED BIRFDAYY.. i`m only a month late,-1
Last week I had 516 hits on my guinea pig pictures on webshots! And I didn`t even promote them! Way to go,1
Past experiences of being a redhead (eg. discrimination) or even just general info bout gingers in society! It all helps,1
Ive been dying for those!! They just so expensive in little sizes.,0
there`s a 9 year waiting list to get an appointment.,0
Our kids are both in a Derbyshire schools string concert at the Buxton Opera House today. They`re both quite excited,1
just sending a twitter from the club! i twittered u,0
Here I`m staying up with you and you`re not talking to me.   hehe,0
http://twitpic.com/4vp3x - *swoon* Nick looks so cute when he is serious  *faints*,0
implementing will_paginate  on my website; i love rails,1
12:06am and my 'him' is officially the 1st one to say Happy Mother`s Day to me   I love it!!!,1
doing the awful online portuguese test!,-1
lol   the things u gotta do sometimes man smh lol,0
I don`t think the neti pot is working for me  maybe I`m doing it wrong?,-1
Two words: hot pockets. Most delcious food ever created,1
disappointed she didn`t win teh glassez.,-1
Floor mopping sounds unappealing,-1
My public talk in July got canceled and I don`t know why.,-1
I`m ready homie..actually ima be working,1
what about me?,0
Heh... I send dem when I get dem Jen... I was shocked I found so many these last few days... earlier in the week nothing...,-1
I`m feeling pretty energized & ready to face the day w/only about 3 hours of sleep. Hope it lasts all day.,1
Bit devastated that I lost my entire documents folder on my home computer.,-1
Happy mother`s day and to the god mother`s and step mother`s too....,1
Its goin good takin it easy ths weekend  Im preparing for the big events comin up for me U girls INSPIRE me 2 do great things!!,1
womp womp woooomp!,1
Nope  Neither of our ladies are on today.,0
automated ****-downloader would have to know which **** you like. youporn has this new recommendation feature,0
NEED SUMTHING FOR THIS EXCRUCIATING HEADACHE,-1
Just file me under *seduced* sweetie...,0
Working.  I can`t wait till 4:30. Funeral on monday.,-1
_elaine Our chandelier is here! I seriously don`t know how 2 get it through our door without sending it crashing down our steps,-1
Fun at the water park then dinner at the rainforest cafe (all free!) then party tonight  pretty good Saturday I think.,1
just got home and counting the days till friday,0
Smores plus jacuzzi equals amazing,1
looking forward to the show tonight. Can`t wait for ol mate  to,0
No shoes for me.,0
ugh im crying again  writing a rant about it on tumblr.,-1
oo never played it  thats so good that u like 2 play games most females dont like too,1
COOOOOOOOOL... DOOOOOOOOOWN... Patience... Is... Virtue...,1
i messed up my back/hip. it hurts so bad,-1
Tom graduated today,0
oh no Jess I hope the person is ok,1
aw now where`s that little asian girl who runs round pooping her pants in public? i miss laughing at her.,-1
Such a fun night. I needed the break. PS- I love you man is effing hilarious! Good night twitter world. Sweet dreams,1
He he ...Happy #star wars day! May the 4th be with you  Brilliant!!,1
Whole Earth Festival,0
revision...what fun...still I have thursday to do basically nothing,-1
whaaaat what about your house? You`ve been working so hard on it!,-1
3 shots of espresso aaaaand....nothin`.,0
OMG I FINISHED MY HISTORY CHILDRENS BOOK!!!! JUST NEED 2 MAKE IT PRETTY AND PRINT IT OFF AND IM DONE!!! WHOO!!!,0
This is why I got best dressed,1
ooh ouch!   lovely weather but ****! cover up sugar! x,1
I have no IPhone (poor credit!).    But I cannot live without my cell phone! I am on mass transit every day!,-1
umm how abt a comment like that :p 'i dont like this',-1
I am glad to hear that you are ok. Without you they would have to rename the show to  'Just Friends',1
**** just spent a week whole of pay on shopping  oh well i`m happy!!!,1
WORS bike race at camp this weekend=a total of 1500 people. Going anywhere Sunday is not an option as they race right past the house  #fb,0
up and reading the (maltese) sunday newspaper over coffee... Aaaah.. Glorious Sundays,1
I am sad today,-1
wats wrong boo,-1
im sick and sad its cold,-1
You`re not here. I hope you`re still resting.  I don`t want you to be stressed.,1
Cheers for that! Will have a look at that later and hopefully get sorted!,1
Feeling down again. Today is way too stressful.,-1
thinkin twitter is really quite borin,-1
Done with classes and packing for the atlanits!! I hope miley`s there,0
good luck! I have no doubt you will be hilarious. really hoping to see you dressed as some kind of foam food item  and go...,1
Waiting at the car wash to see what they say about Amara.,0
lol fine by me  long as its not the scary dude its all good,0
~Congratulations Daddy,1
so you should. You`re a fantastic actor it`s about time you got some recognition for it.,1
i wish there was an 'i like' option (like fb) for things like this,1
says numbers are all good - all that`s left is the white blood cell count.  http://plurk.com/p/rqo8q,1
Oh yah! My dad does that. But I don`t have a landline.,1
You guys didn`t call or come over  Did we do something?! Def. give us a call tomorrow and hang out with us chick!!,0
_lu Just one part of a very odd trip. You travel for 3 months you see some weirdness. Loved Perth though,0
wishes all you moms a happy & blessed Mother`s Day!,1
Sorta needs to somehow forget that its E3 in LA practically during my ethics exam and self-imposed revision time.,0
i want cafe latteeeeeeeeeee,0
wtf come i need this day to go by,-1
Was talking to Vincent  Miss him so baadly.,-1
i really should stop relying on my family when they say their going to get me lunch,-1
She didn`t make the challenge,0
i wanted to go for my birthday...,1
1 more day!,0
HAPPY MOTHERS DAY TO ALL THE MOTHERS OUT THERE!!!!!!!,1
I am doing Geography Revision on Earthquakes!  How Boring!!,-1
Month end... still stuck in my office waiting for the stragglers to get there s#!t together.,-1
tweettttt.,0
awesome! cheers man! don`t know if i`ll have much money left after todays shopping spree though!,1
OMG at that Almost in our 40`s comment!!  Same Bday as Joe here...But I turn 40...OMG....lol,0
thanks **** it went really well. I`m tired now though  hope you spoiled your mum-in-law,0
I`ve got a dentist`s appointment soon!  The drill feels like I`ve got my brain in a blender - not looking forward to it,-1
what a great day for a massage! book your appointment today  617-262-2220,1
I ate to much lunch...now I don`t want to work,-1
Late news then it`s off for some much needed zzzzzzz.......Goodnight Tweets.,1
wish i was 17 again,1
I was sad to hear they shaved too  I really liked the beards. I feel like I`m in the minority.,0
is slowly gettin more followers  vry slowly,0
i`ve just woken up,0
Stood outsiden got the WORST butterflies everrrrr!,-1
i will HAVE to agree w/ u,0
home in carlsbad with the whole family for mother`s day!,0
sucks,-1
Been working on my freakin` computer trying to save stuff on a harddrive and it seems I failed miserably.,-1
now i`m in hmv,0
would love to talk to you but i live in England so unfair,0
Just study according to the notes that you had to copy and you`ll be fine.,1
everything is good except that neck shot and Steve`s back of the head shot!,0
Don`t know who U R anymore!!!,0
8am math final wish me luck,1
Happy belated Birthday to Billy!! I forgot to say that on his bday.  I  feel aweful!,0
just got back from my exam... im surely gonna fail...now trying 2 get tickets 4 il divo! someone doesnt want us 2b there!!!,-1
Yeah it`s a really fascinating paper isn`****? Credit goes to  for the discovery,1
The case for my iPod Touch is literally falling apart.  So junk,-1
Today seems like it should be a good day! Even though my fuel pump is going out on my car  *~xoxo~*,1
Ahhhh....  The the wonderful 8-Track adaptor.,1
I`m so sad I wish I was going to,-1
happy mothers day to all the baby mommasss! rofl,1
Just back from bingo w/family -- I won over $1100! Fun night,1
Very tired from a day of awesomeness and cake    Now time for a bit of sleep.,0
i foot think it will let you since it.s international  but we have twitter haha,0
That poor goose.,-1
it says Lo`s page doesnt exist,0
Order Pizza from the Pizza Girl!  We have to sing about it!  I love that new song. so excited for the new song from JB PARANOID 4 days,1
Love to see that!,1
i wish i was still in my jams,1
my twitter looks funny  someone help!,-1
We are both following and I don`t think I have seen him online lol,0
Not had an offer like that for a while,0
loves finding new followers,1
_X sorry about that.,-1
#bgt Can`t watch anymore,-1
Alright...you missed one crazy party last night,-1
Doing accounts revision. Boo,0
Just got refused a bottle of morgan`s in tesco despite saying helen could verify my age...  shocking... Just left all the shopping! X,-1
Going to the gym early trying to get back in shape again. My husb got me a gift cert to swim w/ Dolphins for my BD.  Need muscles!,0
I`m getting me & my family ready for Kaylee`s graduation! It`s gonna make me so sad.,-1
i like OGBERRY,1
i can almost imagine what the call taker must`ve felt like taking that call...especially if they have young ones at home.,0
Down again   seems like it never gonna stop and I`ll never get what i want,-1
Absolutely! Just have a good backup for Romo for December.,1
i`m yours - jason mraz....looking for an electric guitar  yay!!!1,1
wishing you were here too babe.. we`d have a ball,1
- No I didnt get your text.....,0
just got back from Danas. watching Roseanne before I start to get ready for work,0
Follow both because I don`t know which one will send it. PS Dont get your hopes up because she may not sen it,-1
Is on her way home  aloha and good night everyone!,1
I just added a butt to your name in my phone after I made you go home in the cold. Because I love you!,1
whaaaaaat? oh no! why didn`t I know you were here?,-1
new guitar hero metallica guitar is already broken  #fail,-1
I guess you didn`t hear the grumbles when kindle came out with no cover. My purse +eink screen = shortcut to broken screen,0
tomorrow night would definitely work,0
really? awesome! we love it...and I work at buckhead church too. I love it all around.,1
happy birthday!!,1
I quite like baseball and bball oh and the odd gridiron match that a tiny tiny part of the worlds population calls football,1
LOL. Academy-ish. Haha. I really really miss O.B.,-1
Oh...ok...didn`t know that.,0
OMG... Folding my laundry and matched ALL socks to its perfect pair!  Good laundry folding day it is,1
goodnight everyone.,1
Struggling...selfishness and jealousy doesn`t get you any further in life... ohh myyy,-1
It`s Star Wars day?! Urgh I`m gonna have to get the videos out,-1
Nothing 2 do 2nte  Boooooooo! I`m totally bored!,-1
How did Day 26 go from a good budget video (imma put it on her) to such a low budget video (Stadium Music) The end may be near for them,-1
just cried all the way through the final episode of ER... and the `previously on ER` documentary about it!,-1
Evenin` tweeties. Phew it`s been hot! Not that I`m complaining. Walked 4 miles into town today and felt all hot `n sweaty   Was nice tho.,0
Nice lunch... Even better when mom pays...,1
get well soon!,1
Soooooooooo win the PowerBall jackpot then impose your formidable will upon the weather,1
Happy Mother`s Day to all you moms out there,1
You Got Twitter! Yayy  ****,1
At the dentist for Hopes first check up. Lets she how she handles a dentist.,0
If you don`t want to come then don`t come. JEEEEEZ.,-1
_Grenade The link 404`d.,0
If you save these pix from the Today show please credit www.wireimage.com Thanks,1
i got too do course work   i hate it it is hard this one,-1
(cont) when  told him that I love beans on toast. SO CUTE!,1
wishes Happy mother`s day to all mothers!!!,1
what`s going on ?,0
_ftw awh i`m sorry  i`m probably going to do the same thing haha.,-1
i know. it sucks,-1
Oh yum - rhubarb. These links are fab. Thanks,1
i hate my life big time its sooo poop gode i ould cry,0
(votes) sadly no.. but did you vote for my log yet?  I`m gonna vote for yours,-1
Morning back to all,0
when do the stars come out??,0
Going to workout + swin... fun,1
dedicating the next 2 hours to cleaning the house,0
OMG THAT`S AWESOME. this is the first time ever i`m not seeing it the day it comes out. Demi is taking over my day. haha,1
i feel extremely depressed right now.,-1
thanks.  I`m self so I don`t see the 'my Account' area.  I`ll have to dig deeper it seems,0
got FOXY_ a new brew buddy now my kitchen is gonna smell,-1
i totally owe you a week of on-call duties.  i appreciate not having those while jill is in town,1
....if you see Christoph please tell his lunch was packed this morning and he left it in the fridge,0
I do hope many of my new followers are from around Sydney Australia  Welcome to my tweets anyway.,1
So tired & ready for bed!! Really in the mood for salt & pepper chicken wings & noodles but have no money on me for a Chinese!,-1
I went to the World Education fair today. It was a whole different kind of circus.,0
is hating the weather. UGH.,-1
THAT`S A SHAME REALLY,-1
I ake it you`re at work then and not lazing at home on a sunny bank holiday.,1
acsvxdcbgfn soccer now. shall see young phoebe after D: I don`t want her dressed up though,-1
Starving. And Alyssa`s mom would bring her subway.,0
2 days till birthday! I just hope the weathers good!! And it best be good on thursday and friday! Otherwise il scream! happy b`day keiron,1
Likewise. But I don`t know anyone who uses gtalk and the likes so I`m not holding much hope,-1
Waking up at unGodly hours to go to work is starting to get old. At least the coffee is good,1
About to leave the fights. I`m tired and my voice hurts.,-1
its ok. im juz curious,1
going to get waterguns from tesco today   haha.   its sunny.,0
I dunno...I thought I was funny,-1
I WANT A GARDEN  sitting inside when it`s sunny sucks.,-1
Setting up bookmarks on my new Blackberry Curve. Now anyone from work can get ahold of me at anytime!,0
night twitter lovelies. happy yo momma day. i luff you mummy,1
Oh snap!  Just broke my windshield while replacing my wiper blades.,-1
The Veronicas are gonna rock the stage tomorrow  HAPPY MOTHER`S DAY EVERYONE!,1
it`s because you`re popular,1
that`s SO YOU!,0
you must ask the Cubs fans. I can`t fathom it myself.,-1
the happiest place on earth  j`adore,1
made breakfast today......Happy mother`s day ..,1
Hum -1 for Bill Bailey,0
rented bikes + unknown trail with random bumps + big hills + kids = one beat up little girl. Not a good day on the B family vacation.,-1
I had so much fun tonight!! But i am soo excited to get home and go to sleep,1
d`aaaaawhh you`re so cute,1
aww bradie loves perth  I love the ad at the top of his page too lol ****,1
I don`t wanna be a **** when I go to Europe. Need to eat right but it`s so difficult,-1
All the money in the world could never make me as happy as being a stay-at-home mom with my son,1
I think the very late night on Friday just hit me  off to town to meet a friend soon for ice cream and coffee,0
i wont have time to buy  and i need a new binder pa,0
really hates delayed trains especially 44 minute delayed trains. Now going to be late for work,-1
OMGoodness back to school soon FUN!,1
I was watching Parental Control,0
the rain was pretty nice. I only have 150 meters of cobbles on my way here,1
exams. thennn some sexy time.,0
'Up' is all sold out!!,0
- I enjoyed seeing EVERYONE that presented on Saturday at the Clark Howard event - Especially the 3 pre-clark speakers,1
nature has just called me  BRB,0
**** no dublin,-1
yo yo yo! i like ice cream,1
Just downloaded music for over an hour.  Love when that happens,1
**** right!,1
is getting ready to go over to the apartment,0
_kelly Bummed about the maxi dresses!  I think they`re so cute for summer but I`m only 5`4'!,1
Im in so deep its disgusting. I would even take a LITTLE help. BUt alas i sense it will never happen . . .,-1
Yay!  SNL is on!,1
taylor swift`s 'you belong with me' is so amazing. love the mv!,1
have a good show,1
morning David have a safe journey and enjoy your time in the states  ****,1
Thanks! Fotoreportage coming soon,0
Grabbing coffee from  then making mom breakfast,0
Bye ! Have a great time being whisked away,1
Just wrote lyrics to my new song exciting!I slept on a full stomach again it`s the worst feeling waking up and still feeling full  euggh,-1
If you are new and in need of a few followers say 'TWEET ME' Person with lowest followers will get a shout out!  U have 30mins,0
Played the Eclectricity Festival @ The Custard Factory last night was an UNREAL atmos right till the end! Glad i played last set,1
Going home to get clothes,0
NO GO ROVE GO THE MCMANUS`  adam is cool tho,0
that`s cuz you`re cruising the twitter #nightshift now,0
is allergic to you...Oh NO!,-1
omg i just slept like 18hrs in the last 22hrs...  i think i`m dying or something   reminds me of catcher,-1
Ugh worried about my math test,-1
Touch My Hand video = simply amazing.  Love it.,1
Thanks! I registered,0
Done...now another gem of a day in Cape Town,0
i agree with  spongebob is better,1
Is wondering why my messages aren`t going anywhere ;( I am trying to learn how to tweet & it isn`t turning out so hot,-1
Yes! I love him. I have seen the eps so many time that I quote his lines with him.,1
omg in your pic youu look so cuute !,1
Sounds like you`re in for a great day!  Enjoy,1
THANKYOU!  <3 iloveyoutwoooo,1
not a lonely day after all.,0
Cleaned the screen on my new PC DOS machine and took another 'screenshot'  http://bit.ly/QLzP2,0
I need some cheering up,0
Drinking bud light lime,0
LMAO...Ha! No I just simply wanted to go to NY!,1
this week of mine was not easy!  but finally it`s over! (:,-1
Reading through today`s paper along with some watered down coffee compliments of my `rents...,0
dude i will check again but i couldnt find anything  haha i am capital ****-E-D,-1
Ready to crash!...had a great day and a FUN night! I couldn`t ask for anything more  Night!,1
Sitting at home watching ATL for the 2 time todayy  Waiting for Jess to come at like 630 then go get Marg and head out later to Second Sat,0
dude fail.  i know exactly where this place is too,-1
I can`t stream videos on my phone,0
so true...and so poetic! beautiful,1
thanks Janis,1
I know... It was just a joke... all in good fun...  some people get my humor & some don`t...,1
DANG! I just ran over a bunny on the way home.  Why do I feel so bad? And Why do I have more compassion for animals than I do humans?,-1
i know ridiculous! we never got to hang out  i love chicago and want to go shopping... so a trip sounds like fun,1
Why are the sinks in hospital toilets so low? Now the **** of my grey suit is spattered with water! Just in time for Physio,-1
Eating some ice cream cake  its bomb!,1
_tv I hope Shatner didnï¿½t address that message to philosophers. Weï¿½re doomed if they stopped thinking,-1
my brother left me for the day now I am here by myself,0
im @ the eye doctors & had to bring trinity with me cause my mom fell down the stairs today & broke her toe. ugh,-1
at home and sore knee,-1
Legs are hurting because I was standing up all day.,-1
Hello Twitter,0
You know you`re too old to party like a rockstar when....you realize no one else claps when they dance. It`s just you,0
I ALWAYS miss out! I wont be able to commence in the foolishness til` the fall  But come fall I`ll be visiting!! YAY!!,-1
love session 2 of king of queens,1
Ugh talk to me someone  I`m really bored.,-1
i feel like tweeting you for no reason. so um hiiiiii.,-1
favorite shirt ruined:death by bleach  #fb,-1
: haha i know  it was super easy too. i sat at the toy counter and gave kids what little toy they wanted with they`re tickets.,0
i see 5 faces in that thing. but no more  ****,0
Was watching  downstairs  Now getting ready for bed. Piano in the morning.,0
WAH. i`m gonna miss bowie people  ESP YOU ALYANNA BONDOC <3 and Cesar. D:< I dunno if I can survive without my SOSA!,-1
Hey Mr Luketic! I don`t have your number to send by phone.  You can email me at heathfox.com if that would be ok.,0
HAPPY JUDDDAY,1
Just finished taking world geograhy final!!! I think I did bad!!!!,-1
people with mustaches get super powers and mustaches. no fair.,-1
My dad`s drunk off his ****. Today was successful.,1
falling asleep and waking to gun shots arent fun,-1
this goes out to the one n only smirker   cheers dave!  aka jak  aka the best chest ever! ? http://blip.fm/~5jjcc,1
Too much sand in the SD 790 from pismo this weekend. ANOTHER canon powershot broken. 2nd one in a year  What to buy this time...,-1
oh how the ladies will suffer now  LOL,0
and this terrible cartoon that`s supposed to be mexican.,-1
fighting again,0
Apparently today is Happy Star Wars day.  I`m suppose to say may the 4th be with you.,0
Heading to the airport,0
bought beer today,0
has been kinda nice break but it wont matter soon I`ll be in grad school,1
Shower day.,0
just trying to make you feel at home?,1
_Kel_17 ehh carnt stand hot weather,-1
watching Justin Timberlake on SNL,0
I`m so sleepy my head hurts.  gnite lovers! See ya in that am !,0
Stu Lantz is awesome! I miss Chick Hearn tho,0
Shoutout to Reyah my fellow Philly homegirl we`re both making the best of hard situations  (PUSH) pray until something happens.. much love,0
job hunting. yay.....,0
I don`t know what to wear....,0
in the sun and changing my default icon just for you  what`re your plans?,0
****... It`s 2am and I`m wide awake,-1
OMJ! The 3rd episode of Jonas is too great! They are so funny. I wish I was the Pizza Girll. Lol <3,1
Oh no,0
aaaaaaaahhhhhhhh I hate the Internet  When will people learn 'native widgets are always best',0
i totally need to go to the doctor for my arm...this **** is STILL hurtin like hell      i shall return,-1
Gonna miss Thick As Blood next Friday,0
It`s  last Friday today,0
Too tired,-1
I am having a pretty good time at work talking **** with one on  the gymnastics gils,0
thank u!!! u kno ppl already look @ my chest ne ways might as well give them somethng to throw them off! LOL!,1
I know.  There`s no reason for any of that.,0
wishes that she has a private jet so that she can go see her BFF @ times like this.. ok ok..ot really thinking of carbon footprint here.,0
Enjoyed x-men w/   now it`s time to rest up for this drive home...happy mother`s day twit-moms!!!,1
Starting to get sad.,-1
I am following Mya,0
ughh feel rubbish,-1
I`m sorry you won`t make it.,-1
Now I`m at a doppppe rock show in the LES .. Moshie moshhhh pit  http://twitpic.com/4wkhi,0
Hawks lost but it was a good time,1
I missed Match Game tonight    I hope I make it tomorrow night.,-1
Very sad that my camera is in the hands of the Geek Squad. 2-3 weeks!,-1
and sorry that sounded like a 13 year old texting!!! Just tried TweetShrinking built into Tweed Deck  Just another cool feature.,0
Definitley Miley,0
Someone in UNITED STATES liked Eleminis http://tinyurl.com/dhlq5t,0
u mean VIP this time ? coz of the KBS thingy ? haha..,0
Me too   haha I did but have no credit,0
i have the bigggest headache,-1
Waking Up In Vegas is goooooooooooooooooooooooood,1
Wow! I am impressed Pastor Lucas! Great work!!!,1
I want to talk with but the calls are so expensive  I LOVE YOU,0
Can you ask Ryan why he stopped following me on Twitter,-1
Hey thanks for following  Love the name Elijah thats what im going to name my Son,1
Wonderful! Let me know what you think. Not light reading,1
Haha I like that. You`re actually saying thanks to the bots! Never looked at it like that.,1
wooo...my luck is done,-1
Strange there is a 99 char limit to tweets on ustream   (GeoGeekTV live > http://ustre.am/2TOa),0
you know you want to come keep me company whilst mum`s at her friends for the night  it`s such a nice evening!,1
going to take my last final ... wish me luck ..,1
You never write back babe.... my feelings are hurt,-1
classes. n bout to make sum breakfast..,0
Aww man I left all my laffy taffy`s at work,0
omg i realy can`t sleep ughh,-1
Oh no!,-1
ur there when I`m not  lol,0
I told u I tried but 88 said it was 2 late  cause the girl I was with took 4ever 2 get ready. they wanted to meet up by 11.,-1
#itsucks when everyone but the one i want to text me is texting me!,-1
tierd.i just want to talk,-1
say it isn`t so!,0
I don`t seem to have any photos of me and my Grandma together for tomorrow. It is heart breaking,-1
SoCal!  stoked. or maybe not.. tomorrow,0
Its 1:11am and both my girls are still up! .. im so tired ..,-1
We`re practicing our blackjack skills. It doesn`t look hopeful.  http://yfrog.com/0l2tsj,-1
says np- Because of You -- Ne-Yo  (music) http://plurk.com/p/svm3r,0
Aw thank you. I suppose it`s a good thing since it means more tweeting.,1
Wow that is a scary statistic,-1
A little `Chair Lift` tonight would be muchly appreciated,1
go and see my puppy! I don`t want to be there alone,-1
So you`re gonna make me go alllll the way to the store??? LOL  I have to find one...I`ll Google.  Thanks.    LOL,1
Where were you on Wed night?,0
Time for a clean up.,0
) no more Chemistry!!! I`m gonna choose English. I find it (Chem.) kinda boring in the end! gonna help people < who choose Chem>,-1
trying to plan a huge birthday party by myself,0
oh i just check my stock port. My marketing was unable to buy me TICON at best price,1
has heart burn,-1
I am horrible at appraising peer work. What are these Americans thinking when they compose poems? Or maybe I am the one with the problem.,-1
Ooooh Kay! Its time for me to stop twitterin and get going...,0
I wanna say happy mother`s day to all the mom`s including mine love u mama,1
oh thats hard-going. I`m writing a book at the moment so am motivating myself to press on with that.,0
drag me to hell looks so freakin scary  watch terminator! it was really good.,1
spent all morning watching Eddie Izzard`s Glorious! SO funny... realli shud hav studied thou...,1
Getting ready 2 leave 2 a girl scout metting..Don`t feel like it but I have 2.....,-1
Ready to go home  2 more hrs of wrk,0
me too  Thats why im driving down to Cali in July for HIN Pleasanton.,0
those were the good days the jetsons comes on right after finltstones ! i missed it today tho,0
*hugs*  I`m so sorry.. anything I can do?,1
Thanks so much Jon.....same to your mom    That is so sweet of you to think of all of us,1
awwww... I`m sorry! I changed the picture... just for you! Because you rock like that!,0
Just finished filming for the day  another fun day on the set! Hahaha!,1
doing more uni assignments,0
fantastic day in the AZ sun,1
Ahhhh I think the rain is gonna begin shortly,0
I want korean bbq so baddd but no one can come with me,-1
Rest then. It`s your day off!,0
_WSt the wheater here in Austria should be bad for the whole weekend. Sorry!,-1
Driving home after an ok night  Iwish,0
Very lonely here in Gosforth gallery  but excited for meal at Six followed by Antony and the Johnsons tonight. Woohoo!!,1
I sent you a FR yesterday.,0
everything is good except that neck shot and Steve`s back of the head shots!,0
nah i followed them first then they followed me. i think 12-306 overnight is pretty good,1
My record player has decided to die. Why on Friday night? Sad E  http://twitpic.com/667a4,-1
Funtime was not a lot of fun!! But finally done with it,1
I agree with _Crazy it`s not worth it - block them & let Twitter police know about harrassment.,-1
Hope you mom is okay,1
lookin forward to a lovely meal out for grandparents 75th at posh italian,1
it`s kind of hard to see a pic of a doggie if the pic doesn`t exist,-1
_avenue Love your website! Wish I lived closer to sample the cupcakey treats,1
Yea baby!! Im gonna miss you so much,-1
I heard that you can`t make it!!,0
_com Ohhh got it. It`s the 8830 I think  I miss the Pistons  I really hope Joe D cooks up something big!,0
TY very much for FF,1
many thanx guys,1
Another day @ Casino de Montreal,0
Relaxing,1
How is everyone on this fine Monday?   what is everyone`s opinion of the new Wolverine movie?,0
ugly girls always insist on making ugly faces!  ugh!,-1
sprained my ankle  like really badly and tore some stuffs. it hurts! and its my birthday weekend,-1
? THANK YOU  sana matanggap ako  http://plurk.com/p/x1yts,1
I am so sorry!!  That really sucks,-1
looking forward to the finale of the RACE next week! Missing my castle girls though... Any and all Race fans welcome to watch chez moi...,0
is now going to see his very ill uncle on saturday and the night at his house as even more bad news has come up,-1
omg!! I`m tweeting sooo late sorry I miss u 2 good times ...NO I didn`t marry him still great friends,0
I kno I kknow ... sigh... been on. but it sux,-1
she said no,0
star trek was grtsat bggeting drunk now,1
i know but it will make us all watch the awards on sunday! lol..i want to shower and there is no water!,-1
thats a bad start to the day!,-1
It`s fun to see that glimpse of your life,1
life`s good,1
I had a double cheeseburger and fries from The Golden Arches....I will be sicker than a dog tomorrow.,-1
It hurts to breathe again.. Why?,-1
I`m in a traffic jam,0
Thank you.,1
Strawberry margaritas + baked stuffed shrimp =,0
Stupid shopping bags left a red mark on my arm,-1
Getting all annoyed cos this weekend`s going to be hot. I`m bloody working,-1
good news: finally finished my #EASactive workout that has been paused for 6 hours. bad news: my resistance band is torn,0
AHHHH my keyboards getting worse :/ my BDAY`s in 1 more day,-1
I`m bummed that the  contest is only for the 48 states   What about Hawaii??,-1
_cowan oh cool!  I`m gonna crash and sleep. I have been like 40 some hours working lol,0
We forgive you and we have missed you!,0
lucky! been beggin for jury duty for years...they dont ever send me notices! just notices for other people to my address!,-1
I figured you`d be bouncing about it,0
Lovely hubby has just spray tanned the back of my legs for me so hopefully won`t look like an allsort for much longer!!,1
Good Morning  Plan for the day: Church followed by F1 & lunch at mum & dads. Then DM discussions of Star Trek!,0
_sb I swear mine was evil  it was green and everything LOL,0
BREAKING NEWS: The broiler at Burger King is down. There will be no burgers at Burger King at lunch!  At least Chicken Fries were there!,0
Ugh Final Exam today....Ready for my Summer to start.,0
looking at tabs for all of the 'Boys Like Girls' songs,0
did you kno that  is amazing  and i`ve known him since he got twitter and his most tweeted words are `know` `haha` `****`..,1
Heart To Heart Mom To Mom Open Talk Mom  http://bit.ly/kn3Mp,0
sorry - didnt mean to   hope you can think positivly about being 80 and looking back on 30!,-1
Toast in the morning,0
Happy its the weekend...LOVE has knocked me down ya`ll!!!,0
I wish I could play guitar..... my guitar I got a few christmas`s ago is collecting dust! I need to learn! haha,0
Yeah yeah? How the heck are you anyway? Sastch it up again this year? I had to bail out for lack of expenses,0
mama the boys gon be sweating her hard in Pre K  lol muah,0
Feeling so low and depressed that I`m not on holiday,-1
I couldn`t find P4 so I couldn`t show Brantley my feet  and now its raining,0
compliment taken. Thanks. Key is to be yourself,1
I`m soooooooo hungry right now. DH is still not home.,0
Awesome! Wish I could fly out to see her,1
has two tickets to Amadou and Miriam for Tue. June 2 that I can`t use  $25 each to anyone who wants `em. That`s face value. Should be good,1
i am going to be disgraced with myself for life if i don`t make it in next year. being a perfectionist sucks. good luckkkk,-1
Just got out of the VAST show & IT KICKED ****! Just as mindblowing live as on CD. Sang my fave songs. Im n awe!,1
mattress armada needs to play a show soon or i`m going to be seriously sad,-1
ah . thanks .. appreciate it,1
At Piece now  Possibly Beachwood in a bit,0
Your Steve Chai sounds awesome. *wishes she had one now* But I`m stuck with: Idon`tknowwhatdamnbrandcoffeethisis,1
cant wait for prom and after prom party on friday,1
shut up.,-1
twist cld u follow me  ill love u forever,1
I must be the only fool in twitterland that doesn`t get retweet!!  #sadsville,-1
http://twitpic.com/4whaf Tonight`s art show was a success.,1
Wondering if I shouldn`t be gettin to bed about now...,0
Don`t let the sun catch you crying - Oh my.. so cool  http://tinyurl.com/cugy8c,1
_Daughtry  FYI Canada cannot see the VH1 preview of the video,0
watching matilda with a bowl of noodles,0
Just had my hair cut it looks like ****,-1
Almost all are here now! Tomorrow at 8 we start! 291km`s of mud  - http://mobypicture.com/?zx33t1,0
wishes she would call him ...   *hc*,0
MILEEY HOW CAN I VOE IN THE MV MOVIE AWARDS ?,0
its getting really windy out there,0
Just got bullied by Dillah.  HELP!,-1
Dang! My voice wont came out! And my snots is covering all my tissues... DANGIT! I hate FLU!,-1
at school. Rusty just put Oh It Is Love on my ipod. awh,1
says karma strikes more than twice!  http://plurk.com/p/rqk2z,-1
Hey! It`s so funny - I stopped to get a coffee on the way in and spilt half of it in the car!,1
Wow... I was tricked into the #hoppusday hype today....,1
wants to go home and see Erin,1
Had a lovely day yesterday. The weather was great! Now stupid slapton,0
PLEASE come to Minneapolis/St. Paul area!!!! I looked on your schedule but I don`t see anything close anytime soon.,0
just got in. I have the best friends,1
philosophy final today! thank you  it`s 3 days now!!!!,1
I don`t have the app that does it,0
Ugh what an amazing night. Time for bed! I know i`m gonna sleep well. And with no getting up early!  good night!,1
shopping in Keswick,0
i can`t i can`t i can`t  i`m sad.... i`m from venezuela!,-1
how was your day ? boredom stuck my head,-1
Part of an AR-15. Actually the only part of one that qualifies as a gun. You have to be 21 to buy them without parts on them.,0
Oh no! I used my internal sig for an external e-mail  ****. #fb,-1
maybe you need to start a 'wholey created by evolution' or 'wholely composed of matter' flickr group,0
free hugs with my super fluffy robe,0
I am also very tired,-1
lol! I don`t know! but you dont need the plant! I`ll give you a hug instead! Hugs!,1
my tummy hurts  i blame last night`s chinese food.,-1
Hubby needs a vacation  Thank God we`re leaving for Myrtle Beach in a week!,1
Morrningg  just slept for 12 hours and now i have a headache D;,-1
_carter it says the video is private... and won`t let me watch,0
@_erica /hugs those are the worst. Mine used to be really bad on the first day..sometimes can`t even get out of bed.,-1
*pokes and runs away* ... I WANT SUGAR !,-1
selfupdate and clean ruby fixed that part but now its failing on rb-rubygems,-1
shouldn`t have stayed up til almost 2 reading 'rules' but i did. such a good book. totally worth the sleep deprivation.,1
ScREW MY PHONE. ITS BROKEN. DONT BOTHER TEXTING.,-1
Happy mama`s day to all the mamas.,1
Ok then have a good day,1
Oh boy this is going to be a loooooong day,-1
ask mark if he still has that old blink sense of humor!! i miss it,-1
i was in a hospital for a week and a half pretty much on the virge of dying.,-1
long weekend is over... looking forward to end of May then,1
ummm.. sure! i miss ya`ll alot too.  i think you know who i meant.,-1
On twikini while enjoying the sun,1
wow! you`ve been tweeting all night!! looks like you totally made up for the day,1
i know... I don`t want to be left in our home by myself during the weekend...,-1
mines curly atm  i want mine to be straight lmao,0
I`ve just realised - 400 FOLLOWERS! YAY!  ****,0
watching 'la rosa de guadalupe' damm this episode is so true they are people that make fun of the people that are virgins,0
Who doesn`t know who The Supervillians are Fails. I saw you both in January at The Warfield in SF.  LEGIT SHOW FOR SURE.,-1
Just started feeling bad again  ugh. I hate it when I don`t feel good!!,-1
I dedicated today to Mothers Day videos because without Moms (and Dads) we wouldn`t be here tweeting.,1
just had a great talk with grace about how awesome God is and how he works...that somehow started with how remote controls work,1
it`s nto as good,-1
is wishing all of the mother`s out there a very Happy Mother`s Day!! Love ya!,1
Really disappointed I can`t make it to bloomington for  launch party tonight  if you`re around you should check it out,-1
Trying to figure out how to personalize my downloaded Wordpress blog!  Not as easy as I was hoping   Any suggestions?,-1
Morning all .. just into the office now,0
its not just you - its properly dragged this week,-1
_pinkapple Not much on for the weekend here. Off to Knox shortly & definitely must get into the garden. It`s a wee bit neglected.,1
thanks  ****,1
http://twitpic.com/4w483 you guys look so nice,1
everythings fine now,1
busy exam week coming up! always look on the bright side of life  *whistle*,1
Hey fellow Trojan..congrats on graduation.,1
Just watched Camp Rock  Eating raspberry ripple icecream. Awesome,1
Happy Mothers day!! ****,1
is stressin h-core. and is supposed to be cleaning her room. and feels like ****.,-1
Headed to eat with my hubby n my mommy!!  So ready to have some drinks...,0
Hey im a fan from New Zealand. Loving the show even tho we are soooo behind in the episodes! haha. Keep up the good work,1
I would notice...,0
My new landlord just called.. I cant move in until tomorrow morning  Way to rain on my parade..,-1
No http://twtvite.com/3koyqo #twtvite #aptw Have to miss this now because of other engagements,0
Kewl Sounds good. Will wait for it. Thanks,1
_ i wanna go to the pub,0
Getting dizzy. Going to have to lower my original raise. Please don`t think any less of me.,-1
Why are all the cool classes being offered this summer?  Boo.,0
met the shortest line ever at FCB Tunapuna... then the tellers disappeared,0
Living my life,0
_Pritchard how come i dont see more of u? how come i dont see u at all is a better question lol. that needs to change mister! im sad,-1
DAMMIT! lets have a private session,-1
Rain. One more reason to stay snuggled beneath the duvet,0
At branding iron with drea! White boubous and **** can get down! Haha crunk! For the next couple hours! Haha fun times!,1
can`t you write a song without your guitar? i thought you could  look for something to do!,0
aw i`m sorry  i was rooting for you just to let you know!,1
OUCH! my earphones just shocked me,-1
@_TWEE haha thanks to you that`s my new word for the week! ****,1
I think I should... But with who? Hmmmm. Maybe a friend in ALASKA,0
I`m so depressed right now. IDK...,-1
i could tell its gonna be an angry day...,-1
Had parent teacher thing yesterday!! So boring going to skl on saturday!!  lol,-1
argh! color me jealous! That rain I asked for the other day still hasn`t gone away,-1
dope background,1
Doubtful! It`s going to be on 24/2!,-1
oops i did it again...really shouldnt have.,-1
I picked up a taco over lunch... you got a guitar.,0
Im glad you`re a lot happier barakitten  <3 see yah in july,1
Wish I could be there to enjoy a girls day!!!,1
LOL #yourock,1
Why the **** can`t I be over this ??? I feel like crying bit I realy don`t want to  why is this bothering me sooooooo much !?,-1
my thumb hurts after breaking the nail....,-1
right. coursework now. PROMISE,0
Finally making some headway in the family room!  Home is finally begining to look like it!  btw dial up can go die!,1
always excited for a new chapter in my life. just didnt expect it to be so emotional.,-1
I want to wish all the Mommy`s a happy mothers day!,1
sti`s doin` just fine  how bout you?,1
alright don`t want you to overdue it now. LOL you are funny  nite nite,1
YAY!!  I was supposed to be there next weekend. But its off now.   But I`ma make it out there...I <3 Philly.,1
did you not think of texting me that!? I`ve just read it now lol! Figured out the html on my own.,1
Comp. Mental Health wouldn`t take me. Samuel Rogers center in the city gave me appt. On June 8th. I have 2 days worth of pills left  < ...,1
Finally managed to catch her boyfriend on skype... sooo happy now,1
don`t have one yet  but hopefully I`ll be ponying up for one soon because this 15' is definitely hitting a wall,0
You`re still welcome - the door`s wide enough for your zimmer frame,0
I think the x3 is confusing ;-) can`t believe that many peeps will know that it should be a heart,-1
... that`s all,0
Always get my hopes up too soon...we were soooo close,1
I Love All Time Low,1
CAKE is sold out at terminal 5,0
love the stuff he sell... you should help this guy with his logo and shop  it`s kinda Wordart,1
Wow that`s very Buddhist o_O HOORAY JEWS,1
hey twitter! i`m back online!,0
Watching some vintage topgear,0
Download Backseat Goodbye`s latest album for FREE!  http://freecd.backseatgoodbye.com/,0
you need to follow me so I could send you a direct message.,0
Took a short nap now Im ready for work. My sun burn hurts,-1
I miss you guys,-1
flew Brisbane - Lax today.  Great flight.  Love the lights.  Shame about one drink limit though!,0
Enjoying my weekend with my sis  ****,1
Wishes you had teased me with movie night,1
I am not doing much  all well!,-1
everyone follow  and  ! they are amazing,1
joining twitter,0
she fell into deep crack in the glacier  so terrible,-1
you ever come across something that reminds you alot of the one person that completely broke your heart? cause i just did,-1
just got my first lesson in when rain meets my white  shirt   if one more man tells me they like my bra on more time! smh,0
trying to upload one thousand photos!!,0
() My chick wont shut up  Will only stop chirping if i sit with the bloody thing.,-1
goooodnight everyone!  and Happy Mothers Day to all the mothers out there.,1
So glad the days almost over... Another nite of me nd my pain pills alone at the crib lol. Ughh I wish this weekend was over alreadi!,-1
Dancing was alright todayy still doing Jai Ho!!,1
Thanks! I appreciate it  I know my unsubscribe list will grow tomorrow LOL,1
THiNKiNG 0f HiM  <3,0
lost my tooth 2day whilst i was eating gum...oww,-1
my attempt to sync facebook and twitter seems to have failed,-1
Ugh.. Fricken Internet is down. Can do like 0 work without it. I want back in college just for the connection,-1
haha  i did! many times before!,0
missing him so much. why does he have to work  can`t he just spend time with me and get paid for that lol,0
thanks everyone for praying for President Aquino.  http://plurk.com/p/rreml,1
then i kill Bradies gf and have Bradie,-1
I just lost a fight against  on Tweefight. I lost  Please revenge me! Try now http://tweefight.com/?opp=hangy,0
Roll on Thursday,0
Off from work now!,0
i love mandy moore so much  and also angela,1
When will Medhurst play again?,0
is full from a nice dinner,1
_x little Taylor? i feel sorry for the way she spells her name,-1
Bumping Air Supply`s Greastest Hits,1
_lawrence did you forget something this morning? you nearly ran me over at the bottom of the hill!  its very very warm in the shop! x,-1
blast from the ****`ing past. NTS why must you suck so badly at school?,-1
I wish  I could choose what bands played trash on june 20th...hmmm!!!,1
Happy Mother`s Day to all the mothers out there! Do have a good and enjoyable day,1
congratulations penjiiii !!! Are we calling him soulja boy or mcbaby lol,1
OMG SO srry to hear that,-1
what lol?,0
I`m having the same problem,-1
you suck,-1
Nursing sore back today,-1
Chatted with my old schoolmates. Awww  I miss my Highschool.,-1
http://twitpic.com/67jzp McFly concerts through the years [H]... Don`t have my `06 one though  :/,0
Hello Everybody   `Tis a cloudy day here in Amanzimtoti today.,0
LOL.  Leave a kid on internet and the kid will do stupid things.,-1
my favourite song tonight is cheer it on by Tokyo Police Club,1
u go to profile then ill help u from there cause ur right next to me!!! he he he,1
Appending the #verticalchinese hash tag is a nice touch.,0
....yup stil at work,0
had a awesome day!,1
nomatter how much i sleep am still tired  either going to sleep early or late....,-1
We never miss ICarly - my son has a huge crush on Miranda,1
Happy mother`s day !!!!,1
still shoesless  que ardillaaaaaaaaaaaa!,0
youstinkatrespondingtotexts!,-1
Gonna miss the girlys soo super loads! Wish I wasn`t going for 3 weeks! It`s wayy to long,-1
arrgghhhggguuuiiissshhhh no idea what to do for this modern assignement....  Burma or Cuba???? eeeep help!,-1
promised myself not to eat crisps but im starving and theres nothing else quick to eat,0
F...you very very much  willkommen im Twitterland,0
This is a much better tool than some I have come across http://www.tweepular.com - Twitter Karma on Steroids,1
Getting ready for a long weekend of work..friday Saturday and Sunday,0
_radio i`m too awake now  ill have a nap this afternoon,0
tonights been boring!,-1
crazy kids won`t nap!  I think it`s the heat... and I still have to tell them that they can`t go to Grandma`s cuz she`s sick,-1
in media still havnet found ipod,0
That`s more like it - 3rd  #fb,0
Finally came around to shorten my Twitter username from  to . If you follow me - no need to change anything.,0
I see...,0
it`s like 20 bucks for 10 shots  what kind of camera do you have?,0
:visiting my friendster and facebook,0
Happy Mother`s Day to all the mothers out there!!,1
Cavs has the easier route than Denver.,1
Wishes  a Happy Mother`s Day!,1
happy birthday man! my ride to the wedding  i`ll see you guys soon though. you play here JULY 27th!,1
17 hours left of being a teenager.. and ill be sleepin for 8-10 of those hours.. how depressing,-1
i`m listening butterfly fly away  daddy i lov u mamma i lov ya,1
Y AM I STILL AWAKE!!!! SMH.... THIS SUCKS!!!,-1
Dinner with the fam... I have missed them,-1
I hear you ...,0
NO MORE MSHS!!!!!!!! Gotta go to work...too tired,-1
Maybe it had a hot date with a nice little Cesna.,1
Got back and putting in the laundry. We got in there last  o well as long as its clean. #DSAA09,0
soo sick. i hate my life,-1
Gutted your not playing Kos in July Jules,-1
Aww that`s still awesome. You had fun though I can assume.,1
I fall asleep and didnt get to see the jonas brothers web cast  ... Still tierd,-1
I was sleeping soo good but just woke up like 10 mins ago n got sick  not feeling so great. I wanna go back to sleep but I`m wide awake.,-1
possibly going out tonight; is there ANYTHING to do in Lancaster? I miss Baltimore,-1
tell pete he looks sexy with a beard.,1
just got home from the City Lights show  yeahhh!,0
I want to hit that,0
Yucky!  Time to bring out the vaccuum and go to War. Our house is always a spider haven for some reason. Not cool.,-1
watching Destrey videos,0
I miss having nothing to do except lay out beside the pool every day of the summer.  That was much better than spending all day in class.,0
At work and really slow for a beautiful day and a Friday.,1
self-portrait week http://unbecominglily.blogspot.com/2009/05/announcing.html  would you like to join in?,0
Somebody accidentely sleep for 3 hours instead of 2 and now I can`t hang out  WORK BLOWS! sorry _jones20 and,-1
im so tired of my responsabilities i wish i was a kid it seems that everyone around me is all about money and not me anymore,-1
_78 Elaine`s my online mommy too. She gives good advice.,1
_mcflyandjb its okay!!!  x,0
i don`t know what i`m doing  i feel so empty LOLLL cheesy but true :/,-1
Well it sounds like sum kids with matches lit sum grass on fire,0
wish I can go to the Roots pinic,0
: sorry forgot that,-1
o i c. i have no excuses i just love bein comfy,1
now my ds just died  whatta letdown!,-1
We`re going to panahra for dinner.  miss you guys.,-1
Anyone got any remedies for neck pain? Haven`t been able to turn my head properly without a bad twinge for a few days now,-1
this is a horrible day.,-1
im feel verey tired  madry chasawy 9j !!!!!!!!!,-1
Now to go home and cry,0
Hanging with kevin tomorrow!  out goes being productive.,1
tripping through tiredness is nottt nice,-1
Kinda feeling in a reggae mood.... hope you all enjoy the smoothness on this lovely weekend,1
- So sorry Ambien got sick.  Perhaps work her ashes into the garden with a catnip plant?,-1
Enjoy! Family trumps everything,1
Recogns he could get his assignments out of the way by June  bring it on,0
Hi Its not about howmany people follow you its about how much you help others,0
35 hours in the sun=rash,-1
I want noms,0
Who thinks I should start doing iPhone App Development business? @ reply to win an EasyWriter Pro code!,0
see you..... 08.08.09,0
wow we r watching the outsiders  smelly english.,-1
Just investigated whether I could change my username to Ermintrude - someone`s already nabbed it,0
Had a nice chat with an old frnd... its been a while since v talked  was fun...,1
so tired from school and work. shower than neighboures.,-1
**** QW,-1
_chick Hello,0
Bored... Some vector ****... Off to work after this class..,-1
HaPPy B-DAY Ma Freaaaaaaak  <3,1
hahaha. tea at grandma`s was sweat. yep.,0
doing some DIY- I`m dying mg clothes black again...save some money,1
Pub crawling through NE pdx,0
will be MIA until june 13.. finals,0
Happy mothers day everybody,1
Sunburnt  Gutted! Hope it`s faded by tmw!,-1
Last free Friday.,-1
plus it hurts seeing sum1 you love falling for someone else!  not even kidding im wellllllllllllll gutted. **** ****,-1
Anything for . So sorry man  I am not a patsy generally...,-1
and I`m really glad you were able to watch the game,1
http://twitpic.com/4wah5 - haha that`s right,1
_autism BUT on the bright side you`re on twitter! Morning!,0
She should keep her crown and shut her mouth!   Then she`ll know what non-judgmental means!,-1
Officially Mother Day here HAPPY Mother Day to all the MOMS,1
she is that`s why she never speaks to me in college i think  .....i might just stick to unzela...if hashim dosnt shoot me,-1
that is so lovely,1
_educator Thanks. Photos look great - I`ll comment them asap,1
I doubt I`ll get one to be honest,1
ohay clean teeth,1
happy mother`s to all the moms out there..,1
where is everyoneeeeeeeeee ?,0
Feeling sick at stomach today,-1
May the 4th be with you  #starwarsday (via ),0
actually did progressive studying today..,0
Happy Mother`s day to your Mum,1
sayid could be dead.,-1
hanging out with ambyr,0
The Star Trek movie was amazing! omg everyone has to go see it,1
another song that  makes me cry and cry all day  and night long.,-1
oh dear  not fun,-1
listening to Lily Allen`s last album - it`s quite good,1
It`s cold and cloudy and I have a million loads of washing to do,0
How do you forgive yourself for hurting the one you love the most?,-1
thank you,1
whens the sway sway winner announced?,0
Studying like crazy in hopes of acing all of my exams!!!!!,1
Laying in the bed boreddddd looking through old cookbooks for new recipes,-1
2pm today is Quiz Time at the Goat! Game shows to play and prizes to be won! Plus `Toss Off Tommy` for free drinks! Today from 2! x,1
Little one`s cast is taking a beating. It is starting to show some wear and tear and it has been on less than a week. She is too active!,1
my boss. She`s moving to NYC,0
I can`t sleep... And now????,0
lol @ kalahari.net marketing - 'may the 4th be with you',0
eat (cup)cake,0
So sorry to hear your terrible news   Thinking of you all x,-1
have you seen 'The Fifth Element'? makes 'super green' a lot funnier,1
Feeling much better  Doing History Research.,1
rest well!,1
ran over a worm skating...  poor wormie. but glad to be back.,1
_ thats coz we love you,1
http://twitpic.com/4jam0 - Oh it`s so beautiful! I`m happy you had a great time! Heartz,1
THANK YYYYYYYYYOOOOOOOOOOUUUUU!,1
hurt. done trying..,-1
: any kimbeommie updates?,0
Why I aint on ur #FF list? im hurt,-1
Watching Bleach,0
We in bed now.,0
sorry mo. we thought that u have to work tomorrow  we go to the casino together too :?),-1
i miss her ..... i hope she comes back,1
yeah wtf with that? my noggin doesn`t take to either,0
OMG Great Day Today Went To A Art Thingy  And Noe I Really Want A Zune HD  And The Bed Part Its Raining  Come Out Mister Sun,1
Rachmaninoff makes me a happy panda.,1
I wish I was getting pancakes  booooooooo,1
thats great  (((hugs))),1
going out  I can`t do this **** anymore :`(,-1
Found which exit to take. Thanks .,1
And the first thing you did was get your twit on....,0
Pissed I  fell asleep before I pushed `record` and missed !!,-1
chillen just started on twitter.,0
Time for me to go to sleep! It`s almost 1am. Night everyone! Happy mothers day to all the moms out there,1
http://www.speedtest.net/result/483892161.png i get good download speed only when no one else is using the connection,1
love it! Really its simple i think of a word and put twi on the front i should be more clever,1
so **** tired. didn`t get home till 5:30. work at bjs at 12:15,-1
watching Please Twins.  gonna make some Iced Tea :-bd,0
super excited,1
about to start my least favourite chore.... mopping the floor,-1
Early start today! More rain and more miles!,0
I`m currently into Emarosa. Their new album is the shiiiiiiiiiiiiiiiiiiiiiiiiiiiiiiiiiiit! Haha,-1
I love my Mom. Yo Amo a mi Mama. ? ? ? Thank you mommy... Ti amo con tutto il mio cuore.  Happy Mother`s Day,1
Knew she was an idiot..,-1
you forgot your fans too!  haha,0
Ahh saved from mowing the lawn by the rain  Now I have plenty of time to go kayaking. Blessed are the rain gods!!,1
_ yaaaay mish is following gab!,0
intentando intentarlo ONCE AGAIN!,0
Mr Tweet I think,0
I saw your tweet minutes before going to lunch.  Decided to skip that today. Thanks for saving me the money  Speedy recovery!,1
OHH  yeah i sometimes forget  your in the other but cheek ok america,0
Lettuce & spinach does best in cool weather.. I live in florida..not much luck growing those..,0
New Project is going incredibly well! and I`m not tired today  I think we should get all Monday`s off. Permanently.,1
figuring out wats wrong with her she can drink but cant eat  ...,-1
Is cold  Mind you I have been sat outside for 30 mins waiting for a lift. I don`t care how much of a balearic evening it might be!!!,0
there coming this year ^-^  wiL said it himself  but yes now would be good.,1
gotta shower then go apply for more jobs  hopefully no creepy old men will be working again today *shudder*,0
_ERON Effy breaks my heart.,-1
no one to go see Tiesto with,0
I didn`t check Twitter till just now. Thanks everyone for all the Congrats! I really really appreciate it  #fb,1
Happy Star Wars Day everyone!  Whats everyone up to this rainy bank holiday?  I am heading out soon for coffee with my mum then shopping,1
Sleepy time..   happy mothers day all u momz,1
my arms hurt!,-1
suffering benadryl hangover this morning and a killer headache.... ugh!,-1
Its funny how I want something even more... now that someone else has it and i cant anymore    hahaha NEXT!,1
dual reject ...  http://tinyurl.com/mfm7tl,0
LA bound!!,0
Just found out that one of my coworkers in St. Paul (who I actually know and talk to) got laid off. This blows.,-1
...... is an awesome band,1
so true   sad to say.  I`m glad you`ll be with me to be my support group ;),0
**** the day flies when u got 3647 things to do and only 8 hours to do it in!!,-1
Ahh its so gloomy out  I`m pretty sure I just heard thunder eeeeeeek.,0
not so good mood..,-1
at least I get to watch over time  Let`s go Pens!!,0
Forced to eat red hotdogs coz I`m starving and there`s nothing else for breakfast. Ick.,-1
kayla & I went to go visit you but they wouldn`t let us in school!,0
reyt fancies a valentinos. Worst of times considering i can`t have any,-1
hey Jodi.. what`s up??ugg.. im bored.. i just made a sundae.. c u monday.. ( hahaha it rymed...) loll. cu in school,-1
http://twitpic.com/4wc1y - Cracking myself more & more up..  PhootoBoothingisFunForBunny Volumen Eins!,1
Time for bed!  Hope your saturday was as lovely as mine was...,1
Happy Mothers Day to Heidi Klum,1
using my brothers G1 phone.. love it! driving to vegas... my phone died this morning and my charger broke,0
_Robert ha that was ages ago!  youre in LA right? the weather is much better there...,1
Brittany moved,0
Off to get Bailey`s tongue clipped,0
Not a happy camper  not having a good day at all...,-1
work work work!,0
wee. done with advance audit paper,0
All moved in to our new apartment. So exciting,1
My blackberry is soon approaching her death,-1
Just got back from the grocery store. Now I`m starving and can`t find anything to eat!,-1
i love him..i hate him..i loved him yesterday...ill hate him tomorrow....**** im confused,0
i have bad news... i have to go take the dog for a walk--they`re upset w/me!,-1
are you still angry with me?,-1
More pictures! It was such a pretty day  http://tr.im/kWOD #fb,1
Time for my ritualistic Friday night depression,-1
greeeeeeeeeeeat  this summer i have four classes...if you know me...u know why,1
Doodle whats wrong?,-1
at work booo....,-1
**** girl I`m so down but ya gotta let me know so I can get my kit together & I got a flyer  Any next weekend? I'M DOWN!,-1
follow  just because... or don`t either way they have really cool tshirts  hey johno x,1
AHHHHH I needa hurry up and shower before this 'HUGE' storm hits,-1
The race was Saturday night. Jimmie didn`t do so great. He`s still in 3rd place,-1
is working,0
I hate waiting in lines,-1
for sure! You and your wife seem like cool cats.,1
Going to bed after beating the snot out of hubby w/ Texas hold em,0
Holidays are now over - not fair!!,-1
just got on twitter. no friends to add!  none of my friends are in twitter,0
Burst my bubble!,0
i dont know,0
stayn @ home from school. sick. doc says I have bronchitis,-1
You can`t take this feeling away from me<3. going to lay down & watch a movie.,1
ahhhhh **** it..... none of my friends want to see it... and they don`t wanna chill tonight... so its just me myself and i,-1
it was way worse than that ...and where were you why didnt you say hello?,-1
I will later today since I have a planning for today,0
So long as they hold your wine without tipping.,0
My baby is going to her first sleepover tonight   I`m gonna need a lot of wine to get me through today,0
Nothing beats spending an evening with my mom,1
had 2 leave the mrs  cuz i have to go 2 work  really didn`t want to.,-1
yessssssir!!,0
can`t! need to work on overtime project at lunchtime.    Sorry!,-1
i want you to go walking with me!! but i still miss my satan,-1
Subway always tastes better when some-one else pays for it  http://tinyurl.com/re5s5h,1
_Foster Still not working,-1
has has an ok day with jo. She bit me and now its bruised.,-1
Using a temporary mouse since my trackball is breaking down. I can feel the RSI crawling up my wrist already  .,-1
Such a busy day today!! Banbury Fair fashion show tonight and move into my apartment tomorrow! i have no started packing yet,-1
omg himym! one of the best shows on earth,1
noo  I`m in miami and I just wanna lay out in the sun..but the rain has stopped me,-1
#lichfield #tweetup sounds like fun  Hope to see you and everyone else there!,1
Hope ur all havin a nice Friday! Been feeling down this past week since my dog`s passing...,0
Aw...poor thing.,-1
People eight years my junior can`t understand most of my references,0
I wish I could see dramafest SO BAD.,-1
someone really needs to make a kit like that avaialble for home use,0
says headache  http://plurk.com/p/wydaf,-1
Romantic evening in with papa murphys and 'battle BC' from the history channel,1
Haha. Lacey just shutdown the livestream. Party time,0
_aguirre  not going anywhere & when my book finally gets hre It will be cool 2 know wht Butch looks lk..LOL It was going in mail tdy,1
that`s such a long time from now,0
you can`t please everybody.  http://plurk.com/p/x32rz,0
I love when i have time for starbucks,1
http://twitpic.com/67k9w - - My besties. If only  was there.,1
At the Grove for `Drag Me to Hell.` I hope that it doesn`t suck.,1
wat the! you were in riverside??,-1
Starbucks with mother,0
haha you would do that =P that`s cute. nobody ever comes to visit me  god **** lake geneva and how far it is from civilizati ...,1
is having headache and colds...,-1
Stupid Twitter - now I`m faceless ...,-1
omg. .please jonas brothers add an extra date in dublin in november! i tried 2 get tickets but dey were sold out.,0
Headed back to Pulaski,0
gahh!! i`m so tired right now.,-1
Its times like these that I miss Manila. I`m not feeling up to myself lately,-1
Waiting to go to bed. Had a great weekend,1
Watchin` JONAS,0
Ugh cramps  and it`s hot,-1
aww BBQ? that`s not fair  all i had was chocolate,-1
Hello to all my new followers..    say hi @ me so i can say its nice to meet you too!,1
This world makes me sad,-1
jet blue is okay I guess. They cancel flights and don`t have a lot of backup planes. And no first class,-1
jus skinned my knee. Wat am i 6!?!?! Hurts lyke hell tho. Its always tha little ones that hurt tha most.,-1
Good Morning  i ate pizza for breakfast,1
just need to know what to be cautious about.  being cautious is good.,1
Anyone with big fingers  But I`ve loved it...,1
is thinking WOW I survived Freshman year...Mission Accomplished...Now Sophomore year,1
Got my new phone - now to program everything since my old one had no memory card like this one,0
Why do you not respond me?,-1
I miss them..,-1
My arms hurt,-1
we will support you,1
Yeah I know what you mwan.,0
really wants to go see the script in NY in august... but no one will go with me,-1
Last two and know they are going to be weepies,0
Today is a blessed day,1
just came back from a nice bike ride with her family and is now refreshed thanks to a shower,1
I think I lost all of my blog posts,-1
I`m Back and I see I missed Truck and Fish on,-1
Mitchel you have no idea how much I want to call you!! but it costs loads to call from england!!!,0
Now I KNOW my shares are up...have 7 followers...wonderful!   The sun is now shining brightly in `darkest Africa`...,1
my body isnt itching anymore,1
nah they were mine   had ones without fingers,0
i think i just good stood up...,1
_Diva_Dee26 teehee Im glad to entertain ye,1
HELLO friend!! Welcome to Twitter!!,1
He still doesn`t love me... I won`t ask again,-1
just relax,1
Deathstar destroys Starship Enterprice http://bit.ly/2agcTh Can`t get enough of this video  #starwars #startrek,-1
Instant Internet Marketing EMPIRE! + *BONUS* recoup your investment in 24 hours or less  http://vur.me/megainternetwealth/megaredpacket,0
Missing my mother... t-11 days! HAPPY MOTHER`S DAY!!,1
Stupid idiot who ran a stop sing and almost killed me and my car!,-1
now you`re scaring me.... can`t you just be mad? Don`t jip the world of your presence,-1
i hate waking up early! but i need to make up my 27 hrs at my pharmacy class. >=[ sighhh.  in other news: breakfast time!!!!,-1
ACK! Ghost Whisperer isn`t on!   **** network`s lucky they gave me Walk The Line in place of it...f*ckas. JP is hawt.  :0),0
I can`t breathe well but turns out I`m not crazy.  Just inflammed lungs,-1
I`m only 6` 0',0
I need hugs from Joe Jonas,0
is taking mommy to the airport.,0
Is there going to be any more TAI TV? Ah I hope so,0
wants to go out tonight but cant get home,-1
Good day all. Let`s see what we can get accomplished today together.,1
YES!!! haahaaa.! break out the jellybeaniesss!,1
can`t sleep... havent finish my homework  **** IT !,-1
i was right about the wave off,0
lost luggage? Sorry to hear.  you should check out our selection of travel luggage here: http://budurl.com/9mua,1
Still totally excited that my oldest friend  has twitter. I luff my Spencer! Even though he has rabies,1
i hate going to work.,-1
Goddamn bloody stress and **** sending my body haywire,-1
i jus love doin night shifts...will be done in an hour,1
Went to friend`s house to watch some good old season 1 episodes of Supernatural <3 **** I love this show soo **** much,1
_786 It`s no secret I`m an apple boy! Have considered the iphone dark side MANY times,0
No one to rub it in,0
A thursday. Is that REALLY necessary  ? Have u ever heard of school and horrible mums,-1
_benson  Woohoo! Well Done! I started Macarena-ing too,1
thanks  I`ll check those out.,1
_DESIGN allright! Looking forward to it..,1
there are # days of summervac & school comes along just 2 end it & the annual problem of r generation is finding a good way 2 spend it!!,0
I missed your calls,-1
wow the weather is amazing today!,1
Took a 4 hour nap after work today and won`t be able to sleep all night    This is a bummer,0
I don`t do very good at funerals. Crying is way 2 contagious for me,-1
looks to be a great morning already!,1
Yay! Thank you.. Feels like ur yelling at us   LOL,0
Good morning to you. Hope you have a nice productive day,1
OMG! i`m almost done with the last block on this quilt! Just a few hours of work left  i can`t wait to meet my goal,1
hopefully it don`t go that far  sometimes I feel like renouncing my roots,1
I am very jealous.  I was supposed to go see it in Seattle with a friend this summer but she had to bail out because of work,-1
tomorrow He`ll gone to new home...I was Born single(our little puppy of basset hound),0
Can`t believe this ****! I`ve spend 30 minutes for for a snickers ice cream... Seems like no one does then anymore!,-1
Almost dere  really tired eyes r really dry,-1
i really need a skateboard  ........,0
_benson loved the #MacarAMBER!!!,1
Yeah same,0
_Pearson,0
o **** i just accidentally listened to rick ross,-1
bahaha i loook like kung fu panda when i wake up in the morning.,1
FANTASTIC IDEA.. you the man! but I`ll end up all lonely when the tourist goes home,0
The battle at Minas Tirith is still very impressive. Return of the Jedi is the best Lord of the Rings movie IMO.,1
What you said is as good as day dreaming!  sorry to say that our country is in such a state....,-1
@_juliamarie people just don`t appreciate nature. it`s sad. did the lil dude survive?,-1
Sleppytime. Really missing my godfather right now. Love you Wayne,0
changed my picture on my profile in friendster,0
at f***** work  .... want somebody to come ???,-1
Oooo look who got a pic!  So much for swimming today,0
im eating sliders at barjohnnys! (theyre pork tho not beef  still on the search...),0
Headin home...Refreshed my mind and soul justa lil bit...Bac to reality.,1
Here`s a definition of network neutrality for those who may be interested  http://tinyurl.com/ls4qn,1
Looks nice.... never knew VHS had such a short life span... hope my fav VHS is not dead,1
My sister got a lunch date and I don`t,0
just got Up and going to get ready to go to meadowhall ;) can`t believe my internet broke yesterday  GUTTED,-1
_ luv it  so true,1
put my dog to sleep  I love you abby RIP<3,0
You`re right- you don`t do sympathy very well,-1
Just finished reading Chuck Palahniuk`s 'Pygmy' and kind of hated it. I`m really disappointed; I had pretty high hopes for this one.,-1
following  `cause  ordered it,0
Got the CofO to late didn`t close today   Will close Monday....back out to meet a buyer tonight to show a few homes to,0
'stunningly beautiful' and 'new piece' don`t usually go together. Wish I could go,0
fml. i stepped on a needle.. ouch.. waaaaa  **** drycleaners,-1
your face makes people laugh. cause you`re so ugly. so you`re half-way there,-1
Hoping the day gets better now,1
is tired and about to go to sleep. night everyone,-1
haha thanks  its for history and its on how the invention of television has influence america lol,1
I only saw urs by chance. Who else would have that name! Think I`ll b missing 2nite too.  Thank god for YouTube.,1
I hate my arrival in the employee parking lot!,-1
Archuleta & Cook will arrive in 2 days!!,0
: yes she got all lovey with him& he returned the love&1thing led2 another&  also  wants2 know y ur mad at her,1
thanx for showin luv,1
wants to wish all the moms a Happy Mother`s Day.  Hope you`re all treated like Queens!,1
i wish i was home in bed naked,-1
Happy Mother`s Day to all the moms out there! Special shout to my momma...Luv ya! And Pat....even though you`re a Jehovah`s Witness,1
not the best way to start your day,1
_of_Twtr Beautiful!,1
Somehow I have yet to accomplish a **** thing.,-1
Just found out I`ll be a Food Engineer in a future life. Cool. *iPhone app called Afterlife,1
yess... it`s awesomee.. and u can follow ur love molly hahah....  now u can chat with us here!,1
I can`t make it. My manager switched my schedule so I`m closing,0
i would but i have nowhere to go and no one to go with,-1
DUDE.  You`re a hax0r!!!1!  You should put Final Cut Pro on there and tell me how stable it is,0
Worked out for about an hour.. nothing to hardcore. Sitting in Starbucks waiting to start work,0
Gudluck to   !!,1
shawty next to me like hella good oowwwww,1
_xo  hey chick u alryt u at dads tmoro we sud do sumin aen like last week we neva dun oot this week lol  missed you ha bye hun ****,-1
awww Mary I wish I could come but I`m going away 2morrow,1
why not united kingdom,0
whoa... if the alcohol won`t get you buzzed... the price will,-1
Please play in my movie,0
sitting in bed where I will be for the weekend.,0
I left my ipod in the car so now its all warm.,1
too many good shows coming up and no money to buy tickets. fmfl. brand new at the troub?,1
at work  closing files,0
it could be worse  so u usually a nite owl?,-1
wtf at facebook spam saying that my DAD is my secret admirer,-1
that `preview` of a trailer for new moon was a joke...14 seconds. still watched it tho. twice. lol figured i missed something! still sick,-1
ohyeahhh  hate the heat!  http://twitpic.com/665a2,-1
LMAO!!! Man I was so bummed when she stopped braiding,-1
What up ab circle! Anddd It`s still in the box  f work,0
O dios acaban de tocar The Pains Of Being Pure At Heart en el primavera sound  life is not fair,-1
Good morning Sunshine   Tiime for $chooooL ! lol . BBL`,1
I did many things but missed tweeting,-1
weekend along with the summer is here so why do I feel sad?,-1
last night in cork  and come tomorrow i wont even remember it... double sad face  haha... in the words on lily allen.. NOT FAIR!,-1
hateeee history of rock!,-1
has tickets.......?,0
so im listening to this random playlist and its leaning toward serani...,0
anything I can do to help?,1
i`m pretty bored/tried. my mom is going to be home in an hour.  is fixing to leave. aww...  she`s going to texas for a month..,-1
the weather in Prague is like the weather in Belgium -> rainy,0
have a awesome day at school!!!,1
yes my dear    V,0
Found out that a schoolmate died of an heart attack this morning. He was barely 35  will miss u bally!,-1
its raining,0
I don`t think our ISP is too happy with us this weekend!,1
Having one of my bad days....Migraine today. My 1st since my neck surgery about 2 1/2 months,-1
_normal Shucks!  Sorry!  Sometimes I get wrapped up in FB and forget to check  how you doin`?,-1
nope im nott! i was planning on doing but my aunties come over from america and we`re havin this big family meal so i cant  ****,-1
trying to figure this twitter thing out!   I`m quite excited about it,1
Doctors appt,0
If it is any consolation I got my BMI tested hahaha it says I am obesed  well so much for being unhappy for about 10 minutes.,-1
pics arent working for me here on twitter,-1
haha I`m bored! I think I`ll go watch a movie  BBL,-1
Gotta a lot of work knocked out on the project but there`s one feature that just refuses to work right. Can`t release next version until,0
will be practicing my smile today-it`s gunna be BIG!,0
Oh very nice! I hope you have a wonderfully relaxing day!,1
Rain makes for a good study day  almost done!!,1
im still devastated about manchester united losing the UCL final,-1
Relaxing after a busy week and a tedious Saturday . . .,1
I wish y`all...unfortunately I won`t be able to make it...gotta work my 2nd gig today,-1
Ahh thats where i go the 6 year old fact. good old radio one!  what exams do you have tomorrow?,1
UGH I missed the POTUS @ MY Five Guys!!!! 2 blocks from my house and 3 blocks from my job.  http://www.politico.com/politico44/,-1
waaa you too,0
you didn`t give out #followfriday advice like i told you?,0
That sucks about your prints. Sorry,-1
`You Are What U Eat` isn`t EXACTLY true.. `You Are What U Digest` TodayISaProsperous &Productive Day! ThankUJesus!  BeYEBlessed! hee hee,1
I`m so lost without my laptop. And no break again for me today. Made even worse that the 2 big bosses of skipton showed up today,-1
is terrible at saving money..,-1
just met Sarah Kelly... wow... she is an amazing woman of God!  and she gave me a free t-shirt!  gotta love free merch,1
Nothing like getting to work and finding out you have to cover extra shifts this week... looks like another 40 hr work week.,-1
Know exactly what you mean  I`ve lost too many friends. I do feel for you all,-1
But I am with you... I hate doing it... can`t we just make music and magically not have to worry about money  awe... sigh...LOL,0
always be your self and thing will go on without no problem and do you even try hard to be your self ... Just be ...and smile,1
watching americas next top model yah haha,1
Link didn`t work,-1
In this exact moment i have decided that in some point in my life.. i am going to adopt a child,1
it drained my energy,-1
'dream of a better world because it`s coming' -someone could live off of those words dude,1
Good work.I`ve only just managed to turn my studio on... I envy your productivity,-1
if u watch the hills in london u will realise what tourture it is because were weeks and weeks late  i just watch itonlinelol,-1
lmfaoooo i **** love this showwwww,1
hotness personified,1
no one told me the mutual admiration society was meeting this morning! LOL  Hi boys!,-1
_LOCA thank you babe  What are you doin this evening?,1
HollowbabesHere comes the utter shite #bgt <I completely agree,-1
My sister just called... she`s officially in labor! Looks like Anna and Josie are getting a new cousin today!!  (And this one is a girl!),1
Aww sad  now  stupid crapped up phone and deciding that you would go and screw yourself up and never again work arghhh,-1
now feels like a dork for using the wrong Ping group,-1
Happy Mothers Day to all you mothers out there!!  i love my mom! GOODNIGHT everyonee!! ?,1
I`m up. I have a plan to transform my bedroom today. Random.,0
How is she spoilt? She`s like 10? 11? That was hard for her to be put up in front of 14m people.  She`s really young.,-1
_Josa how exciting!!! looking forward to pics on facebook  ****,1
let me out,0
Mashup Monday! In honour of the swine flu hysteria  ? http://blip.fm/~5jnv2,0
_nation just launched twittix v1.10 - not convinced,-1
Last night was fun w the lightening and thunder  Today will be in the 90s,1
I am sorry.,-1
gotta catch `em all,0
Sad thing is samsam loves my sexy crooked body! And she wants to **** it now,0
I wasn`t going to go out tonight but looks like I`ll be heading over to Main Street,0
is working it out allll day long.,0
Thanks bro.,1
_benson Loved it! You continue to delight us Amber.    Great job on the backing and the video by . Kudos.,1
Oh noooooo!!!      I`m so sorry!!  That sucks hard!,-1
Think Big! 'The size of your thinking determines the size of your results' Bob Proctor`s great advice      http://www.wealthwithsoul.com,1
In Greenville for one of the last times.  will be moving to MD soon. We`ll be back Eastern Carolina.,0
ah helping my friend move and will defo be having a well deserved pint after it that`s for sure,1
needs a little lie down. not feeling great today. boo,-1
wants to go swimming,0
This is Really Cool put in a topic and its a twitter show...If your a tweeter twittering twit u got to luv this http://bit.ly/a0nw,1
So I`m waiting in front of the DPS so Julian can take his driving test.,0
The only thing I hate about Playoff Pens hockey is how much the tickets are! I wanted to go to a game but there 300$ a ticket,-1
Just got done working out....relaxing than off to work,1
always makes bad decisions,-1
Okay i feel really sick now,-1
totally missed the chatroom. I`m so lame,-1
SF felt WAY too intense for me tonight. Hope that doesn`t keep up. Upset with myself for not hanging with  and pearl,-1
oh that makes sense! Well you are officially my first  from a celebrity!!,1
Why aren`t you coming to Montreal?,0
YAY! Busy is good,1
aww that`s awesome! he`s a good guy,1
'how do you like them apples' is from the movie Rio Bravo. Good Will Hunting make a lot more sense now.,0
ahh. That sucks.,-1
Celebrating the fact that Norwich City got relegated yesterday.  Seems like myself and the awfully nice Mr Fry are football rivals!,-1
is a bit tired. I blame the rain.  http://plurk.com/p/x2jc9,-1
Jay Leno has one more show left as the host of The Tonight Show,0
pretty fun way to write a resignation  http://www.farbs.org/Message.html,1
Back from London  Now just catching up on all the tv and sleeping all day!,0
Around 3 hours left until a 3 day weekend and I have waaaay too much work to do.,0
_Photography Good Morning! Hope you have a great day!!,1
_Lambert Fans from outside the US wish they could vote for Adam too!,0
I like the sound of a love breeze...sounds beautiful! Love the wind on my face,1
Greg back in the top 10. This is why I love Nascar.,1
Please vote for my husband Jorge at the All Star Game @ http://bit.ly/TGxzu! I can`t vote anymore,0
I was the blue  lol http://twitpic.com/67zgz,0
Gonna run to the gym to get my workout in before my really f`kin big pile of mulch arrives at around 8 or 9am! I`m excited about my mulch,1
Ew traffic,-1
I`ve worked my finger tips bare today coding. But we got there.,0
We`re home now,0
Hey never realized that you also get a Twitter account.  Your guides are truly many times a lifesaver to me.,1
wow that was easy! Thank you,1
listening to `s Without Your Love...hes so tortured in that song...makes me sad,-1
Wish I didn`t have to work today.,0
getting impatient with the turnaround time on repairs to my (broken on arrival) new espresso machine  #fb,-1
lol i hope i find someone to give me one too! lol,0
aww-that`s my last one. Roo-Oop,0
Watching the hills  arghh i lovee itt ) makin r liam watch it with me haha... girls aloud in 15 Dayss cannot waitt too see cheryl x,1
Well thatï¿½s disappointing to hear.,-1
happy Mother`s Day to all the moms out there,1
The $500 I saved on not buying a couch is going towards paying my visit to ER for UTI,1
just hope the tunnel is wide enough that you can get out of the way!,0
Thanks `Mckenzie`,1
looooooooooooool thanks,1
Being followed by compliance.  Great.   Have to watch what I say now.,1
just email em to the email i gave u thanx awesome person,1
Have $#@&!!! Malware on my work PC!  I miss having an IT dept,-1
Younger then mine. So no problems here.,1
Kisses! or its screwed. i`ll be a raggy old cat woman ha i`m pretty sure of it,-1
yay new computer to fiddle about with,0
// sounders game tomorrow! and mother`s day,0
Yes! I feel the same.  I`ve still got lots in boxes.  It`s so fun though.  Got to my new place yesterday.,0
is super happy at the new interest rate.  whoop whoop.,1
had a cool lil night. Now at Berrie`s about to eat pizza waitin for,1
Good morning and thank you for the re-tweet. Have a great day yourself.,1
http://www.bodybuilding.com/fun/richardchan.htm OMFG this dude looks well `ard! He puts me to shame...,-1
you look smashing darling  is trent reznor really getting married i just want to rip out mariqueen`s fake **** -_-,0
dog just farted  so bad.....,-1
don`t cut yourself!!,0
totally addicted to xbox carcassonne.  i also really love tomb raider legend.  and still badly NEED bolt.,1
Ahhh I can only imagine what you`re looking at!! So luckyyy. Hope your having fun.,1
http://twitpic.com/4wl7x - Very pretty Janette  I have that exact same Hey Monday band!  And its on the same arm :O,1
they just said she was very elusive; should be tricky,-1
Just broke her dresser shes had since she was three,-1
WELCOME BACK  see you tomorrow! come pick up your gift ;),1
can`t stop playing Fallout 3!  This game is addictive like crack!!  It`s bad when you dream that your repairing guns in your sleep,-1
May the 4th be with you,0
weee! internet is back here at home!,1
omg i had that book its soo funny,1
I miss Cary and want to drink some chocolate milk with him.,-1
Shiraz event was in an `anti-bahai` center.not in a mosque or in election campaign.Sadly children wr involved in zahedan,-1
Is leaving Utah today  Super Sad Face,-1
_ haha PHEW!  i`ve never said that before,-1
Frank from UPS` last day today...  sad to see him go   best delivery guy EVER!  Hope the new guy is NOT a fucktard...,-1
oh my gosh!!! hollyoaks was so sad tonite,-1
It`s too hot.  I don`t like it.,-1
but but but. I want steak,0
You know what?  That cowboy hat in your pic made me smile today (you don`t see many of those in Japan),1
off to the family party,0
_Blue - the chauffeur from 'Some Kind of Wonderful' was my idea of a perfect woman,1
it`s a dreary monday morning and I slept like ****...give me a break...,-1
Watching the film Real Women Have Curves  Why are good films on in the middle of the night?,0
how about a new article on finding your YouTube channel stats in your Google Analytics account? Can`t find it,0
I`m gettin ready for my trip back to MA...  I don`t wanna leave!,-1
Star Trek is really good. I loved it too,1
_ara Good to hear that  Allah aapko sehat de (Y),1
Just home from work!!!!! Need to continue packing. Raerae is gone for the weekend.   Mya and I are hanging out,0
happy birthday,1
Hope you get to spend the weekend at home.,1
oh he is so cute... is he in uniteddogs.com? Poppy is there,1
LOVING the hot weather forecast for the rest of the week!!!!  Summer is almost heeeeere,1
The event starts at 5 PM.,0
is tired if ppl **** talking,-1
hahaha! i have a secret door to the real batcave,0
did I miss something??,0
Had a lovely Mothers Day,1
hope u feel better sweetie,1
dont wanna cry  but the seniors are out there graduating&its breakin my heart;but im home,-1
Thanks.,1
sorry bout your cat !,-1
At the park!  Its raining!,0
does anyone know where I can watch the prison break tv movie? It`s not on itunes,0
had a 100% raw day,-1
wellity! i think ima gonna clean my room :| ****. i need to read a good book. sense and sensibility here we come! BEAT THE LILY,1
Came home after getting ratty in a shop with the staff and a blister on the foot. Meh,-1
I work in one hour,0
http://twitpic.com/66xlm -  hate when my PARKED car gets hit,-1
sad day*Lakers please make me happy with a W,-1
A message from  Could you let people know I have been booted off,-1
that doesn`t sound like fun,-1
Watching southpark for another 20 minutes,0
taking Willy to the specialist...poor dog! He has to get a CT scan cos he can`t walk properly atm,-1
I am so sorry.,-1
Why am I completing facebook quizzes at this time of the morning... especially a friday morning,0
has an exam at 10am - I slept about 3 hours last night,0
I know! I`m totally excited,1
**** traffic. Going to be late!,-1
It`s supposed to be even hotter today than yesterday.  Wearing shorts to work.,0
Painting my room =,0
Watching my bro play footyball,0
You should try it. It`s the way of The Deena,0
awww I love me some charlies  we are enjoying some lucky food LOL,1
hehe sure thing,0
omg J.O.N.A.S. is my new fave show <3 one guess as to why hahahha,1
good afternoon.  http://plurk.com/p/suyev,1
Broke my carafe  went to Starbucks for my caffiene fix and the lights go out...just for a sec but are you kidding me..got to laugh. Ha!,0
I want a Monte Cristo sandwich sooo... BAd!!!,1
Update 100,0
fighting with mum on mothers day,-1
Yay! I too had some joy in that department,1
We`re not gonna be able to talk again,-1
they tryna get me 2 sing on mic n i said NO NO NOOOOOOOO,0
u think its fair...... k den i guess m wrng.... still i feel its not at all fair....,-1
back from the yoga retreat. I recommend this to everyone,1
thats the crazy part - was for 16:30. but reasons include 'full schedule' & 'travelling with his daughter'... So. Not. Cool,-1
Flo is one of my Backup wives in case Renae gets abducted by Aliens or Russians. But if Flo`s pregnant it changes things,0
writing the first 'ShowStoppers' entry Just lost an hours work due to server issues,-1
no  the love of my life is. so i guess now im definately shooting for good,1
Ok Twitter - show me what your all about,0
what`s wrong with dressing in fifties fashion?,0
Hi I have uploaded 5 completely new Chinese Lessons on www.youtube.com/ChineseLearn Please feel free to watch and enjoy,1
wishes the rain would stop so my stupid headache would go away!,-1
Okay will work on that too but please remind me again,1
_Craig_G Hope your enjoying the money..it`s looking real good to me right now,1
turn on your closed caption ... Then you can read and watch animal planet at the same tiime.,0
KICKIN BAK......NEED 2 DO MY HW.....I MISS U BABE  LOLZ,-1
someone WOULD give a speech about loved ones in the hospital. Stupid COMM class,-1
thinks Coast Capital sent her work number to telemarketers,0
It`s so cold out there! I`ve just lost my wallet,-1
off to my Psychology class.,0
hey  what`s up?,0
I miss  so much  I wish I had enough money to be with him again,-1
AH! so nice to be back on bike commute although three days off and my (what google sez are called) my quadriceps literally screaming. gah,0
Having Problems With My BlackBerry UGH I need another charged Battery! (@ least 4 now),-1
AHhh FCUKKK...i missed out AGAIN  You must fill me in with the deetZ...see you tonight?!?!!,-1
forgot the pin of my debit card. thank God the card still works after several attempts. just bought cake for sister`s birthday. wheew!,1
I`m going to miss the seniors so much!  Don`t goo!,-1
I already did..,0
gymnastics time.  My last night for teaching Friday evening classes.   New summer schedule starts next week.,0
: first impression is that it`s considerably  slower to boot than 2008  #beta1,-1
lol i`ll have to look on youtube later  thanks,1
At the hospital today then shopping with mom  Love you so much.,1
Sob! I can`t believe I`m ending my work week at the chapter about what Augusten Burrough`s father did to Ernie the guinea pig!,-1
touchin the starss,0
ohh i would def give it 2 u but tht was kenyatta`s cam not mine  sry but i want tht pic 2,-1
im contacting PAWS Philippines so i can find 'tiger' a new owner. im so sad. i love my dog soo much,0
going to southland,0
Why does my boss have to come in today.....,-1
selling my drumset  sad day,-1
not for long goin for some sprints now,0
Jacqueline Wilson day on CBBC,0
I saw the note in FAQ about other languages.  any thing that would change your mind? need any help or anything else?,0
excited to see my cousins this week.,1
_la_mania i have no mask to  whoooops,0
__d  make it go awayyyyy,0
I want another shake from Ritas.Badly.,-1
Hey Tweeps...good morning. Wussup America...Talk to me tell wut`s on ur mind..,1
back from driving and now back to bed,0
_xo oh and i know brody and erin,0
Still soo tired..not ready to get up for the day...work again,-1
gotta love how im waking home at midnite. dangggg pray for mr. im so jumpy,1
thanks kate too.  *kisses* Xoxo.,1
Updating to the latest version of Adium now. What a great app!,1
mine do it no matter WHO i`m on the phone with!,0
had a great night with friends,1
gprof problem on Mac  why ??,0
baby alex i miss you  ily<3 good night</3,1
@_anniemay OMG No fair,-1
One more day baby.,0
enjoy ur night,1
Adobe After Effects and MS SQL Server...nice. would it be nicer if I just sleep?,1
she made my sister cry too hahah. bless her.  i hope she can do it again.,1
http://twitpic.com/4fnaa - haha love you two girl,1
um... thats my favorite beer!! why must you torture me so when I can`t make it down there!!,0
with red who is blue,0
I forgot to put on sunblock before getting in the car,0
that couldn`t be more true! I like ur momma`s style!,1
I love it...that`s going to be one of my new fave quotes.,1
aaahh i know!! i was spose to but i had to take my dad to the airport.  next weeek fasho!,0
Art History Quiz...  I didn`t study,0
Starting some work on final year project. Just making some test pieces in flash to see how things could work. Listning to iPod too,0
massive headache. argh,-1
answer my really cool questions,1
believes that creativity  in cooking is only limited to your imagination... guess that applies for most things too... like photography,1
Then I guess that makes me Dot?,0
Great!,1
Sitting outside in the cold by the ocean with a glass of wine.,1
happy all my studying and all nighters payed off,1
miss my hubby already!,-1
no panasonic charger.sorry,-1
no not at all. I MISS GIRLFRIENDS!!!!  i have all the seasons.,-1
I`m gonna miss the show  at whitby for the weekend! btw i love your show! Radio 1 is always on! ly x,0
God I just want to sleep.,0
Hiyaa! How was Tour? Really disappointed that I couldn`t make it   Hope your all Dandy ;) xxxxxxxx,-1
nope.  they are all sleeping cuz they live on the east coast.,0
They better not be out when I get there.  I NEED MY FIX!,-1
resistance was futile! Needed pretties to knit with,-1
WGN is playing old episodes of Rocky & Bullwinkle. Fractured Fairy Tales for the win,0
A friend is someone who will help you move. A real friend is someone who will help you move a body,1
Shen computer just broke  Time to get the old IBM out...,0
One lane stop and go trafffffffic suckssss! Almost to wwork thanks to **** miinnnesota roads,-1
Just at Starbucks with Farrah!,0
no I like be able to say it and it be the truth. Instead of some magical mystery tour I get led on.,1
& to you matey,0
Music soothes the soul...,1
_gaba evrytime i listen to the name of tat plce i am reminded of Mojojojo from dexter`s lab,0
Happy Monday everyone! Loving the new arrangement in my family room,1
Is @ the pantry,0
My little foster kittens are getting big...chubba and Winston are going 2 b missed when they get amazing homes.,0
Ugh 2 days whatever to somewhere,0
and Happy Mothers Day to All you Moms out there i hope you had a good day,1
I hate this weather  i wanna bake,-1
Happy Mothers day to all the grown n happy & the lil prego smuts lol Just Playing everyone is loved.. happy Mothers Day & God Bless,1
saying goodbye to  for a year  she`s been awesome in helping me fit into the team at Veritas!,1
rainy season-- here it comes!,0
missing bham,-1
i forgot how much i love all these songs on my itunes. i love shuffle  and i love watching the pranks from AP Tour!,1
DUSTBIN BABY ON AT 11.30 Cannot wait  x,1
Thanks for the recommendation,1
I shall annoyingly tweet at you tomorrow.,-1
wishing i could be in sï¿½o paulo for the show  but fortunately i went to the brasilia one! haha,1
Really!,0
At Marlees doc appointment poor babygirl has to get shots,-1
Is not going to service tonight due to the fact that i`ve yet to find a dress for prom tomorrow. Ugh,0
I chopped a fringe in last night got tired of having it hang in my eyes. Made a mess,-1
http://twitpic.com/67x7n - MISS THEM ALREADY,-1
mm it was cold in your shadow anyway. Ooh monday,0
Another Day gone by....  Have to wake up early again tomorrow,0
Ah wokking was great. You could eat as much ice cream as you what. I never eat so much ice cream in my life...,0
_War_MT I`m no longer blue,0
aww dude.. no fair. i thought that was the point of this thing,-1
heylo johnn (: im a huge fan. hope ur day is awesomee. cuzz im home sick and its kinda less than awesome.. anyways.. PEACE,0
Yeah he`s also partial to JT and TI Dead and Gone and Pink`s Sobre,0
ya mine too but for very different reason,0
My back hurts...really bad,-1
not the same.. Can we party tonight jig,0
Just had an amazinq qirls-niqht-out. I quess its always qreat to have an excuse to wear tiny dresses & heels,1
Absolutely ...,0
I have yet to even get out to play this year  soon I hope!,0
Daddy just left.................without me  http://yfrog.com/13pdrmj,-1
: Ok its suppose 2b followfriday not unfollow Friday  aw well I have nice tweeters anyway! <-almost doesnt sound right...lol;),1
wow... you`re doing this all through text?  I would get tired after a while,-1
well i`m gonna go now.  goodbye all.,0
yay cheerleading when im sick. its gonna be a fun  night peoples,1
Nothing like In `n` Out and a LOST marathon after a long day of work.,-1
hahah me too!! Except for when Haley gets hit by a car  but yay Leyton!,0
Hmmm...strained my back  Hope it`s better tomorrow morning..,0
I need to burp ....  Im so nauseas....,-1
Indeed. Thanks for sharing that! Now I can go to sleep giggling. Night!,1
Wow.....I`ve been stood up  Might as well go to work.,0
Guinness at Coogars,0
was hoping to go to Red Lobster this weekend,0
I think I`ve been killed judging bt my energy after attacking just to see what happened  #spymaster,-1
On what..,0
goodmorning,1
had one of the greatest days ever! spent the whole day with besties & celebrated installs with the friends i love oh so much  <3,1
The apple keyboard is really cool. i want one. they used it in doctor who,1
I`m with you there - filing is so much less fun than sorting cos you still have to look at it & hunt down details,1
I`ve burnt my collerbone and arms and face! aww!,1
I`m going to miss my iMac so much over the next month.,-1
My baby has his first busted lip.,-1
Watching the kids eating an ice cream.,0
yeah. xD were so close already! xD i can talk to u about anything!  i love u gurrl. x3,1
had a very good day and is now going to get into bed!,1
Off to finish the book 'nudge' then going to write some,0
'I think you should know this. He`s going to break up with you. And I just had to tell you. I`m sorry. I know you love him.',-1
i cant believe this woman talked me into getting a different hairstyle...real talk though...i have no clue of what to do with my hair,0
_dollaz Yay...you like CT. People always tryna **** on it when they`ve never even been there.,0
Yeah. Me too. Will lookout on your tweets too. Happy Tweeting,1
poor baby girl chloe is freaking out because of all of the noise!  She so cute and pitiful hiding under the middle of the table!,0
mozert requiem tonight,0
possessed beyond certainty that she has made the rite decision,1
_writes i`ve been wanting it for 2 years LOL...that and a HD camcorder,0
our love goes out to you Kanoa  sorry for your loss dear,1
05/30 - first session  yay me!,1
Awsome thanks Jo...Can`t wait for her to be on  ****,1
Glad to hear the weather`s nice.  It`s rained just about every day for the last five days.  Not fun for exploring,0
All the food in my house has sugar ants in it,0
No Westin discounts?   Anime Expoï¿½ 2009 Provides Additional Discounts for Hotels: http://anime-expo.org/?p=2396,0
ahh my poor feeeeeet,-1
good morning rob!,1
Ha ha ha  I know! Love it! Love him!,1
he always brightens up 'the week' ?,1
i need to get my life together aka my apartment all cleaned and back how it was before my birthday,0
i cba with it now   ohwell might play another innabit,0
awake sadly        seeing Leon today !,-1
you`re so gorgeous!!,1
i`m using paint.net x64 and it`s running crazily fast - can`t afford CS4 unfortunately... yet,-1
Thanks for the interview mama!  Enjoy your night,1
weather starting to be better  So just SHINE **,0
So I thought the Cavs would crush the Magic and I come home from up north to realize how wrong I was.,-1
Just looked at the date...today the one year anniversary of my Grandmother...miss her mane   um sad,-1
I really don`t want a limo service to take me to the airport  I want him to. Ok soft moment... Don`t get use to these!,0
Feel hurt. in car. gonna watch a funny movie. someone talk,0
that`s because of all the stuff that was stolen while you were gone...,0
Why so expensive,-1
Ustream replay for Control Your Rankings.  http://www.controlyourrankings.com/launch1/ustream.html,0
needs a break from the computer... adios  <3,0
the suns starting to go in  im getting coldddd!,0
well its hot as heck right now,0
Ugh that walmart was so hot and white  is it wrong that I can see how people become agoraphobics?,-1
_berra happy birthday!,1
I`m emailing my best friend Deanna with my yahoo account. Emailing is FUN.  <3,1
I loved johnny carson now I`m going to hate seeing jay leno go,-1
LMAAAOOOOO that is horrible. Poor thing,-1
boooo!!! I bet it was a nice wallet too,1
No but I just checked and got it LOL. You are ok! I went live for a few minutes and everything is fine.,1
ohhh wowwww no good,0
bahaha loving   twitter to me last night. DRUNK.  lol,1
see I told you  I`m updating my personal site with lots of goodies check them out as they come http://www.dennisgomez.com,0
Dang my own LDBF didnt give me a Follow Friday shot out,-1
boo  you can come over and we`ll watch telenovelas and braid each others hair.,0
no more brother for 2 weeks.....,1
moving back home today. pro: obnoxiously closer to  con: no more mpls runs/excursions for at least a year.,-1
have a good day      ? http://blip.fm/~5yomt,1
i hope unni will make the audition . fighting dahye unni !,1
That would be SOOOOOO much and Geeky to the ultimate LEVEL! But I work 9 to 530am,1
Had a good day 2day!  off to bed. Nite tweeps.,1
i`m also on plurk  try it,0
sleep....good night tweeties!!! down to OC tomorrow. I hope and pray that Rachyl gets better SOON!!!,1
_ Lmao I know!! They have two days off. Good thing for them,1
A pleasure Murray,1
My best friend is away at special olympics . She said she was gonna bring me .,1
yeah I can imagine!  Not nice   How much longer is your shift?,-1
listening to ECHO by Gorilla Zoe ahh love that song,1
I wish I was in London to see you. It`s like my biggest dream to meet you  iloveyouuu <3,1
Happy Mother`s Day to all the American mamas!,1
I would love to sleep with pete Lmfao   jk,1
Thanks! That will be you in October,1
The Goonies. Projected. On a garage door. With my friends. Amazing.,1
LOL.  **BLows Kiss** did u Catch it daddY ??.. neways im chillin hun and u i see u up early have u been a sleep,1
Tweet riot. I can`t download Tweet Genius on my other device,0
i want to! but im not over 18 and t&c says over 18`s only  wanna make an exception for me ;),0
transcribing my tenth (and last) report for the night,0
july... too long,-1
dont go... im sorry for disappointing you,-1
aww :/ kk I need to do a huge shopping trip at joshstore to get you also a joshmobile.. pft.,0
It`s too hot. I hate summer  #harrymcflytosing,-1
I clicked on the Check out pictures of Angelina and it went to a spam site about ordering checks .. go figure,0
reunited and it feels so good,1
I like to support my friends  It`s sad that I`m your only friend though,-1
Why are CDs in HMV so overpriced? ï¿½12.99 for ? I hate having no money,-1
bored bored bored. nothing to do today besides work at 5,-1
Happy Mother`s Day!,1
Just had a horrible experience with a dentist.  Had a crown made that doesn`t fit right and they won`t fix it or give back the money.,-1
I second that. I wish it rained more where I am,1
boo! i can`t sleep again  saying hi to random people,-1
Not enough time for Disney World.... might just have to watch the Disney channel instead.,0
Make sure ur plantin next to the water in the soil,0
No show tonight  No plans. Ughhhh.,-1
Thank you all for proving my point,1
Feeling deflated. Hubby saw swing set & thinks is a piece of junk. I thought I had found something good 4 the kids,0
I`m glad that I called him cause our relationship is clear now. Just happy to hear his voices eventhough he`s absent from school,1
Oh I`ve got that one & the stp x step one on VHS. Tried connecting our video to harddrive to copy to DVD but didnt work,0
Grad present photos on facebook,0
Thanks! Good morning,1
Sounds good to me! No more cleaning cynics orders. Haha. Good night. Talk tomorrow.,1
TGIF. I don`t feel good.,-1
Cant sleeeeep & i miss my long hairrr,-1
I`m really nervous about giving a speech at a wedding tomorrow,-1
My name is toggling in and out of Google Suggestions Help me by searching more for 'Ganesh Jaju' and clicking on some link,0
lmao yeaa iight n u shuld put tha c.b flick up w. **** on ur head .. juss a joke,1
i`m getting this assignment done,0
So bored  waiting for class to start. Sigh midterms next week >_<,-1
going to work,0
i wanna join the twit Club......,1
Okay gots to go and now for the first time since it started will miss the Block Party on,0
i am on BLAZE and my head hurts.,-1
just going to cook some lamb chops for lunch - I always end up coking just before pay day and amaze myself at how much I can cook,1
Tried Nokia`s Ovi music store: 'Nokia Music does not currently support the Mozilla Firefox (Mac OS X) browser on your operating system',0
I want my real keys back,0
horseback riding,0
i dont have a bank. i cash my **** at tom thumb. i`ve had four bank accounts--and they`ve all gone negative,-1
i wish paramore would come to ireland,0
Well that sucked except for the company I had. Go Kelly.,-1
Someone hardcoded 650mb into my brain back in the 90s,0
haha. Your a loser.  ily,0
i wish i could call you but it will cost a lot  my parents wont let me,0
one day my hugs will come    *fingers still crossed*,1
O and i have to wear a **** jacket today cos i didnt notice a mark on my shirt...,0
i know!! No money for pedicures!!,-1
You poor thing  Hang in there. -****- luf joe,-1
boo...I thought being on the list meant it would be good to go  looks like i`ll have to get a CF adapter for my dslr!,-1
Edge left me off the contributors list in this month`s issue.  x FFS. <- Werd,0
Happy Mother`s Day :] I lovee you mami,1
What a nice young guy at dunkin donuts let me go first,1
What!?!,0
aww i`m sad  i didn`t get to go to your going away party!  stupid work!,-1
Happy Mothers Day Mum,1
I had bad net issues on Weds so couldn`t broadcast  Am on tonight tho... tune in for new anthems and bad mixing!,-1
I`m sleepy but is feeling under the weather! ugh! These **** tonsils. I need some company or somebody to talk too!,-1
Good morning world!  haha had fun at the movies last night ;D and school now... Hmm new shoes make it better  http://tinyurl.com/dfggwj,1
I had to find out via twitter,0
Finally out of school for today! HAD TO SIT IN LIBRARY FOR A LONG TIME,-1
Nobody does it better than www.traveljunky.com Not even half as good   ? http://blip.fm/~5jv7j,-1
I`m excited! Hust let me know when you want to go over to Lucky7 Tattoos,1
_Reviews THANKS!,1
leave Fraser alone,0
Need to fold laundry and finish dishes... clean out the rabbit`s cage too. That`s about it that really needs to be done... doable,1
meeting the boy?,0
that story reminds of living in Portugal,0
maybe a good night`s sleep for everyone?,1
Now every Saturday till 8/4 for work.  sucks. And no Friday or Monday off for July 4th either.,-1
i totally felt bad for the guy. haha im good  i miss you guys!,0
Bad rum experience in college - still haven`t recovered,-1
I can`t DM you because you aren`t following me,0
...actually find something they`ll like. it`s easy to get a good gift with a lot of money tbh. nowhere near as personal though,1
says I miss plurking.  http://plurk.com/p/wxion,-1
well now i do,0
tell him ill beat him up if he doesnt share,-1
you should come out!!,0
I`m nervous... I hope I get in... this could be a costly mistake... more like procrastination and assumption...,-1
sorry love had no left overs  but come through sat @ mi casa for ton`s birthday! we`ll have tons of food,-1
Well....not the Spurs!!!,0
I <3 Owl City.,0
so yeah...i guess i dont get company this weekend  so who wants to come hang out?,0
do u hav a garden? bunny probs r decidedly uncool.   thanks 4d link!,0
I slept so late,0
is sad that greg pritchard didnt make it through to the final of britains got talent coz he soooo deserved it,-1
The weather is so ugly n L.A... It`s really cold,-1
Is Going To Buy A Wacom Today ... Goood Times,1
Oh ****!  I forgot to eat! Grumble grumble.,-1
if someone had`ve told me things would get this hard..i would never have done it,1
Ah this is getting to me,0
Bad day  The day you realize what mess you`ve put me through will be one of the happiest days of my life...,0
nah ;) when a single person posts about 200 tweets a day is hard to cope with on my android phone when I`m unable to filter,-1
My knee is killing me,-1
Madly in love with The Row..wishing i had money,1
that sucks.   did you save any of it?,-1
Tired even though i didn`t do much today. glad we got to catch the second half of the cavs game,1
remember the guy who 1st #tweetbud you! ~> _2890  help him get 900 flwrs & make him smile!,1
Iï¿½m JBobsessed  xD I miss them soooooo much!  They should have a live web cast on bookface ?  EVERY thursday xD,-1
you said you **** up your nose!,-1
loving life lately!!!!  Looking forward to going to see Samantha! Hanging out with Natalie right now!,1
No but this is our poor week,-1
We saw that in none 3D - the baddie`s the best,1
and now! ITS #starwarsday!!!! To celebrate i should watch some star wars  - Richard,0
I cut my thumb on a broken coffee pot.,-1
My dad`s not feeling well. I want to make him soup. Suggestions guys? + get well soon ayah,-1
A week away from 21 huh!? So what do you wanna sip on - I got `cha! Shhh... we won`t tell  Love you!,1
60 days today  i can`t believe it`s been 2 months. i`m nervous about what i`m gonna say later. but i`m gonna keep comin back.,-1
had fun at wango tangooo!,1
my baby man is 4 years old a week today  he`s growing up too fast.....,0
Happy Mothers Day!,1
Not that funny! I wont jump,-1
I really ought to pay more attention to my phone tweets... Sure! The more moives the better.,1
i saw a piece of that movie...loved it,1
Happy Mothers Day to all the Mommys.,1
in the mood to listen to some Reg stuff  (Sir told me: U used to be a huge fan of mine but now it seems you`ve forgotten my songs!!!) ),0
i miss the one who would do anything to spend 5 min with me... the one who used to say just tell me when and where,-1
http://twitpic.com/24mer - i like Mr Piggls I mean Pickles!!,1
ive very picky about what i put in my mouth. i hate onions. they make me cry  ),-1
knocked up is sooo godamn funny. never gets old  'you`re tupac. you`re biggie.' lol,1
i would like some macaroni and cheese please....no?,0
... an explosion of them? in the late eighties we had very odd weather and instead of them migrating the wind blew them back,-1
saying goodbye to something familiar never becomes familiar,-1
watching shows I missed on the ellipital--- love my on-demand!,1
auntiegail says `Today I am picking up the hi-vis vests for the kids they say `Auntie Gails Childminding Service`  ****.`,0
Ouch...waited to long to get eyebrows waxed,-1
HAPPY MOTHER`S DAY!!!!!,1
It`s 2am and I still haven`t gone to sleep yet! Up early to hit the beach and then shopping! Yays!!!,1
I Luv Da movie Say Anything...  ? http://blip.fm/~5yroy,1
I submitted my resume the same day and saw no answer back. Oh well...,-1
my tummy hurts!,-1
yeah! Love my Hawaiian outfit. We reused that for rugby 7 this year with,1
I wish he was still around.   there was a litter under our azalea. I caught DD in the back yard @ 6 am with bunnies in her lap.,0
I dont wanna get out of bed i wanna go back to sleep.. i have to open the store at work though,0
Really disappointed in the results.,-1
Hmm. Did you mean to start 'following' me? Oh and g`morning by the way!,1
ooohhh. I understand. I never get sick of her so im on your moms side  I guess your dad just likes what he likes....lol,1
hey handsome!  I`m packing,1
my life is so exhilerating  family kingdom is such a good summer sport!!! and so is swimming in the ocean at night with kristin,1
Just the mother of all bad days,-1
I am sitting at the computer eating grapes  it`s hailing outside! o: I MISS SUMMER.,-1
phaket.  what did anneliese want to do?,0
Friday night... And I`m not doing anything!!  But I might go have some tacos at the lunch truck in Pasadena .... Just maybe.,0
This will be the worst day ever....graduation,-1
have fun tonight,1
Awww!!,1
fully understands why these cats have cabin fever! Holy ****.. I really wanna be outside!!,0
last I looked.  Hi back...,0
Molly keeps punching me cuz she sees yellow cars. I`m gonna be covered in bruises. I don`t like this game,-1
after a little bit the drink isn`t actually so strong anymore,0
have to return my sideways. **** meds and bills.,-1
oh wow...hope he`s ok  u take him 2 the vet?,0
yeah I know it`s so stupid !!!!!!! There no jobs I mean come on,-1
haha best thing about office birthdays hey,1
Downloading Chex-Quest!  Been about 12 years sins it`s final release you say? Your Right!,1
What happened to Dave?,0
5 and a half more hours of work  I wish I had something to do..,-1
u think i could call u tnite?,0
aha yeah  all else fails just push  yeah we are dont know what time were leaving yet though ****,-1
good song,1
Good deal! Im doing good thank u   The one about me loving my mom?,1
. Awesome!  what kind?,1
Waiting for the El & listening to a little MJB 'Just Fine'. Perfect song to start my week.,1
work 4 - close,0
Journey!? Wow... u just became cooler.  hehe... (is that possible!?),1
has toothache,-1
just picked up her Blackberry from the middle of the street! Both she and it are crushed!,-1
I don`t have the fake fascination like i once did before. Cause i no longer have to pretend i like you,0
just got out of the pool!!   so fun..now gonna watch tv and do stuff on the computer. (:,1
Just came 11th in cross country and beat dumbo,0
Don`t think you would be happy if you were...,1
i love electro house,1
was that sass I detect?  As long as it isn`t back sass! Haha,0
going to funeral today for friend and classmate who died in a car wreck last Friday,-1
is soo bored its lovley day outside but nuttin to do,0
work til 9,0
You are extremely clever my dear.,1
Why can`t I sleep ????? Is it too much to ask for :-P,0
haha i love both of them too  hmm.. lol i`m in need of some good bands too,1
aw you could have played the **** game with me this morning! Nobody else wanted to play,0
that`ll do it too,0
My sunglasses broke,0
just wants to get it over and done with. I miss working,-1
Wow.. TAGers ROCK!!!  Awesome performance,1
ah same  how was oliver?? so anooyed i couldnt come. we are the only ones with twiiter  its great! x,0
anywho im having an early night good night twitter world.,0
_paige aww hey! I didn`t know this was you! LOL. I`m sick. No outtie for me.,-1
found out that no one he knows is using Twitter.,0
So i think my son might have the flu cause I def. just cleaned up a stanky puke mess  Poor pumkpin,0
Havin a much better day today!! Finished the last Twilight book yesterday. Classes start next week!      Get at me yall!!,1
tafe was actually quite good. for once,1
I`m going to open up PROVERBS and get as much wisdom as possible-I`m hungry!,0
argh. Interested. Time maybe can`t go. Maybe.,0
Bom dia! Good Morning! Guten Morgen! I am returning to Twitter!,1
Mode: Home Office,0
Stubbed my little toe this morning on my file cabinet ... and it`s turning black,-1
I don`t like Demi...I like La La Land and Don`t forget. Do you like Ashley Tisdale??,0
that was reallly good,1
in about 30 minutes Happy Mothers Day to alll the amazing moms out there!!!  going to bed!!,1
is spending her Saturday morning taking notes for a research essay because some stupid **** recalled the book I`m using. Not fair,-1
Arrr. Exam is on next week.. Im dead.. bwahahaha..  I love you btw!!,0
i`m out...,0
i HATE U.S. history,-1
a mouth for sure,1
OMG. Period cramps are FTL. So much pain.,-1
i can so sympathise with that,-1
Guess this is a 24-48 hour maintenance.. I`m so sad I miss my friends,-1
thank for ur gnite and... *thank* for ur photo of sims 3... heart broken here,-1
Congrats on your bike ride today.. Very impressive indeed.. Ya might be doing` the 'Tour De France' some day,1
I`ve experienced apathy over empathy in customer service situations too many times recently.,-1
Finished up cleaning my desk at least. . . office is looking empty. . .almost time to be in the car for 1 1/2!  #fb,0
Lol  It`s like you have a cult.. haha,1
just got Zion tweet,0
Home now. Some invaders have taken over my base,0
WOW.How sweet!,1
Why do you guys use camera angles that make it look like there are only 200 people in the building?,0
: ''UB40-'Bring Me Your Cup'''  ? http://blip.fm/~7af72,0
is such a good big cousin as shes taking her little cousin to see hannah montana the movie next weekend,1
Waiting for friends to call or email me bleh i feel unloved,-1
yo wats up? how u doin 2day? u havnt answerd any of my replys,0
I am very angry at this information Marcos!!!!!!,-1
I know!!  effing embarrassing! Eff our lives,-1
Catching up on 2 weeks of LOST and Grey`s!!    House is quiet again.,0
Night of the cookers with my dad,0
Going to church in the morning...happy mommas day almost,1
How inconsiderate!,-1
would love to say TGIF but working at 6am tomorrow,0
Saw the UCLA bookstore...now convinced that every single major university has a better bookstore than    Having fun so far!,1
but yeah i like purple maybe thats why!! ;)  :p :d,1
Yay! Tell her I said congrats,1
happy birthday justin! have a lof of fun!!! God bless,1
i`m kinda sad of being alone all the time i miss my brother  and my friends suck i mean no one has even called me in 2 weeks,-1
booo that meanie  is teasing me with a piece of cheese!   http://twitpic.com/67rt8,0
Ryan Stiles is still the funniest man ever. Got some great news and some not great news tonight. So happy I could burst,1
i did that but my INS wouldn`t pay for the therapy  so now i dk what to do!!,-1
going shopping with my mammyy.... my makeup and face are being generally quite nice to me today,1
i keep coughing my guts up,0
i`m so tired,-1
Is feeling a bit lonely,-1
My pleasure,0
Actually there was this other guy I thought I didn`t know but turns out I DID know from a previous party...,0
catching up on my teevee shows.,0
Going off BC is making me break out.,-1
Looking forward to having Dinner with Family and Friendsss! Happy Mothers Day to all the Moms out there!,1
hi guys just doing da usael notmuch really! <3 sad me,-1
_Thomas ahhhh probably will...not good  u been Dubai before??,-1
Argh noo! Missed The Killers on Wossy!  That sucks! Missed out on Brandon. Total failure! Anyone know if it`s repeated? Must investigate!,-1
You seem Cool,1
Good movie.,1
i can`t stop listening to  new single! (paranoid) it`s so amazing. i love them.,1
To lose this gut lol no seriously i have gained a lil and im not liking how it looks.,-1
FO SHOWWW,0
love it!,1
It just had to rain on me almost a perfect day now my clothes are wet,-1
_morley LOL I love your kids,1
Happy Star Wars day!,1
goodness gracious my chair broke,-1
all the best for your IB exams Carl. I hope you don`t find them too difficult and that they go well for you.,1
**** maaaaannnn.. its holidayzzzzz...,0
Really big spider on the floor two metres away from me  am actually a little scared.,-1
Six feet under theme is on jjj,0
Can`t play World in Conflict because the computer is running too slow,-1
THANK YOU,1
Goooooodmorning,1
_Songs I know  Especially since the summer is such a boring TV time to begin with.,-1
Practically my whole body burns... I can`t bend over or make any sudden movements with my arms,-1
Good morning Tweeple of the sun! What you all up to?,1
Last day for seniors bye bff,-1
Complicated with a dream,-1
just had an awesome Girl Scout Day at Dodger stadium with two awesome olympic athletes Joanna Hayes and Heather Bown!  And we won!,1
#SanctuarySunday fav character  has to be Ashley!  Why? cause she`s awesome,1
I am blessed beyond measure,1
Sensation Ocean of White Portugal: absolutely amazing  Adoreiii!,1
i thought you would win!  Fabulously40 have some bots on her side?,-1
Training #Stud-Life: A fost Tiberiu Lovin la noi. Am aflat ca sunt imbecili peste tot. FUN,1
aww bless  you guys are so cute.. are you still in touch with any of the other BB contestants? xxoo,1
Happy Birthday! I hope you are doing well and had a great Birthday day,1
I didn`t know you had a blog!!!  That`s so awesome,1
glad you could make it,1
WOW i just drank a drink of water - 12 ice cubes that took ages to melt. i now have brian freeze,-1
sounds nice   have you downloaded twitterena 2.0 lol ?,1
Finally made it to JP Licks in Coolidge Corner for some Oreo soft serve   http://twitpic.com/4w9pe,1
Just got home i love stake and shake milkshakes,1
no food since woke up.,-1
_one Could use GarageBand though it`s probably overkill.,-1
I wish i could sleep past four a.m. on my nights off  good morning!,1
working again today  but off tomorrow for dan`s party! yay!,1
Thanks  Will Do,1
Tapit:E446WWHLLYAR TK3H6694PRMP 9R46TAHXEFKT please @ reply me if you win! Thanks!,0
I had mint ice-cream for dessert tonight. Love the stuff!,1
lol what!! where is it!,0
Ciara was great at SNL..Kim...you were mentioned on SNL tonight..Justin T was really good also,1
Not so good  I think that`s my fault though - didn`t use buttermilk. Recipe was on back of the flour.,-1
My boss called me anerexic,-1
This heartburn may be the death of me.,-1
I`m sorry you`re having a bad day   I was just looking back through. Do I need to give someone a knuckle sandwich?,-1
i miss my boo  on another note im soready for this game to come on tonight...fox grill anyone???!!,-1
167 SQL queries to display one single deal page on OzBargain. Looks like I`ll have fun optimising it!  Bad bad Drupal...,1
Happy Mothersday,1
The only thing about preparing 5 sermons in one week is just when you think you are done...you have to prepare the powerpoint slides,0
Hey everyone! I just mixed the first single....!  'Why R U' ...I`m sooo excited!,1
really fun day  gahhh i want my new phone this razr is killin me,0
The only way I`ll feel safe is when he`s finally in jail where his stalker **** belongs!,0
My computer is SO slooowww this morning.  I think it`s a sign that I should go home and play in my yard.,0
Monday...Funday!  Wake up people...and keep me awake please   Today is going to be a long one..I can already feel it. Eww,-1
4X4s are the shizz,0
Listening to the simply awesome Ratatat on a bank holiday monday before a BBQ later  http://bit.ly/gJqSh,1
Sometimes I wish I was a warden,0
Happy Monday!!  Hope you have a great week!,1
you always seem to know exactly the right thing to say. thanks.  - http://ilikeucoz.com/m/1123 #youregreat,1
what was itt!?,0
idiot family and how I have been feeling just don`t mix amongst other stuff,-1
Tried on all the shoes in new look,0
has sent Ben off to do the weekly shop  woo! xxxxx,0
Yes I did see Mitch Hedberg and the whole floss thing.  He`s hilarious.  I <3 him.  Poor guy,0
Follow Friday rickbaker24 i only have 6 friends,0
Rickroll`d by iTunes on shuffle,0
yea just fun dive..a bit scary sometimes but fun.  u like diving?,0
I would rather end up heart broken then have regret because i didnt take a chance,-1
on our way home after seeing Rodney Atkins in concert...I Love him! Thanks Bob,1
feel better soon! Your immune system must be away on holiday somewhere... probably with mine,0
OH NO ZOMBIEPIX DON`T FOLLOW ME ANYMORE... NEED SOMEONE TO CHEER ME UP,1
Buried under more web changes. Going to make lunch now... I won`t have a chance later. Too much to do.,-1
Another night of not sleeping,0
Hahaha I miss Bradddd and all of the guys and KEITH.,-1
you didn`t include  in the 'Follow Friday',0
finally graduation no more school ... im sick today,-1
You can be Cinderelliiee,0
_h786 as ur coming on to here im just off to bed  hows ur day been? x,0
So tired. Work today.,-1
so you are like the rest of us on this miserable bank holiday.then LOL,-1
The time is not my friend today,-1
you know you lvoe me!,1
Afternoon from office  My cubicle has been moved but not the system yippie! Mine is one of te few surviving 'good' system..,1
dont cry for me! i will see u tomorrow.  muah.,1
God i`m so sleepy today I can barely focus,-1
my brain has become a converter ed. i`ve been converting into LM for  the past 2 yrs. every 5 mins of every single day,0
jass warn me b4 u go to nxt war...i am there to have fun...,1
aaahhh...just woke up! feels good to sleep in on a monday!!!,1
cn i gt a twit frm u pls?  Hva gr8 shw 2nyt !,1
Happy Mother`s Day to all the mommies,1
One interlock down one to go,0
1 month ahaha. AND i dunno if I can go tomorrow LMAO cause i went today   Freakin filipino parents AHA,0
in math class waiting for lunchhhhhhhh. seniors are done in fifteen minutes,0
my head feels sooooooooooo much better,1
oi  i love you,1
This is what I am drinking instead of beer: Airport is out of beer.. At least it is carbonated...  http://mypict.me/1Zu9,0
yeah those are better ads  It makes them look part of your content rather than blatant adverts ;),1
you are the sweetest.  love you cuz!,1
Went to see hannah montana movie on saturday  loved it .... still cant work twitter out though,0
my mum would be happy to receive 2 handbags and a card from us today. heheee.,1
My eyes hurt,-1
you coming on myspaceee? if yr doing work though dnt bother,1
haha i love surprises! i don`t work til sunday tho so i have to wait.,1
shuuut up  stupid.,1
safer to say that your cube is now a sphere ... but roll with it buddy ... it is an awesome time ... esp the 1st one,1
: why is it so cold!?!?!,-1
Forget completely abt uploading the assignemtn.   Only remmebered cos of ur twit.,0
given the way kunal khemu etc. starrers turn out..there is a high probability of it being `****` rather than `niche`!,-1
wow what a lovely day! Shame i have to clean my room,0
And that`s what makes you an amAzing MOTHER  HAPPY MOTHERS DAY SOLO!! LUV YA!!,1
I`m not gonna be here when the new Transformers comes out.... i`ll be in Colombia,0
_**** I`m leaving at half 10  but I have to get ready and things,0
Can`t wait for the next twitter.,1
got a little scare tonight. couldnt fall back to sleep. so i started working on my digital imaging project. looking good.,0
im grounded tonight  i hate stupid silent mode,-1
ohhhh excellent song..hello my friend!,1
school..  i wish it would just end already!,1
The power is out! I can`t seeeeeeee!!  I love storms!,1
Happy mother`s day to Ms. Pat Carey,1
watching beauty & the beast  haha,1
which means i spend more time alone than with friends and family. how sad,-1
yeah I m so happy for them that they should moved on and out there partying I m so happy,1
I dont like the dentist...they make my gums hurt,-1
haha...it the booomb,0
Yay we`re gonna leave earlier!  Can`t wait to get back to Hawthorne!,1
this is sooo crazy i have fever..,-1
GILF = grandmother.,0
I have a great house to sell you!   Comes complete with a riding mower!!,1
I got me to watch it.  Recommend some other kickass shows too. Phast!,0
my b day is on may 13 but my party is on this sat  come you gays,0
my knee hurts!,-1
I always get really excited when `Steal My Kisses` by Ben Harper comes on the ipod...great song...love the beat-boxing in the beginning,1
i woke him up in the end. Got bored.,-1
Thundershowers plus baseball equals awwww,1
Listening to Obama with one ear & listening to music with the other,0
Have a fantastic opening flower drummers!! From the ALL Asian cast and crew,1
do some research for my article,0
think i may have broke a toe at the bar tonight......thanks drunk girl for steppin all over me!!!!!,-1
says morning plurk  just woke up. haha http://plurk.com/p/supwp,0
ok point taken.  I`ll tell my team to stop our cynical championing of standards. Active-X is far better anyway,1
Watching my fav movie...Two Can Play That Game! 'Ever notice how men start to act up around Spring time?' Shante Smith,1
happy mommas day . ging is so lucky to have a momma like u  enjoy ur nite! luv ya,1
shelaaaaaaaa,0
how is Aussie...im hopin to be there in Sydney in less than a week just got my VISA on thursday whoot whoot,1
Just watched The Goode Family premiere online... And I think this may be the last episode I watch. It`s pretty amazingly mediocre  pass.,1
so ur name is also Naina,0
why me? i am about to read another ecology book for two hours. its all good fun today,1
the website is http://tinyurl.com/c7yojg  idk if the place is around ur area..,0
ya she prob does but i dont want to no about it,-1
Whatever. Workweek`s over. Time to go play with new phone. Sim card didn`t transfer contacts list,0
Back from NYC... convinced on moving to the LES by Fall,0
hahaha. do it  you`ll have a blast.,1
last day of work  ...but everyone is making it so great!,1
It`s because we`re right,0
This weekend is going to be packed full of work for school  No life this summer I`m afraid.,-1
_pax Oh man... I`m so sorry to hear that. I hope everything works out,0
im away from the comp....  ill be back later,0
i cannot deal w/ this tweet. lol.,-1
Nothing wrong with that samantha,1
_zorz_peep count yourself lucky i was gonna say the OTHER word instead...and rsvp...sorry i cant come to ur birthday...day?,-1
http://twitpic.com/66vld - i don`t like this bangs! I want my hair back!,-1
night nurse!! :S,0
high & dry goin to have an ice cream now with my best friend.,0
I am dying to hangout on a Friday afternoon...,1
i miss my boo,-1
No more Wiffleball..  ****.,-1
whooaaa. just got an overwheolming itus attack after eating,1
is stuck in traffic,0
Miley Cyrus = great actress,1
rblpnqte : 'sheesh I am sending one up to you .  I think you could use it  lol' RB DELUX... ? http://blip.fm/~5z36j,0
watching Scariest Places on Earth - I love this stuff,1
awe...Thank you Jon!,1
I thimk you were working on those muscles we love so much.,1
but...he`s..mine  you told me a couple of weeks ago that you didn`t find any other guys hot apart from the ones you...,-1
and  there is no top 40 radio station in fresno!,0
No. I won`t be back until the 7th,0
thats funny.. actually.. i could use a haircut...might be growing it out thru August for Woodstock Anniversary Party....40 yrs,-1
Are you blogging yet? I miss you writing,-1
@ 5 happiness (chinese) totally disappointed  the food is USUALLY good *FAIL*,-1
i wanna leave work already! Not feelin it 2day,-1
. Too bad they never made it over here during the last ten years,-1
Twitter stop being a **** and let me change my background image!  (imagine a shiny NHL ring in the background),-1
You are the First to know that SinhalenFOSS ep22 is out with the big news. http://tr.im/kpoR,0
Wishing I could kidnap  from work,0
ok.  i got my nails done to day an the are sweet.,1
ha! you`re right...I know you`re right.,1
I still have a very depressed feline fuzzball...it`s another trip to vet tmrw to see what can be done...worried doesn`t even cover it,-1
wishes a Happy Mother`s Day to all mothers! Especially her own.  http://plurk.com/p/svg9d,1
Happy Mother`s Day to all the mothers!!,1
talking to nat,0
stunning business cards! ashamed of mine  http://bit.ly/zpsQo,-1
head hurts and I feel sick  and I have to go to work tomorrow,-1
I wanna go see the cab really bad.,-1
This porridge tastes ****! I cba with today man.,-1
Thanks,1
Your peanut butter soup was amazing and so was everything else!  Your soup was just a higher form of amazing,1
10 more days to go for Freedom!!!!!! **** these xams!!,-1
Why do I always have a headache?,-1
Remember to put your phone on silent! lol  Night loveees,1
why must the weather b so nice and then so bad all in 1 minute,1
Its so hot here,-1
good morning people !! in good old germany is it soooo cold,1
Platypuses are the only mammals that can lay eggs.,0
has a terrible headache.  I need relief!,-1
so cool to hear you guys on 104.5! and i can`t believe you in were cherry hill a few weeks ago and i missed it  come back,0
My best mate found out that I am moving. She doesn`t understand I wanna do something with my life; Leaving to go to Uni..,-1
wut do i do now????,0
Listening to Metal Shop at Mooneys!! All is good,1
had an amazing night with the girls,1
cool. my **** itch. got sunburned at the volcano,-1
doesn`t kno wat to do now ER is over  saddo,-1
I have to work in the morning while my friends get to party it up.....stupid bberry lite flashing red and I have no messages!,-1
is highly amused I wasn`t treated nicely like any other patient..not my fault my life is better than yours.,1
; why is the font so huge?! small fonts rock socks,0
Graduating from high school tonight  im kind of sad..,-1
sunburnt again,-1
it does but that game doesn`t.,0
oh noo.. i cant see it,-1
Would like some Nutella. None to be had,-1
is getting the kids ready for school before deciding the workout du jour,0
right on!  i`m 29 myself... i turn 30 in october. i think that pretty much makes us awesome,1
your new song is AMAZING,1
_ Sounds like you got a fan in Danstorce.,1
**** my life.,-1
Watching the 3rd episode of JONAS,0
Lucky u Im stuck in the rain...,0
im slowly losing followers one by one.,-1
i`m gonna miss all the live Comet action tomorrow! i have to go take care of my cousins and they don`t have access to the interwebz,1
why is it so hard to find good house events in the Sacramento area?,-1
Ugh. Too much happened today. I really need a hug,-1
today is going to be AH. Giving notice to my boss today. She is going to be upset  I`m totally stressed.,-1
huh what the ****? Smelly? Noooo. I love alex Vixon,0
Got the BrainBone daily question right!  - http://tinyurl.com/c9ryqc,0
bad timing- a new mommy just called for newborn pictures and I can`t fit the baby into my schedule no matter how hard I try,-1
_Mel thanks that was nice of u and I appreciate u,1
Note to self: never ever leave the MacBook Pro on the stupid iCurve. It fell off.,-1
Sleepy time! Happy Mothers` Day to current and future moms around the globe!,1
pulled from interesting meeting to an urgent support request,1
Dang... that IS disappointing,-1
If I were a transformer... I`d step on people just to hear them *squoosh*. But I`m not so I guess I`ll just have a cup of coffee instead.,0
Grass fed beef burgers with sauteed mushrooms and cheddar on wheat buns along with a salad. Yum. Poor Kim still isn`t feeling well,-1
_gregor Great avatar,1
you are disappointing me......,-1
I am absolutely craving a brownie with ice cream right now. FedEx some over!,0
does anybody want to throw a baseball around with me?,0
It figures. It starts raining as I am freed from work,1
Eurgh.. Revision.. Who invented History?,0
Oh oh! Going shopping with my best friend today! Yaay! Going to be so much fun  Need to get alot of new clothes..,1
enjoy!!!  have a good day. don`t forget to twitpic ****,1
I`m scared to set the pw on my BB bc I might forget it & end up losing all my data. But yet I have financial info on it. Catch 22,-1
haha sounds like your going to have heaps of fun  ****,1
ITO EN Tea Apple IS DELICIOUS!!!!!!!!!! (looks like I need to go to Don Quihote to buy more!!) goodnight,1
Well hopefully the rest of the day gets better.,1
i know hella  i wish i could be how my mom was and just move across the usa!,0
Chem final right now. Awwh mrs. Oli! Imma miss you!,-1
Still sick at home,-1
Oh my gosh! My hair is so short! I miss my long hair!,-1
Lol! Joyologist? Love it - much better than the happy freak who can`t stop smiling  Enjoy Monday!,1
does anyone know any good rap songs? i need to make a rap/fun cd and i have no idea  helllllpppp,1
Is trying to buy a new bible...but they just aren`t the same...why did my dogs have to chew it up?,0
another build failed! something is not right in the big scheme of things!,-1
I gots a Pandora bracelet for my birthdaaaay,0
That was stone cold   Crazy....  ?,-1
48 days till brighton,0
Watching The Nightmare Before Christmas <3 Ask me if I care that neither Halloween nor Christmas is any time soon,0
Finally gonna try and fall asleep goodnight.. More like morn... I sleeP,1
Have you heard the song 'Purpose' from Avenue Q?  Your post reminds me of that.,0
uh oh,-1
? on wednesday green day will perform their new single 'Know Your Enemy' at TvTotal  http://tr.im/kpDX,0
Listening to my favourite song... ALLAH KE BANDE HASDE,1
yes i have read them many times.,0
slept for 11 hours after an exhausting but a fun fun out of town trip. high for the day so far? woke up to good ol` fried chicken,0
i`ve heard Basment Jaxx`s new song 'Raindrops'...that`s fantastic!!! and makes me dancing  i can`t wait Fuji Rock Festival...,1
there are some really scary noises coming from outside,-1
at home with her fam  see you in CoMo tomorrow!,0
dull life was on the soundtrack of one of my favourite showss,0
I failed my maths exam today. fxxxmylife,-1
() Oh snap... kinda nuts right now... :  I`ve told at least 27  Thanks babes.,1
Love the unique accordion thief buffs - thank you!,1
Good morning,1
i am bored. :| any idea`s of a nice site?,0
May the forth be with you .....,1
Its tomorrow!!!!,0
Up way way way to early this am....thanks _benson,1
eh...I might drive through Chi-town on my way to Colorado....maybe I`ll get one then.,0
On the way to home,0
hay naku!!madaya ka talaga ah hehe ..hey happy mothers day to your mom nga pala   and to your mom also,1
please check out www.mysweetebony.com and lmk what you think  ... my first paysite ... post up your site too!,0
_ listen to FTSK  they stop my bordum  haha how was your day? finished crying about Harold? ha ****,-1
Peeps! Me blackberry messenger is kwijt..  no pinging :p,0
_y_Tony Hey,0
i hope so  I KNOW WOO! haha 2 times  it was exciting lol,1
thanks  sweet dreams to you too!,1
Glad you like!,1
count me in,0
goodmorning !,1
Oops! I got taken ...,-1
congratulations on your shirt btw!,1
I am up and feeling pretty **** gud! I dont even have a hangover what a nice feeling,1
Good night everyone...... Time to go mimmiz......,1
Going home,0
i miss our walks home together,-1
in ten minutes shopping   demi lovato-back around demi lovato-behind enemy lines have you all seen the titanic 2 trailer? its really good!,1
My dad had to bury ours six weeks ago. She became his after I left for college fourteen years ago. Long time to have a kitty.,0
thank you. yes yes. hooray!,1
I did laundry tonight too.  Guess I can admit that now that you paved the way.,1
Just got home from another amazing night,1
Waiting to put my story about Stereo Skyline up. Don`t know where to put it. BOOOO,0
G`night!,0
i can`t wait! its most definately going to be amazing.  <3 michelle,1
.... So I always get left out,-1
Where`s the story?! I wanna know! I wanna know!,0
my tvs not working  i wanna watch vhits :`(,-1
I`m sorry to hear that.,-1
Goin 2 eat some SMACKS 4 breakfast then getting started on my day- catch ya on the flipside- I really wish I cud go mobile-dang Bahrain,1
nope  het is LOST&found he ;-),-1
Haha...ooh it was gorgeous wasn`****!! And a whole weekend more to follow!! Ouch...i had blisters from my shoes yesterday,0
loves listening to people practising on the piano downstairs,1
the sun burned me today....my arms look angry  Party tonight tho babes! woop!,-1
heading out to dinner in a minute - cant wait to have food.,1
I didn`t think anyone caught that,0
i havent been out west since 07...i think i picked a bad wknd b/c its overcast out here tho,-1
ha you`ll do fine! just be positive!  &aha i know huh. wht a long conversation. i remeber you and allyson did even lnger ones! x],1
Dogs eyes seem bad. Just forked out on new washing machine so why not a vets bill to top it off eh?!?!,-1
Morning,0
dam it keeps rainin on me,-1
Awwww poor biggie...he puked on me in the car. Even though I had the air conditioning on FULL blast...I think it was the heat  He` ok now,0
Got that right! And i know when I found out she wasn`t coming i cried!  It really sucks but Im still happy she headlining  now!,0
Nobody`s home tonight. Except me. Alone. Sigh. Oh how I wish  was here,-1
says it`s late. Goodnight people!,1
going to the beach today,0
*waves back* Have a good day,1
I loved it! You guys are amazing!,1
wasnt it sad?  was the 3d good?,-1
Happy mother`s day to ur mom!!! i hope she has a wonderful day!!!!!,1
I`m hungry. And single.  heading to the golfing range soon.,-1
I am loving this beautiful monday morning!,1
Listening 2 music @ home all alone lol  who wants 2 come over & hang with me LOL!!,0
My voice hurts. No We We Rock You the musical singing tonight..,-1
_Gable It`s good isn`****! Our holiday chalet is out of sight but look v similar to those ones. Going home again today,1
if mom gets paid...,0
aww  that`s horrible! xD,-1
We`re idiots.  Ok mostly I was skint but hell I could`ve done something......,-1
Im a loner  haha suckss,-1
So sad you didn`t day Hello to me,-1
Hate fighting,-1
It`s gonna suck being the only sober one tonight,-1
Come See Me Live On Stickam  http://www.stickam.com/valentine_rock,0
Seeing `Love at the Club` actually made me,0
bif doesn`t come down far enough south for me,0
'Never give up on something you can`t go a day without thinking about.' I like that quote.,1
No allowed a calculator for this exam despite it containing laths that is impossible to compute in my head.,-1
'my name is Tony!!!!!! ...not hey!!!!' -  poor tony,-1
I like that term 'today list' - better than 'to-do list',1
i love how nice the weather is today and i am camping tonight! oh and i hate my hair,1
Thank you guts for 360 followers! It means a lot!,1
wants to go home.,0
Hey Man Congratulations On The Graduation Man You`r World Wide Popular In Philippines,1
zoita had a cardio apt. 2day. doc says her hole-in-the-heart hasn`t closed. she`ll need the surgery to close it http://ghurm.tumblr.com,-1
@_ahseya_ cool i want you to take a look at this and tell me what you think,0
At least you made it,1
About to Lock In on getting better  staying +,0
You still have class? Ouch,-1
let`s hope so,1
I want all the soldiers to come home so we don`t have to hear about anymore being killed.,1
Goin to work....,0
fun on facebook.,1
thanks well impressed it`s much better than my last one ! must b the clean living + Gluten free lactose free food,1
...  that was meeeaaannn. people make mistakes ok?! lol,-1
So many tests todayyy  I don`t feel confident about anyy.,-1
she`s gone   I miss my kay way already,-1
u really dont right now! i am as sick as a newt in a freezer! its aweful  x,-1
i don`t like being sick when the guidance counsellor is supposed to take me + 35 other kids out of school for bowling & pizza,-1
Absolutely loved this!,1
bought my dress yesterday!!  Only 12 more days til Chris is home. So excited! Gavin has his first tooth,1
_MCR  yeahh me tOo haha the mine is Mariel  i luv it! and the urs tOo =D  whats ur fav MCR song??,1
always wanted to see that film never got round to it must get it on DVD tell me if its any good,0
Can I bring yself to go for the 1000 Heroism badges achievement?,0
I don`t remember cause I was watching so many on youtube... LOL will get back to you,0
last full day of vacation,0
heLLo tayLor.. just wanna say i`ve aLready voted 4 u i think 5 times..haha,0
F.Y.I. a lot of you people that are following me i have unfollowed a lot of you  yer kinda boring me or not really helpful to my e-growth!,-1
So apparently i left my front door wide open before going out to my show. With my and my moms laptops on the coffee table. Love my area,1
we are coming...won`t be there til around 9....can`t stay though,0
The 'Catch Me If You Can' DVD that I rented from Blockbuster.com yesterday was cracked. Figured it out about 35 minutes into the movie.,1
Goodnight peoples!,1
The CD  player in my car is broken.  So much for listening to my Kidz Bop Happy Meal CD.,-1
is so tired ive walked 6.05 kilometres today,-1
Sigh,0
Crabs are amazing...well as long as they`re not in your pants.,0
they won`t  guys are retarded!,-1
WHAT?! i was wanting to see that show!!,-1
DOUGIE POYNTER REPLYED TO ME,0
wonder what white supremists have to say about this  I abhor racists. http://bit.ly/Rd31F,-1
Okay so I`m dedicating my 300th tweet to the fact that I`m going to the Apple store because there is a HUGE crack on the glass screen!,0
Dead gerbil,-1
just fed three very hungry stray kitties three cans or tuna. i hope they stay warm and safe tonight,1
haha good phone conversation cat lady! You`re gonna be homeless too  you didn`t tell me u were having coffee!! coming tomorrow?,1
Up at 6am on Sunday... Going to meet my mom for breakfast at the beach!,0
Lindsay we are your spanish fansite and we love you www.ultimatelohan.org please reply us  I wish you a good flight <3,1
good morning fella   i have the joy of work to do today.  what are your plans?,1
oh no.  hope you feel better soon. Hugs. I had flu earlier this month.,1
_soch hah nooo she is the obly one that can AUMFFF i hate nick because he is datin miley,-1
Ugh. Kinda bored.,-1
Hope you feel better soon.,1
HAPPY MOTHERS` DAY!,1
Ok we found our way now... I think  tonight let`s just let go its dance time!,0
Out for an evening on the town with jeremy. Sad Carrie can`t come,-1
_conrad you take such good photos.,1
On my way to nottingham..I so don`t want to be going,-1
Are you okay?,0
@_Emily_Young_ okey,0
The dayem computer  #twpp,0
i feel u  but its sooo close to me hard not to  but i cant so no point ugh,-1
They closed all three locations.,0
awww sowy shortie,-1
Tropical Depression 1 heading east. MrSal65 scared this one off   Welcome to start of Hurricane Season `09.  Still looking 4 more FL subs.,0
Birthday Girl ?  blessed to live another year & celebrate with loved ones,1
it wouldnt let me vote yesterday  but i made up for it today. i really hope u win cause everyone knows u deserve it =D,1
My Respect For Travis Clark Has Gone Down 7.5 Notches,-1
is trying to make this sunday last 48hours,0
@_Ra_Ra_ your not alone...i need coffee too.,0
Tired with a headache  me no like sunshine,-1
Sitting in boring **** litterature listening to jack Johnson  missing the gf soooooooooooooooooooooooooooooooooooo much.,-1
its fun though,1
_Waters WAS until I had to go home `cause the presentation ended  x,0
Lucky. Winter is coming for us,1
I don`t want to quit my job.,0
I feel your pain. Mine is the same way,-1
so go back for more,0
good 1km visible shot of TD one shows total decoupling of the low and mid level centers....this system is DEAD!! Waiting for the next one,-1
Pretty sure I`m sat on the wrong train going the wrong way... Bah!,-1
Is sooo waking both of them up on my way back to SB  good night america,1
http://twitpic.com/67hvr - This picture is from last year freshman year how I miss thos days,-1
buy one of my shirts at http://www.districtlines.com/revertfashion you know you want to,0
I just want this semester to be over! Only a week and a half then it`s moving time!,-1
and I bought FOUR ties  http://tinyurl.com/pvajlm,0
Missing my baby ducks,-1
you fail. at life.,-1
Thanks for the Gifford Lectures page,1
work is depressing the hell out of me  i want someone to fukin come on holiday with me in august,-1
: thanks!  and you being #80 just made my morning!,1
going to bed its late and I have headache,-1
I think I`m about to break my own heart. (as emo as that sounds)... meh.,-1
ooh like what? I`m planning on spending the night in as well,0
tell your friends to tie you to the railing. I expect a tweet tomorrow about headaches and feeling tired,-1
So wish the Carlton game was on live  stupid channel 7 lol.,-1
miss you,-1
_2008 lol oh dnt worry u`l be able to squeeze it soon enough!! Hope you have a good day today!,1
I need a hug... Gotta find another place to live and a new job,0
Gross! haha it was like the tiniest piece ever but i can taste it like i ate the whole onion eww,-1
had a wonderful evening with those I love!,1
Awake at 4am..  can`t sleep,-1
I dint dump anyone. It`s always me who gets dumped and blamed. That`s why I don`t believe in relationships. #twpp,-1
Off to England during the summer holidays this year.... yay!,1
thats what i was thinking but the only time it`s gonna be on is 1 am!,0
Hello twitter,0
My kids count down the days till Saturday. I hope it`s something they remember all of their lives!,1
time to be nerd,-1
Tracky Daks are one of the only good things about the weather getting colder. That and porridge. I just did both,1
Sounds painful   Sorry you got hurt.. And may I ask how this happen?,-1
oh haha thanks again! that`s something new!,1
many tribes r becoming extinct  I blame Mc Donalds!!!,-1
Thanks for the follow! (raises hand) I am,1
i miss that too,-1
Fudge.... Just BS`d that whole paper.... So tired.... Ugh I hate school.....  time to sleep!!!!!!!!!!!,-1
that really sucks I feel bad for you at least I woke up at eight.,-1
Is going to have one upset daughter  in a bit..mr. Rat took a sudden turn for the worse and didn`t make it,-1
OK its official I'M OLD! at least I feel likewise OLD & TIREDD & WASTED!!,-1
See FTSK tonight in Grand Rapids,0
The trains turned into a microwave,0
Ha!  I dunno about standing anything up.  Very very rough today.  It hurts to talk.,-1
done with the photo album  as im a good person so i make it quite private for now. pity you ben haha,1
check out my twitpic telling people to buy your album!  http://www.twitpic.com/4jhn7,0
Johnny actually invited me to the movies but i have too many things to do before the concert,0
Just lost Internet.  And I was in a raid for 25 OS.,-1
TGIF... Hubby dragged me out to buy car parts. I am tired n cranky,-1
ugh I`m not doin too good,-1
thats pretty bad quality and probably the worst pic u posted till date,-1
playing the game of watching straight people hook up but can`t leave because of another reason,0
ugh. i just want things to go back to normal. i miss my best friend,-1
this is the end of the semester so i am really busy... have got no time for twitting  what a pity cause i love it,0
Going home.. no meeting today,0
kewl the JB chat was awesome. I had to miss lots of it though cause i had 2 go 2 skewl,1
Good B-movie... Starship Troopers is cool! Citizen,1
I`m twitterring and facebook-ing and blogging and myspac-ing and bullshitting,0
good morning guys!  experimental chemistry test this morning :s wish me luck!,1
awwww  i never noticed this http://bit.ly/RConp,0
so I tried jumping without the trampoline and its like thud* thud*  shouldn`t have eaten that cookie.  http://myloc.me/1XIz,0
off to bed I go..have a great Mom`s Day all you moms!,1
ouch  does picking your nose count?,-1
I really fancy a frappuccino from Starbucks right now,1
hi  thanks for the follow  good luck with your friend? ha,1
honestly i cannot figure this twitter thing out,-1
is online shopping...fantastic,1
Migraine is fighting its way back from last night.,-1
I didnt win  but I will continue to try keep giving away those fabulous watches cant wait to win1,1
Awe i feel so left out,-1
Feel sorry for Adam Cook. Be strong for David and family,-1
Can`t concentrate  need a booster to woork,0
My inner desire is to go to an isle in the middle of the Mediterranean to soak up the sun; Good night... as I dream that inner desire.,0
nup no cd either.. just a whole bunch of zeros and ones you can have for free,0
Great find   http://amanita-design.net/samorost-1/,-1
64 degrees would be a dream. it`s 75 in Boise still.,0
_c    Thank you for the FFs my friends!,1
anyone excited for harry potter like i am. **** twilight postponed my first love   oh well off to find some hai chai,0
Really laughing out loud! Seeing a limo in front of MacDonalds is just to funny!,1
Guess it was too much to hope for me to have a nice relaxing Mothers Day!... Happy Mothers Day mommies,0
_Lay aww well I just randomly woke up and now I can`t sleep! Too many things on my mind,-1
the movie on the plane is Mall Cop- (but i saw it with the nephews already,0
Happy mother`s day to your moms.,1
maybe i`ll go one day and thanks i`m all swined out,1
i bought a Italian horseshoe charm. Dragon! it seems to be very strong,1
Perfect. Thank you. Enjoy your sunday of no work,1
serio barroca?? parabens!!!!!!! May the 4th be with you!,1
Anyone to recommend me JP artists with music similar to Soichi Negishi`s Amai Koibito?,0
I have one less follower  That makes me sad and I feel like my life is dull and uninteresting.,-1
Just saw my boo he went back to work now time to do my hair but it`s going to rain WTF,-1
Ate too much vegetarian pizza for dinner! But it was so good,-1
Sad that the Statue of Liberty will completely reopen 2 weeks after our NYC trip.,-1
I can`t take it,-1
Next to my birthday- Mother`s Day is my favorite day of the year.  The one day I don`t feel guilty for slacking just a little.   Aaaahh...,1
Ohhhh I don`t know ;) an older mature lady?,0
especially if you`re with a vampire,0
--please do SNL every week!! i couldn`t quit laughing!! u+snl=best nite ever,1
_argie Yes I am,0
I was too sleepy earlier and i didnt get to see matt,0
he`ll be out of school in 18mos! He just started again,0
Has finally mastered the art to uploading a photo on said Twitter. You can no longer assume I`m a heffer,0
Im a bad blogger!! I have not blogged in weeks~ oops!,-1
hey Padster...it`s a dirt track.  thx for the info! I got 3 miles in,1
I hate being young,-1
Welcome to everyone  Playerstation.it is now live on Twitter. www.playerstation.it,1
@ Barbs trying to figure out y the dsl aint connecting. I need my google. Going home to my computer if it don`t start working soon. SMH,0
LOVE  LOVE him.  http://bit.ly/chLaV   @ that tease of Your Baby @ the end... boooooo. still luv tho.,1
500! updates! wooow!! haha!!,1
Can`t  No money to spend.,0
Mexico City traffic  Beating the rush hour to make it to the Aeropuerto,0
she`s just finished!  The Pretenders now. x,0
She must have a very adwancrd sense of humor!  That`s funny,1
I have an interview on tuesday so things are turning around I think!! yay! so dont worry!  And Japsicans are a rare breed. ;),1
You`re welcome!,1
_dang my phone is still broken.  just come over whenever.,-1
Sitting on the decking reading psychology notes with my ipod and my dog. It`s far too warm,-1
nah i understand you cant cancel i just wanted you to come,1
... Yes.  That`s what I said.,0
Flap-a-taco was nice until the plebs came in.,-1
Just finished watching the series return of the Chasers War on Everything - really quite **** compared to how it used to be,-1
haha. that`s awesome. good job,1
hey  how are you?  x,0
New blog post: [Blog] auto insuran...: I just found that my auto insurance policy had been expired. ( I am too careless  ...) .. Meanw ...,-1
feels like warm things,0
_Fear_Me samee.. it sucks..,-1
8 of my 11 followers are random spammers,-1
cant believe tila tequila was in ct and i didnt know... so upset,-1
On my flight headed 2 denver...see yall in a min,0
SUPER BUENO FTW!!! I am so proud of you guys.,1
haiiii sankQ i`m fineee ima js get a checkup cos my rib hurts LOL idk but i shall be fine ~ thanks,0
ask  to create a fake competetion and declare you the winner and then gift you a return ticket courtesy the producers.,-1
Has finally found her new flat.,0
pythonkings.nl    equals ---->       almost better than the sims....,1
_Man im fully obsessed with their burritos enchilado style. My mom doesnt wanna go with me tho,-1
My son had surgery yesterday so mommy and son time won`t be as long today,-1
Its relaxing time..a movie and some treats,1
The most epic weekend I`ve had in atleast a year. Night cap with _matthes and . 2 hours of sleep in 3 days! Goodnight,1
I may be telling myself that cos he never replies to me,-1
again your fault  i didnt make u leave,-1
NOICE. I realised that after exams I have 2 more weeks  Forgot about the whole 2 weeks of Unit 4 in term 2 thing :/,0
cant get onto twitter on the Internet,0
Least u can get some more! Im broke,-1
_princess69 hehehe! Barry Killer! U need a pic,0
goodnight,1
Happy mother`s day nfty!!!!!!!!!!!!!!!!!!!!!!,1
im back to this z-index problem...again,-1
wants to eat baked tahong. It`s been a while. Really.  http://plurk.com/p/x24ke,0
Going to woodland hills  gna swim and drink. Makin the best of a good day. Yee,1
i feel like **** right now and i have one more month of school left  FML HARD,-1
_Henrie you are amazingg. replyy! it`s a dream come true if you would reply to me,1
i love you. don`t leave me!,1
_NJ Oh! I`m only in my 7   I just joined Twitter a few days ago....,0
_Inovera Hi Jakki! Thanks for the hug - right back at ya,1
_reznor Trent don`t get mad at me but I keep thinking you`re pretending to be engaged for some reason,-1
I miss you!  Come to Michigan like now....I can`t wait till July,-1
Thank you soooo much!!!      Bella,1
We are having a day `at home` today - which is proving to be rather lovely,1
I know what you mean  rain sucks...,-1
Is responding to an email.,0
its not a starfleet one  its not even a romulin one  its like the random one i dont remember ha. and you cant wear it! lame,-1
My lil` old Mac did the same thing...and it was never to charge again.,-1
#3wordsaftersex goodbye innocence!!!,1
I`m sure some1 will **** out and play. I`m workin through til midnight.,0
hmmm they are on offer in Tesco as well but I don`t think the wee one next to me will stock them!,0
Claude Debussy is my homeboy,0
hates this weather,-1
I know!!!! He didn`t ask me,0
Twitter you suck,-1
OH NEVERMIND I THINK THIS THING IS UNSALVAGEABLE,-1
Ahhh Lincoln...i`ll run..see you in 2 hours,0
http://twitpic.com/4m9up - ?s this your house ?? The dog is really sweet,1
scratchy scratchy throat. warm fluids needed,-1
I would if I was home,0
TIGERS! WOO! YOU`RE MY BABY! omfg. cleveland was a blast. sleeping.,1
Hello. New follower lang po. Tweet to meet you.,0
Ugh! I wanna play dnd but i know i`m going to fail this final. I NEED to study,-1
Had the hottest and stressiest day at work  f the area manager. So happy to be going home!,0
heading to bed with tea to finish Breaking Dawn.,0
oo ok. When I opened up twitterfon and it said I had a reply I was like lauren Conrad andswere me  haha,0
Happy Mother`s Day to ya tomorrow,1
there is absolutely nothing to eat in my house... epic fail,-1
had a very interesting day yesterday... wondering if today will be just as crazy. Hope not. Still diggin` Spartacus!.. aka: Mike-E!!!,1
finally a pic! cya in like 16 hrs haha,1
always good to see you - even in cyberspace,1
I tweet sooo much about you. Gahd.  Hahaha!,0
milkshake + hot day = unsettled stomach,1
so had a freakin lond thursday  ready to hit the hay and surprise surprise I can`t freakin sleep :/ Boo!,-1
Dfizzy if you ever read this Uh i got one question for you ^^ Would you ever date a fan?  Lmao!,0
She is beautiful . But don`t feel badly. Some neaby grans see grandkids about the same amt.   Can`t go to them = out of luck,0
I would think the pres would be afraid you`d Pun`k him,-1
It should be illegal for me to date,-1
emily is over tonight XD work experience is over. Jen I`m  going to miss seeing you like everyday,-1
i wanna vote for Miley Cyrus for the mtv movie awards..but i don`t know where i could  somebody could send me a link? thaank you <3,1
Is in bed not able to sleep  bloody bipolar!,-1
At the library  being friggin bored.,-1
Hee. I love them all.,1
yay i found u!! i had a great time tonight!,1
feel so out of the loop. no twitter on my desktop and haven`t listened to  weekly or read engadget in ages,-1
i just got my nails done n i already messed them up  Alejandra <3,-1
whats wrong babe?  x,-1
i work in youth justice,0
im fine. but a bit tired  im glad that its weekend now.,1
aw honey... you just relaxin? That`s probably for the best.,1
Had a gr8 Sunday relaxing enjoying the beautiful weather. Good nite,1
a buff guy.....unfortunatly alot of people dont know Danny`s name either which is sad   Sophie is so sweet,0
I would think you`d want to follow me.,0
Is pretty hammered drunk! Props to me! Two nights in a row!!!,0
but he looks so much better with short hair,1
Goooosh! Someone payed my LastFM subscription  ^^,1
Finishing Homework.  BOOO,0
morning to u,0
None of the people I talk to in my P.E. class are here  I`m going to be so bored all period.,-1
When are  gonna release another album already?!? I miss them,-1
just uploaded my new blog... a painful story about an 80s year old man who cried because he wanted to die... very sad,-1
Drew`s new songs make me cry.  I miss Thomas already!,-1
purrrrs.... ooooh that will do,0
Was going to Grandpa`s place for lunch to celebrate his 88th.  Just found out it`s changed to a Chinese buffet  Bringing Gas-x!,0
The moon is sooooo pretty,1
Trending Topics on Twitter used to useful. Now they`re just like middle schoolers passing around notes cause class is boring.,-1
Geocaching.com seems to have a huge delay delivering Pocket Queries,-1
is on air,0
On my deck... Perfect weather today! Not feeling good tho...,0
Oooh... that`s right by the zoo... think... in 2 months` time that could be our regular other meeting place,0
This is exactly y I hate driving thru dandy - sittin at lights next to a car of asians who r callin out to me & 1 held up a knife  scum!,-1
i need lele to answer meeee! Haha.,1
This was at Pitman`s down South. It just looks like business is bad all over,-1
Can`t give blood within a year of getting a tattoo so I can`t give...Im gutted,-1
Why are money problems so bad these days,-1
eeeeeeeeeeeeee i jealous sia i didnt get to seee,-1
sweet .. Englands becoming lamer and lamer since you guys left,0
Going to miss my roomie ... We will no longer be roomies starting tomorrow,-1
_2008 don`t be sorry  you can race for charity or just for fun. I do this one for fun.,1
Is that why your blog is set to private?,0
Again documentation day,0
_crumbles all the best for art attack. thanks 4d follow,1
The first time all week I can play WoW and I get stuck at 'authenticating'.,-1
Omg guys my internet has been down the whole day  It`s still not working  I`ll try fix 2m,-1
Should I say goodnight or good morning?,0
oh no. opera 10 is not google friendly  *weeps*,-1
Just recollecting my jog this a.m. - almost perfect except unkown type hanging out by my vehicle.  Too much mental noise- only 6 mile jog,0
notthebest weekend....but oh well....I have a right to be sad,-1
OMG IM IN SUCH A BAD MOOD 2DAY   wats ppl doin2nite?,-1
home alone on a friday night  doesnt get sadder than that folks,-1
thnx babe  just call me when u finish it....,1
just left work. inventory was way easy  and I got to put in my highschool musical 3 cd! it was amazing. goodnight goodnight everyone :],1
Came tantalizingly close to acing a Facebook communism quiz. One question has 'I hope Britain will be next communist' as correct answer.,1
just watched it on youtube and its hilarious. i laughed trough it.. seriously guys so funny.. greetings from Germany...,1
i basically want the world to kno that i have the BEST best friend    love her <3,1
Thing always end up going bad,-1
indeed,0
oops I meant 19th  snowdaysss..,-1
Hey guys! can i ask; what item did u guys put up for ur talent show? i am such a BIG fans of both of you! whoo!,1
_phillips She says yes  shall we say 6:30?,0
oh no  this week is just a bad one for everyone. i love you & your pretty face & youre going to do fantastic in concert tonight,0
omgeee that hurt like helll. finally got it back in. can`t close it put the ball back in,-1
_and_jay hi!  **** your job!,-1
wow I just had a two hour conversation with someone on omegle. it was amazing,1
Having real bad headache..,-1
poor pooch...,-1
i talk to you,0
you know what`s today? no? it`s the Star Wars day you ****!,0
lmao I`m glad you guys liked it,1
just bad good leader and delegate it,0
I`d just plain go crazy,-1
no it doesn`t...sheesh,0
Just want to wish everyond a Happy Mother`s Day. Hope it`s a great one!,1
Aww Holly Steel ... Dont cry,-1
I am so glad it`s Friday. I just got off work and I`m so tired.,0
ugh... dunno why im just not in the best of moods... how do i know if i have allergies? meh...,-1
and I luh you tooooo,1
it will be 45+ in June/July,0
everyone vote for  for the mtv movie awards coz my comp is mashed up and wont let me vote!  i will somehow!!!!!!,-1
I`m such a chicken,0
it makes me want to cry when 2 grown men discuss characters on All My Children.,-1
Omg Wango Tango was **** AWSOME! I love my baby for taking me,1
i`m lonely.  i need some hug.,-1
Unanticipated thunderstorm quashed camping trip,-1
aarrgghh - fu*k.....a hose has leaked water all over the new floating floor,-1
sounds good!! Can`t wait,1
Am i the only one experiencing problems logging into digital point forums ???,-1
please do  I`ll settle for cheap cider for meeting deadline. Have you seen our new blog at www.havealovelytime.com?,-1
some advice for all of you: dont pressure wash your foot. it hurts and is not worth it. you really do want the skin on your foot. FYI. ow,0
tis a sad day,-1
Gotta get creative with these mothers day gifts. I`m gonna win them over with my love!!,1
sore throat. Planning the TET outing to Marwell though...good times,0
just got home.,0
So my first aid shift started out with some excitement but now it`s kinda died down...  I wish I could do this more often!,0
Two fantastic shows in a row,1
i wish you were in my class last year,1
says I LOVE YOU MOM  http://plurk.com/p/svm0w,1
Really all that? I`ll look for it and will report back,0
just found out i wont know my uni results for this year until 17th july at the earliest!!!! hate the wait,-1
why do you say that i`m a ****? i find that hurtful!,-1
My windows open and its not that cold ahahah,1
I was going to send you the photo by DM but can`t as you not following me...,0
I cant follow any1  on FollowFriday LOL u guys follow,0
Please wish your wife Evelyn a Happy Mother`s Day for me and tell her I hope that she has a wonderful day. Spoil her today.,1
lost some $ at work....nt happy right now    --SLOANSTER--,-1
nothing beats nurofen plus!,0
whoa!! hahaha! wee going there in a bit! just watching Hugh Jackman`s interview at Oprah.,1
feels strong contractions but wants to go out.  http://plurk.com/p/wxidk,0
doin homework ugh,-1
off to liverpool now!,0
hahaha oh man please come to pomona i would love to see you everyday instead of like once a year if that,1
such a nice day and i`m gonna be stuck inside all night,1
good luck with the pump!,1
I googled 'engagement rings' & this is the EXACT ring i want.it was the 1st result too  *sigh* love it.http://twurl.nl/jaq5j4,1
- i can do 'Nana' or 'Nana Rocks' for you in rhinestones & do printed onesies for them 'my nana loves me',0
Good luck tonight on the big finale show!,1
Is working allll weeekend,0
i think i hate you.  i didnt really want to but you make it hard for me to like you what with the cake and concert on the  ...,-1
Having fun with all my dolls  tequillla...carne asada....and my mom dancing funny!,1
On her way home from prom  so fun!,1
Obama is the ish!!!!  he is funny!,1
leaving now  off to get my angry teethed pulled....,-1
SICK! I`m totally getting GH5!! Too bad you guys didn`t get to play in Boston,-1
being upset,0
And it`s starting to get cold,0
I still have another hour.,0
went to wingstop without me,0
Thats charmingly funny,1
Chatting w/ Calyx.,0
Ok so I`m **** hungry....!  I`m fat I know..I know..! Aha,-1
on your ani?  sorry,-1
Burp the Frog  http://is.gd/rae9,0
yeah unfortuantley  Sam hanks **** bowl that he like rolled along the floor got me out  grr,-1
That`s the Birthday Boy`s iPod Touch and DSi set-up and sorted. Just to think I would have been happy with a ball + boots at that age!,1
opps try that again the keyboard is all back to front  Mac to PC and back madness really Chef,0
F1 & Star Trek...what a great Sunday,1
In Toronto  waiting for YOU!!! 48 days to go!,1
Playing hooky from work again so we can go see UP. I hope we get along.,1
_ that is the truth.,1
tired as hell!!!! bed time from cara  nighty night twitter world..,-1
i for one welcome our new cyber-criminal-overlords.,1
lost luggage? Sorry to hear.  you should check out our selection of travel luggage here: http://budurl.com/9mua,-1
Signup for Dojo workshop in Munich (http://tinyurl.com/ct83ub ) ends today. Hurry up,0
I need to get it together before Ricky gets home. He is not going to be pleased about me breaking up this **** bathroom,-1
training again today.,0
Nofair! My BK only had Uhura and Nero left.,-1
And I fell asleep 10 minutes into the Saget roast.,0
Good Morning  Hows u ?,1
am little bit upset   ppl is jerk-,-1
_B You didn`t see everyone going on about it on Facebook about 3 months ago?,0
I made it six days in a row w/out an accident in the house and then pops took me to a strange place and didn`t give me time after b-fast,-1
Enjoyed last night at what I call 'real world social networking' -  LOK event in Vancouver.  It was great!.  But headeache today,0
aww...  try to rest na lang muna... ^^,0
Good morning  It`s raining here.,1
I love these clutches! I`m lusting after one in bright yellow,1
awwwwwwwwww  thats jus...awwwww.did she get to start again like?,0
I have had to yield my computer to the Webkinz Fan Club...,0
Avoided cinder blocks! Safe in NY area.. But Dantas and porky upset beavs gone,0
feeling sick and wondering if I should get out of bed to go throw up or just go to sleep...,-1
yooo myyyyye bust how I`m sick tooo... Just shoot me.  Long night tonight.,-1
I miss vlogcandy,-1
mee too it`s looks amazeeeeeee,1
Dangling belly rings are a bad investment...the cutest ones ALWAYS pop,0
it`s Friday here in Chicago...and I`m stuck @ home AGH I`M BORED!!! grr!,-1
Frustrated with copying 13Gigs across USB 1.1.Stupid old servers,-1
Awe - didn`t know cats got skin cancer,-1
yeah! but too late  lol,-1
I know how you feel Darian is in LA with Bam and I am missing him terribly. And I won`t see him until Sunday.,-1
Shelf from Ikea fell off the wall. damage done...about $78.95 worth. Or at least thats my estimate.,-1
blues for me please,0
Lookin` at spreadsheets so long my eyes are crossing...,-1
OK  Just a thought that occured to me...,0
i hate getting put on steroids. my face,-1
mum is driving me and the Eric out to jt for the night.,0
It`s Friday and I don`t have a job for the weekend,0
Jammin To Capital In My Garden  ****,0
thank you Jonas,1
so nice to meet you too!  is the best for bringing me along,1
is going to a wedding in the afternoon,0
Ahhh i`m sqeaky clean and fresh. Even though i`m wearing dirty clothes  I love Two and a Half Men - it`s amazing!,1
: We can`t wait to see you!   This week can not go fast enough!,1
To all mothers in the world : happy mothers day,1
Dann and I are in Vegas. We misconnected and our next flight is at 4:45 to Midway. Tonight I will be in a hotel w/o undies,0
missing mrs mcfox,-1
_mazur Hahaha...and I who actually thought you just were popular!,0
Maddie starts working? WATCH OUT WORLD!,-1
whaaat. I still have next week,0
i no its so warm isnt it!! :O My arms are sore  Bad times. My face is a little red too :S,-1
man i wont be home to co host with you!  xo*blair,-1
Cool...a VERY productive day! I just got a spot as an extra in a feature film that is filming tomorrow  AWESOME week all around!,1
no sign yet,0
Goodnight everyone  Happy Mothers Day to all of the mothers out there,1
So sorry to hear about your mum.,-1
thanks steph...must keep me updated when it`s ur turn,1
watching the movie 1984 for my book report  im lazy to read,0
Have a nice Sunday  ****,1
still in love with marky mark,1
Some idiot just crashed into me on his bike.  Now my bike has a small dent in it and I have to buy a new set of pedals,-1
Wondering if twitter will be fixed for my phone any time soon...,0
love the song and liked the movie,1
just starting my day...a long Friday,-1
im gettin off nd watch a movie nd have a couple of drinks nd shots   ill try 2 get get back on if i can,0
Morning tweeple! I`m a bit sneezy today,-1
_Dew tokens haven`t been working for me all day....,-1
Rawr and whatnot. I am having a godawful drawing night tonight... even less progress has been made than I expected.,-1
oh my... now im offended.  ha,-1
GRANADA BOWL WITH THE CREW! Birthday bowling for Fisch and me  http://twitpic.com/4wn29,0
Cloudy day in Berlin. Just about right to sit in front of a computer all day,0
you could say that. I left it in VT and have been Blackberryless since Tuesday Night. I`m lost,-1
feeling rather peckish...no dinner for at least 2 hours  wah,0
Y is it when I luv someone I fear them? i just wish someone can exsplain it 2 me,0
They just admitted my grandma to the hospital... Shes my only last one  please pray for her,-1
i hate that feeling you get when you listen to a song and it completely reminds you of how things used to be & you get emotional,-1
nice night  bed time; work from 4:30-8:45 tomorrow,1
Mouth hurts,-1
Be beautiful        http://www.theskinsociety.com,1
just got back from Mcfly concert ahh it was so amazing! and I am now in love with David Archuleta,1
Consider yourself lucky.  It hasn`t rained here in ages.   It`s depressing.,-1
no turkey leg? i can`t believe it!,-1
bored fixed the internet for my dad but now im bored to death,-1
nice luke quote  goodluck on the test u have been dreading.,1
haha kk tell me when u remember,0
About to clock into work,0
[ I`m not sure what you mean by 'blowin this joint'?? '] rb lol lol good one......  ? http://blip.fm/~5z2zo,1
_Molotov Go much bamboo? Would you like to attempt to structure a sentence that makes sense? Why did i fail english and others pass?,-1
aw how to lose a guy in ten days  <3,0
Happy Star Wars day!!  unbelievable,1
I somehow miss you.,-1
I hate TweetDeck when it reaches access limits,-1
Church is in 8 hours! I better hurry up so I can get some sleep!,0
I just love when all my little brothers friends come over,1
